X,Y,OBJECTID,advisorySpeed,areaUnitID,bicycle,bridge,bus,carStationWagon,cliffBank,crashDirectionDescription,crashFinancialYear,crashLocation1,crashLocation2,crashRoadSideRoad,crashSeverity,crashSHDescription,crashYear,debris,directionRoleDescription,ditch,fatalCount,fence,flatHill,guardRail,holiday,houseOrBuilding,intersection,kerb,light,meshblockId,minorInjuryCount,moped,motorcycle,NumberOfLanes,objectThrownOrDropped,otherObject,otherVehicleType,overBank,parkedVehicle,pedestrian,phoneBoxEtc,postOrPole,region,roadCharacter,roadLane,roadSurface,roadworks,schoolBus,seriousInjuryCount,slipOrFlood,speedLimit,strayAnimal,streetLight,suv,taxi,temporarySpeedLimit,tlaId,tlaName,trafficControl,trafficIsland,trafficSign,train,tree,truck,unknownVehicleType,urban,vanOrUtility,vehicle,waterRiver,weatherA,weatherB
1776515,5887014,139,,521132,0,,0,3,,South,2007/2008,ARARIMU ROAD,PRATTS ROAD N,,Non-Injury Crash,No,2007,,South,,0,,Hill Road,,,,,,Overcast,814402,0,0,0,2,,,0,,,,,,Auckland Region,Nil,2-way,Sealed,,0,0,,100,,None,0,0,,76,Auckland,Nil,,,,,0,0,Open,0,,,Fine,Null
1935880,5618704,140,,546700,0,0,0,1,0,South,2010/2011,WORDSWORTH CRESCENT,GEDDIS AVENUE,,Non-Injury Crash,No,2011,0,East,0,0,0,Flat,0,,0,,0,Bright sun,1447200,0,0,0,1,0,0,0,0,1,,0,0,Hawke's Bay Region,Nil,2-way,Sealed,0,0,0,0,50,0,Null,0,0,,31,Napier City,Nil,0,0,0,0,0,0,Urban,1,0,0,Fine,Null
2046707,5709545,141,,544001,0,0,0,0,0,East,2005/2006,MAKORORI BEACH ROAD,SH 35,,Non-Injury Crash,No,2006,0,West,0,0,0,Flat,0,,0,,0,Dark,1359400,0,0,0,2,0,0,0,0,0,,0,0,Gisborne Region,Nil,2-way,Sealed,0,0,0,0,50,0,None,0,0,,28,Gisborne District,Nil,0,0,0,0,0,0,Urban,1,0,0,Fine,Null
1877104,5821253,142,,538102,0,,0,1,,South,2010/2011,COURTNEY ROAD,TWENTYSECOND AVENUE,,Minor Crash,No,2011,,North,,0,,Hill Road,,,,,,Bright sun,1170002,1,0,0,2,,,0,,,1,,,Bay of Plenty Region,Nil,2-way,Sealed,,0,0,,50,,Null,0,0,,23,Tauranga City,Unknown,,,,,0,0,Urban,0,,,Fine,Null
1753554,5918303,143,,515003,0,,0,2,,Null,2014/2015,SH 16,ST LUKES ON WBD,,Non-Injury Crash,Yes,2015,,West,,0,,Flat,,,,,,Overcast,390502,0,0,0,3,,,0,,,,,,Auckland Region,Motorway ramp,1-way,Sealed,,0,0,,80,,Null,0,0,,76,Auckland,Nil,,,,,0,0,Open,0,,,Fine,Null
1792246,5499816,144,,564220,0,,0,1,,Null,2017/2018,MCKENZIE ST,KEEPA ST,,Non-Injury Crash,No,2017,,South,,0,,Flat,,,,,,Bright sun,1873900,0,0,0,2,,,0,,,,,,Manawatu-Wanganui Region,Nil,2-way,Sealed,,0,0,,50,,Null,1,0,,42,Horowhenua District,Stop,,,,,0,0,Urban,0,,,Fine,Null
1793356.649,5500640.454,145,,564220,0,0,0,0,0,South,2020/2021,OXFORD STREET,QUEEN STREET WEST,,Minor Crash,Yes,2020,0,North,0,0,0,Flat,0,,0,,0,Bright sun,1869700,1,0,0,2,0,0,0,0,0,,0,0,Manawatu-Wanganui Region,Nil,2-way,Sealed,0,0,0,0,50,0,Off,1,0,,42,Horowhenua District,Nil,1,0,0,0,0,0,Urban,0,0,0,Fine,Null
1763813,5913698,146,,520303,0,,0,2,,Null,2003/2004,PENROSE ROAD,MOUNT WELLINGTON HIGHWAY,,Non-Injury Crash,No,2003,,North,,0,,Flat,,,,,,Bright sun,627300,0,0,0,4,,,0,,,,,,Auckland Region,Nil,2-way,Sealed,,0,0,,50,,Off,0,0,,76,Auckland,Give way,,,,,0,0,Urban,0,,,Fine,Null
1757077,5916282,147,40,518202,0,0,0,1,0,East,1999/2000,WINDMILL ROAD,MOUNT EDEN ROAD,,Non-Injury Crash,No,2000,0,East,0,0,1,Hill Road,0,,0,,0,Overcast,551300,0,0,0,1,0,0,0,0,0,,0,0,Auckland Region,Nil,2-way,Sealed,0,0,0,0,50,0,Off,0,0,,76,Auckland,Nil,0,0,0,0,0,0,Urban,0,0,0,Light rain,Null
1765916,5906898,148,,522301,0,0,0,2,0,West,2003/2004,HOTEO AVENUE,WINTERE ROAD,,Non-Injury Crash,No,2004,0,East,0,0,0,Flat,0,,0,,0,Dark,667601,0,0,0,2,0,0,0,0,1,,0,0,Auckland Region,Nil,2-way,Sealed,0,0,0,0,50,0,On,0,0,,76,Auckland,Nil,0,0,0,0,0,0,Urban,0,0,0,Fine,Null
1421592,4919877,149,,604901,0,0,0,0,0,East,2008/2009,CAPE SAUNDERS ROAD,PAPANUI INLET ROAD,,Non-Injury Crash,No,2009,0,West,0,0,0,Flat,0,,0,,0,Bright sun,2945100,0,0,0,1,0,0,0,1,0,,0,0,Otago Region,Nil,2-way,Unsealed,0,0,0,0,100,0,Null,0,0,,71,Dunedin City,Unknown,0,0,0,0,0,0,Open,1,0,1,Fine,Null
1406328,4917452,150,,603100,0,,0,2,,North,2001/2002,FILLEUL ST,HANOVER ST,,Minor Crash,No,2001,,South,,0,,Hill Road,,,,,,Bright sun,2902400,1,0,0,2,,,0,,,,,,Otago Region,Nil,2-way,Sealed,,0,0,,50,,Null,0,0,,71,Dunedin City,Unknown,,,,,0,0,Urban,0,,,Fine,Frost
1677433,5404268,151,,581210,0,0,0,0,0,East,2003/2004,SH 6,ROSE ST,,Non-Injury Crash,Yes,2004,0,East,0,0,0,Flat,0,,0,,0,Overcast,2296400,0,0,0,2,0,0,0,0,1,,0,0,Marlborough Region,Nil,2-way,Sealed,0,0,0,0,50,0,Null,0,0,,53,Marlborough District,Nil,0,0,0,0,1,0,Urban,1,0,0,Light rain,Null
1827222,5883220,152,,533603,0,,0,1,,Null,2016/2017,SH 25,WAIPAPA PLACE,,Serious Crash,Yes,2017,,North,,0,,Flat,,,,,,Dark,1057501,1,0,0,2,,,0,,,,,,Waikato Region,Nil,2-way,Sealed,,0,1,,80,,On,0,0,,11,Thames-Coromandel District,Stop,,,,,0,0,Open,1,,,Light rain,Null
1739586,5928652,153,,505602,0,,0,1,,Null,2012/2013,SH 16,RIVERHEAD ROAD,,Non-Injury Crash,Yes,2012,,South,,0,,Flat,,,,,,Dark,214104,0,0,0,2,,,0,,,,,,Auckland Region,Nil,2-way,Sealed,,0,0,,60,,On,0,0,,76,Auckland,Nil,,,,,0,0,Urban,0,,,Mist or Fog,Null
1691245,5675630,154,,551501,0,,0,2,,East,2014/2015,SH 45,LORNA ST,,Non-Injury Crash,Yes,2014,,West,,0,,Hill Road,,Labour Weekend,,,,Bright sun,1581300,0,0,0,2,,,0,,,,,,Taranaki Region,Nil,2-way,Sealed,,0,0,,50,,Null,0,0,,33,New Plymouth District,Unknown,,,,,0,0,Urban,1,,,Fine,Null
1570391,5180791,155,,591500,0,,0,0,,North,2008/2009,DURHAM ST,PETERBOROUGH ST,,Minor Crash,No,2009,,South,,0,,Flat,,,,,,Overcast,2653100,1,0,0,4,,,0,,,1,,,Canterbury Region,Nil,1-way,Sealed,,0,0,,50,,Null,0,0,,60,Christchurch City,Traffic Signals,,,,,0,0,Urban,1,,,Light rain,Null
1718899,6046070,156,,503000,0,,0,1,,Null,2001/2002,SH 1N,SELWYN AVENUE,,Non-Injury Crash,Yes,2002,,North,,0,,Flat,,,,,,Bright sun,98100,0,0,0,2,,,0,,,,,,Northland Region,Nil,2-way,Sealed,,0,0,,50,,Off,0,0,,2,Whangarei District,Traffic Signals,,,,,0,0,Urban,1,,,Fine,Null
1756537,5912553,157,,518702,0,,0,2,,Null,2007/2008,HILLSBOROUGH ROAD,CARLTON ST,,Non-Injury Crash,No,2008,,East,,0,,Flat,,,,,,Bright sun,570600,0,0,0,2,,,0,,,,,,Auckland Region,Nil,2-way,Sealed,,0,0,,50,,Off,0,0,,76,Auckland,Nil,,,,,0,0,Urban,0,,,Fine,Null
1726423.98,5598058.507,158,,554700,0,,1,1,,South,2020/2021,EGMONT STREET,RUTLAND ST,,Non-Injury Crash,No,2020,,South,,0,,Flat,,,,,,Overcast,1662200,0,0,0,2,,,0,,,,,,Taranaki Region,Nil,2-way,Sealed,,0,0,,50,,Off,0,0,,35,South Taranaki District,Nil,,,,,0,0,Urban,0,,,Fine,Null
1624413,5430518,159,,582900,1,,0,1,,Null,2005/2006,TASMAN ST,NILE ST,,Minor Crash,No,2006,,West,,0,,Flat,,,,,,Bright sun,2323300,1,0,0,2,,,0,,,,,,Nelson Region,Nil,2-way,Sealed,,0,0,,50,,Null,0,0,,52,Nelson City,Give way,,,,,0,0,Urban,0,,,Fine,Null
1759044,5449868,160,,565601,0,0,0,1,0,West,2002/2003,GRAYS ROAD,MOTUKARAKA POINT N,,Non-Injury Crash,No,2002,0,East,1,0,0,Flat,0,,0,,0,Bright sun,2072000,0,0,0,2,0,0,0,0,0,,0,0,Wellington Region,Nil,2-way,Sealed,0,0,0,0,100,0,Null,0,0,,44,Porirua City,Nil,0,0,0,0,0,0,Open,0,0,0,Fine,Null
1764143.513,5910257.532,161,,521901,0,,0,2,,Null,2018/2019,ATKINSON AVE,ALBION RD,,Non-Injury Crash,No,2018,,North,,0,,Null,,,,,,Unknown,782200,0,0,0,2,,,0,,,,,,Auckland Region,Nil,2-way,Null,,0,0,,50,,Null,0,0,,76,Auckland,Stop,,,,,0,0,Urban,0,,,Null,Null
1750843,5431430,162,,574302,0,,0,1,,Null,2006/2007,HUTT ROAD,ONSLOW ROAD,,Non-Injury Crash,No,2007,,West,,0,,Flat,,,,,,Overcast,2090604,0,0,0,5,,,0,,,,,,Wellington Region,Nil,2-way,Sealed,,0,0,,70,,Null,0,0,,47,Wellington City,Traffic Signals,,,,,1,0,Urban,0,,,Fine,Null
1753316,5439020,163,,572500,0,,0,2,,Null,2000/2001,MAIN ROAD,WILLOWBANK ROAD,,Non-Injury Crash,No,2000,,West,,0,,Flat,,,,,,Bright sun,2053701,0,0,0,2,,,0,,,,,,Wellington Region,Nil,2-way,Sealed,,0,0,,50,,Null,0,0,,47,Wellington City,Stop,,,,,0,0,Urban,0,,,Fine,Null
1752538,5915876,164,,517903,0,,0,2,,Null,2011/2012,RICHARDSON ROAD,ALLENDALE ROAD,,Non-Injury Crash,No,2012,,South,,0,,Flat,,,,,,Bright sun,520500,0,0,0,2,,,0,,,,,,Auckland Region,Nil,2-way,Sealed,,0,0,,50,,Null,0,0,,76,Auckland,Give way,,,,,0,0,Urban,0,,,Fine,Null
1395035,4918496,165,,606100,0,,0,1,,East,2004/2005,DUKES ROAD NORTH,CARNCROSS ST,,Non-Injury Crash,No,2005,,West,,0,,Flat,,,,,,Bright sun,2963900,0,0,0,2,,,0,,,,,,Otago Region,Nil,2-way,Sealed,,0,0,,80,,Null,0,0,,71,Dunedin City,Nil,,,,,1,0,Open,0,,,Fine,Null
1740237,5929492,166,,505604,0,0,0,1,0,West,2000/2001,RIVERHEAD ROAD,OLD NORTH ROAD W,,Fatal Crash,No,2001,0,East,1,1,1,Flat,0,,0,,0,Dark,214000,0,0,0,2,0,0,0,0,0,,0,0,Auckland Region,Nil,2-way,Sealed,0,0,3,0,100,0,None,0,0,,76,Auckland,Nil,0,0,0,1,0,0,Open,0,0,0,Fine,Null
1752657,5914055,167,,514500,0,,0,2,,South,2001/2002,NEW WINDSOR ROAD,MAIORO ST,,Non-Injury Crash,No,2002,,North,,0,,Hill Road,,,,,,Overcast,375100,0,0,0,3,,,0,,,,,,Auckland Region,Nil,2-way,Sealed,,0,0,,50,,Off,0,0,,76,Auckland,Traffic Signals,,,,,0,0,Urban,0,,,Light rain,Null
1599567.982,5447482.73,168,,584301,0,,0,2,,Null,2019/2020,QUEEN VICTORIA STREET,COLLEGE STREET,,Minor Crash,No,2020,,North,,0,,Flat,,,,,,Bright sun,2379800,1,0,0,2,,,0,,,,,,Tasman Region,Nil,2-way,Sealed,,0,0,,50,,Off,0,0,,51,Tasman District,Stop,,,,,0,0,Urban,0,,,Fine,Null
1801926,5814842,169,,530200,0,,0,1,,East,2011/2012,CLYDE ST,GREY ST,,Non-Injury Crash,No,2011,,West,,0,,Flat,,,,,,Overcast,893100,0,0,0,3,,,0,,,,,,Waikato Region,Nil,2-way,Sealed,,0,0,,50,,Null,1,0,,16,Hamilton City,Unknown,,,,,0,0,Urban,0,,,Fine,Null
1406453,4914634,170,,604410,0,,0,2,,Null,2009/2010,ANDERSONS BAY ROAD,MACANDREW ROAD,,Non-Injury Crash,No,2010,,North,,0,,Flat,,,,,,Bright sun,2931400,0,0,0,4,,,0,,,,,,Otago Region,Nil,1-way,Sealed,,0,0,,50,,Null,0,0,,71,Dunedin City,Traffic Signals,,,,,0,0,Urban,0,,,Fine,Null
1805705,5785474,171,,527937,0,,0,2,,Null,2006/2007,SH 3,ALLEN ROAD,,Minor Crash,Yes,2006,,South,,0,,Flat,,,,,,Overcast,989500,3,0,0,2,,,0,,,,,,Waikato Region,Nil,2-way,Sealed,,0,0,,100,,None,0,0,,17,Waipa District,Nil,,,,,0,0,Open,0,,,Light rain,Null
1880572.313,5818941.118,172,,538302,0,0,0,2,0,South,2018/2019,MEANDER DRIVE,PORTLAND ST,,Non-Injury Crash,No,2019,0,West,0,0,1,Hill Road,0,,0,,0,Dark,1180012,0,0,0,2,0,0,0,0,1,,0,0,Bay of Plenty Region,Nil,2-way,Sealed,0,0,0,0,50,0,On,0,0,,23,Tauranga City,Unknown,0,0,0,0,0,0,Urban,0,0,0,Light rain,Null
1570148,5180639,173,,591600,0,,0,1,,Null,2011/2012,KILMORE ST,MONTREAL ST,,Non-Injury Crash,No,2012,,West,,0,,Flat,,,,,,Overcast,2677300,0,0,0,2,,,0,,,,,,Canterbury Region,Nil,1-way,Sealed,,0,0,,50,,Null,1,0,,60,Christchurch City,Traffic Signals,,,,,0,0,Urban,0,,,Fine,Null
1787978,5519896,174,,561300,0,,0,1,,North,2000/2001,Z BCH BEACH FOXTON,MARINE/OCEAN BEACH,,Serious Crash,No,2000,,South,,0,,Flat,,,,,,Dark,1782501,2,0,0,0,,,0,,,,,,Manawatu-Wanganui Region,Nil,Off road,Unsealed,,0,1,,100,,None,0,0,,42,Horowhenua District,Nil,,,,,0,0,Open,0,,,Snow,Null
1726088,5685523,175,,550700,0,0,0,1,0,South,2012/2013,SH 3 MOKAU ROAD,WHAREKAURI ROAD,,Serious Crash,Yes,2012,0,South,0,0,1,Flat,0,,0,,0,Overcast,1551600,0,0,0,2,0,0,0,0,0,,0,1,Taranaki Region,Nil,2-way,Sealed,0,0,1,0,100,0,Null,0,0,,33,New Plymouth District,Nil,0,0,0,0,0,0,Open,0,0,0,Fine,Null
1565700,5180055,176,,590200,0,,0,2,,East,2013/2014,RICCARTON ROAD,WAIMAIRI ROAD,,Minor Crash,No,2013,,West,,0,,Flat,,,,,,Dark,2540500,1,0,0,2,,,0,,,,,,Canterbury Region,Nil,2-way,Sealed,,0,0,,50,,On,0,0,,60,Christchurch City,Nil,,,,,0,0,Urban,0,,,Fine,Null
1758801.698,5912411.602,177,,519820,0,,0,2,,Null,2019/2020,SELWYN STREET,ARTHUR STREET,,Minor Crash,No,2019,,North,,0,,Hill Road,,,,,,Overcast,600800,2,0,0,2,,,0,,,,,,Auckland Region,Nil,2-way,Sealed,,0,0,,50,,Off,1,0,40,76,Auckland,Stop,,,,,0,0,Urban,0,,,Light rain,Null
1762271,5907061,178,,524520,0,0,0,2,0,Null,2001/2002,MASSEY ROAD,BUCKLAND ROAD,,Minor Crash,No,2001,0,East,0,0,1,Flat,0,,0,,0,Dark,735200,1,0,0,2,0,0,0,0,0,,0,0,Auckland Region,Nil,2-way,Sealed,0,0,0,0,50,0,On,0,0,,76,Auckland,Traffic Signals,0,0,0,0,0,0,Urban,0,0,0,Light rain,Null
1394152,4916302,179,,606210,0,0,0,2,0,West,2005/2006,LANARK ST,SH 87,,Non-Injury Crash,No,2005,0,West,0,0,0,Flat,0,,0,,0,Bright sun,2967700,0,0,0,2,0,0,0,0,1,,0,0,Otago Region,Nil,2-way,Sealed,0,0,0,0,50,0,Null,0,0,,71,Dunedin City,Unknown,0,0,0,0,0,0,Urban,0,0,0,Fine,Null
1571884,5192460,180,,590604,0,0,0,1,0,South,1999/2000,MAIN NORTH ROAD,KAINGA ROAD,,Serious Crash,No,2000,0,North,0,0,1,Flat,0,,0,,0,Dark,2502800,0,0,0,2,0,0,0,0,0,,0,1,Canterbury Region,Nil,2-way,Sealed,0,0,1,0,80,0,On,0,0,,60,Christchurch City,Unknown,0,0,0,0,0,0,Open,0,0,0,Fine,Null
1755706,5881165,181,,521152,0,0,0,1,0,North,2012/2013,GLENBROOK-WAIUKU ROAD,BROOKSIDE ROAD,,Minor Crash,No,2013,0,South,0,0,0,Flat,0,,0,,0,Bright sun,834200,1,0,0,2,0,0,0,0,0,,0,1,Auckland Region,Nil,2-way,Sealed,0,0,0,0,80,0,Off,0,0,30,76,Auckland,Nil,0,0,0,0,0,0,Open,0,0,0,Fine,Null
1452099,5300370,182,,585110,0,0,0,1,0,Null,2009/2010,DOMETT ESPLANADE,BRIGHT ST,,Non-Injury Crash,No,2010,0,West,0,0,0,Flat,0,,0,,0,Dark,2404900,0,0,0,2,0,0,0,0,1,,0,0,West Coast Region,Nil,2-way,Sealed,0,0,0,0,50,0,On,0,0,,56,Grey District,Give way,0,0,0,0,0,0,Urban,0,0,0,Mist or Fog,Null
1877857,5821300,183,,538102,0,,0,0,,North,2010/2011,FRASER ST,ESTUARY WAY,,Minor Crash,No,2010,,South,,0,,Flat,,,,,,Dark,1170002,1,0,1,5,,,0,,,,,,Bay of Plenty Region,Nil,2-way,Sealed,,0,0,,50,,On,0,0,,23,Tauranga City,Unknown,,,,,0,0,Urban,0,,,Fine,Null
1406736,4918230,184,,603601,0,,0,1,,Null,2013/2014,PARK ST,GEORGE ST,,Minor Crash,No,2013,,East,,0,,Flat,,,,,,Overcast,2866400,1,0,0,2,,,0,,,1,,,Otago Region,Nil,2-way,Sealed,,0,0,,50,,Null,0,0,,71,Dunedin City,Give way,,,,,0,0,Urban,0,,,Fine,Null
1766580,5441955,185,,568101,0,,0,2,,North,2002/2003,EASTERN HUTT ROAD,STOKES VALLEY ROAD,,Non-Injury Crash,No,2002,,South,,0,,Flat,,,,,,Overcast,1929400,0,0,0,2,,,0,,,,,,Wellington Region,Nil,2-way,Sealed,,0,0,,80,,Null,0,0,,46,Lower Hutt City,Nil,,,,,0,0,Open,0,,,Light rain,Null
1745733,5917225,186,,510800,0,,0,1,,Null,2011/2012,GREAT NORTH ROAD,EDMONTON ROAD,,Non-Injury Crash,No,2011,,East,,0,,Hill Road,,,,,,Bright sun,243300,0,0,1,4,,,0,,,,,,Auckland Region,Nil,2-way,Sealed,,0,0,,50,,Null,0,0,,76,Auckland,Traffic Signals,,,,,0,0,Urban,0,,,Fine,Null
1869797,5780467,187,,538861,0,0,0,1,1,North,2017/2018,MARAEROA ROAD,CECIL ROAD,,Minor Crash,No,2017,0,South,0,0,0,Flat,0,,0,,0,Dark,1265400,1,0,0,2,0,0,0,0,0,,0,1,Waikato Region,Nil,2-way,Sealed,0,0,0,0,100,0,None,0,0,,24,Rotorua District,Unknown,0,0,0,0,0,0,Open,0,0,0,Fine,Null
1296721.694,5124254.598,188,,585325,0,0,0,0,0,East,2018/2019,006-0767,Null,,Non-Injury Crash,Yes,2019,0,West,0,0,0,Flat,0,,0,,0,Bright sun,2416603,0,0,0,2,0,0,0,0,0,,0,0,West Coast Region,Nil,2-way,Sealed,0,0,0,0,100,0,None,0,0,,57,Westland District,Unknown,0,0,0,1,0,1,Open,0,0,0,Fine,Null
1309464,5027665,189,,608302,0,,0,2,,South,1999/2000,SH 6,POISON CRK,,Serious Crash,Yes,2000,,North,,0,,Hill Road,,,,,,Bright sun,3031002,0,0,0,2,,,0,,,,,,Otago Region,Nil,2-way,Sealed,,0,1,,100,,Null,0,0,,69,Central Otago District,Unknown,,,,,0,0,Open,1,,,Fine,Null
1793241,5500499,190,,564220,0,,0,2,,South,2000/2001,SH 1N,BATH ST,,Non-Injury Crash,Yes,2001,,North,,0,,Flat,,,,,,Bright sun,1869402,0,0,0,2,,,0,,,,,,Manawatu-Wanganui Region,Nil,2-way,Sealed,,0,0,,50,,Null,0,0,,42,Horowhenua District,Nil,,,,,0,0,Urban,0,,,Fine,Null
1815877,5468137,191,,578401,0,0,0,1,0,North,2016/2017,UPPER PLAIN ROAD,BURNETTS ROAD,,Minor Crash,No,2017,0,North,0,0,1,Flat,0,,0,,0,Dark,2252901,1,0,0,2,0,0,0,0,0,,0,0,Wellington Region,Nil,2-way,Sealed,0,0,0,0,100,0,None,0,0,,48,Masterton District,Unknown,0,0,0,0,0,0,Open,0,0,0,Fine,Null
1563992,5179211,192,,587701,0,,0,2,,Null,2001/2002,BLENHEIM ROAD,MAIN SOUTH ROAD,,Non-Injury Crash,No,2001,,East,,0,,Flat,,,,,,Dark,2479800,0,0,0,2,,,0,,,,,,Canterbury Region,Nil,1-way,Sealed,,0,0,,50,,On,0,0,,60,Christchurch City,Give way,,,,,0,0,Urban,0,,,Fine,Null
1691156,6007484,193,,505010,0,,0,2,,Null,2015/2016,DUNN ROAD,WHITCOMBE ROAD,,Minor Crash,No,2016,,North,,0,,Flat,,,,,,Bright sun,126100,1,0,0,2,,,0,,,,,,Northland Region,Nil,2-way,Sealed,,0,0,,100,,Null,0,0,,3,Kaipara District,Stop,,,,,0,0,Open,0,,,Fine,Null
1755471,5444067,194,,570900,0,,0,2,,Null,2013/2014,MUNGAVIN AVENUE,GEAR TERRACE,,Non-Injury Crash,No,2013,,East,,0,,Flat,,,,,,Overcast,2054600,0,0,0,2,,,0,,,,,,Wellington Region,Nil,2-way,Sealed,,0,0,,50,,Null,0,0,,44,Porirua City,Nil,,,,,0,0,Urban,0,,,Fine,Null
1867781,5812098,195,,536630,0,,0,2,,West,2001/2002,SH 29,THORN ROAD,,Non-Injury Crash,Yes,2001,,East,,0,,Hill Road,,Christmas New Year,,,,Overcast,1191500,0,0,0,3,,,0,,,,,,Bay of Plenty Region,Nil,2-way,Sealed,,0,0,,100,,None,0,0,,22,Western Bay of Plenty District,Nil,,,,,0,0,Open,0,,,Heavy rain,Null
1836281,5804378,196,,535242,0,0,0,1,0,North,2017/2018,BUCKLAND ROAD,MATHIESON ROAD,,Non-Injury Crash,No,2018,0,East,0,0,1,Hill Road,0,Christmas New Year,0,,0,Overcast,1116500,0,0,0,2,0,0,0,0,0,,0,0,Waikato Region,Nil,2-way,Sealed,0,0,0,0,100,0,Null,0,0,,15,Matamata-Piako District,Unknown,0,0,0,0,0,0,Open,0,0,0,Light rain,Null
1802229,5817073,197,,530000,0,,0,1,,West,2016/2017,FIFTH AVENUE,JOHN ST,,Minor Crash,No,2016,,East,,0,,Flat,,,,,,Twilight,867400,1,0,0,2,,,0,,,1,,,Waikato Region,Nil,2-way,Sealed,,0,0,,50,,Off,0,0,,16,Hamilton City,Unknown,,,,,0,0,Urban,0,,,Fine,Null
1767674,5905842,198,,523721,0,0,0,1,0,South,2017/2018,PRESTON ROAD,AWATERE ST,,Non-Injury Crash,No,2018,0,South,0,0,0,Hill Road,0,,0,,0,Dark,715400,0,0,0,2,0,0,0,0,0,,0,0,Auckland Region,Nil,2-way,Sealed,0,0,0,0,50,0,On,0,0,,76,Auckland,Unknown,1,0,0,0,0,0,Urban,0,0,0,Fine,Null
1770394,5912129,199,,523106,0,,0,3,,Null,2009/2010,BOTANY ROAD,GOLFLAND DRIVE,,Non-Injury Crash,No,2009,,North,,0,,Flat,,,,,,Bright sun,711186,0,0,0,6,,,0,,,,,,Auckland Region,Nil,2-way,Sealed,,0,0,,70,,Off,0,0,,76,Auckland,Nil,,,,,0,0,Urban,0,,,Fine,Null
1884572,5773579,200,,540420,0,,0,2,,Null,2007/2008,RANOLF ST,PERERIKA ST,,Non-Injury Crash,No,2008,,South,,0,,Flat,,,,,,Bright sun,1235500,0,0,0,3,,,0,,,,,,Bay of Plenty Region,Nil,2-way,Sealed,,0,0,,50,,Null,0,0,,24,Rotorua District,Stop,,,,,0,0,Urban,0,,,Fine,Null
1560855,5168705,201,,597200,0,,0,1,,Null,1999/2000,ELLESMERE ROAD,TANCREDS ROAD,,Minor Crash,No,2000,,South,,0,,Flat,,,,,,Overcast,2500900,1,0,1,2,,,0,,,,,,Canterbury Region,Nil,2-way,Sealed,,0,0,,100,,Null,0,0,,62,Selwyn District,Give way,,,,,0,0,Open,0,,,Light rain,Null
1797961,5814647,202,,529000,0,,0,2,,Null,2017/2018,SH 23,MASSEY ST,,Non-Injury Crash,Yes,2018,,South,,0,,Flat,,,,,,Bright sun,917100,0,0,0,2,,,0,,,,,,Waikato Region,Nil,1-way,Sealed,,0,0,,50,,Null,0,0,,16,Hamilton City,Give way,,,,,0,0,Urban,0,,,Null,Null
1612964,5419696,203,,581717,0,0,0,1,0,South,2011/2012,ANISEED VALLEY ROAD,HILL ST SOUTH,,Non-Injury Crash,No,2012,0,North,0,0,0,Hill Road,0,,0,,0,Dark,2358400,0,0,0,1,0,0,0,0,0,,1,1,Tasman Region,Nil,2-way,Sealed,0,0,0,0,80,0,None,0,0,,51,Tasman District,Nil,0,0,0,0,0,0,Open,0,0,0,Fine,Null
1755718,5918747,204,,515500,0,,0,2,,Null,2017/2018,ARIKI ST,GREAT NORTH ROAD,,Minor Crash,No,2018,,East,,0,,Flat,,,,,,Bright sun,418300,1,0,0,2,,,0,,,,,,Auckland Region,Nil,2-way,Sealed,,0,0,,50,,Null,0,0,,76,Auckland,Give way,,,,,0,0,Urban,0,,,Fine,Null
1756848,5434912,205,,569900,0,0,0,1,0,North,2002/2003,HUTT ROAD,TE PUNI ST,,Minor Crash,No,2003,0,South,0,0,0,Flat,0,,0,,0,Bright sun,2034600,1,0,0,2,0,0,0,0,0,,0,1,Wellington Region,Nil,2-way,Sealed,0,0,0,0,50,0,Null,0,0,,46,Lower Hutt City,Nil,0,0,0,0,0,0,Urban,0,0,0,Fine,Null
1837327,5820037,206,,534604,0,,0,1,,Null,2001/2002,LANDSDOWNE ROAD,MORRINSVILLE WALTON ROAD,,Non-Injury Crash,No,2002,,North,,0,,Flat,,,,,,Overcast,1099400,0,0,0,2,,,0,,,,,,Waikato Region,Nil,2-way,Sealed,,0,0,,100,,None,0,0,,15,Matamata-Piako District,Give way,,,,,0,0,Open,0,,,Fine,Null
1752347,5972095,207,,506661,0,,0,2,,East,2008/2009,SHARP ROAD,MATAKANA ROAD,,Non-Injury Crash,No,2008,,East,,0,,Flat,,,,,,Bright sun,139302,0,0,0,2,,,0,,,,,,Auckland Region,Nil,2-way,Sealed,,0,0,,100,,None,0,0,,76,Auckland,Nil,,,,,0,0,Open,0,,,Fine,Null