X,Y,OBJECTID,advisorySpeed,areaUnitID,bicycle,bridge,bus,carStationWagon,cliffBank,crashDirectionDescription,crashFinancialYear,crashLocation1,crashLocation2,crashRoadSideRoad,crashSeverity,crashSHDescription,crashYear,debris,directionRoleDescription,ditch,fatalCount,fence,flatHill,guardRail,holiday,houseOrBuilding,intersection,kerb,light,meshblockId,minorInjuryCount,moped,motorcycle,NumberOfLanes,objectThrownOrDropped,otherObject,otherVehicleType,overBank,parkedVehicle,pedestrian,phoneBoxEtc,postOrPole,region,roadCharacter,roadLane,roadSurface,roadworks,schoolBus,seriousInjuryCount,slipOrFlood,speedLimit,strayAnimal,streetLight,suv,taxi,temporarySpeedLimit,tlaId,tlaName,trafficControl,trafficIsland,trafficSign,train,tree,truck,unknownVehicleType,urban,vanOrUtility,vehicle,waterRiver,weatherA,weatherB
1768350,5907698,208,,523711,0,,0,2,,East,2001/2002,ORMISTON ROAD,MURCHISON ROAD,,Non-Injury Crash,No,2002,,North,,0,,Flat,,,,,,Overcast,712304,0,0,0,2,,,0,,,,,,Auckland Region,Nil,2-way,Unsealed,,0,0,,50,,Off,0,0,,76,Auckland,Nil,,,,,0,0,Urban,0,,,Fine,Null
1793323,5771536,209,,531200,0,,0,1,,Null,2007/2008,TE KAWA ST,HAEREHUKA ST,,Minor Crash,No,2008,,East,,0,,Flat,,,,,,Dark,997100,1,0,0,2,,,0,,,,,,Waikato Region,Nil,2-way,Sealed,,0,0,,50,,None,1,0,,18,Otorohanga District,Stop,,,,,0,0,Urban,0,,,Light rain,Null
1404780,4914465,210,,604210,0,0,0,1,0,South,2012/2013,SURREY ST,SOUTH ROAD,,Non-Injury Crash,No,2013,0,North,0,0,0,Flat,0,,0,,0,Overcast,2913200,0,0,0,2,0,0,0,0,1,,0,0,Otago Region,Nil,2-way,Sealed,0,0,0,0,50,0,Null,1,0,,71,Dunedin City,Unknown,0,0,0,0,0,0,Urban,0,0,0,Fine,Null
1760460,5908925,211,,524403,0,0,0,1,1,Null,2001/2002,FAVONA ROAD,ROBERTSON ROAD,,Non-Injury Crash,No,2002,0,North,0,0,1,Flat,0,Easter,0,,0,Bright sun,729500,0,0,0,2,0,0,0,0,0,,0,0,Auckland Region,Nil,2-way,Sealed,0,0,0,0,50,0,None,0,0,,76,Auckland,Traffic Signals,0,0,0,0,0,0,Urban,0,0,0,Fine,Null
1739653,5970574,212,45,506613,0,0,0,0,0,East,2015/2016,KAIPARA FLATS ROAD,LINTON ROAD,,Fatal Crash,No,2016,0,East,0,1,0,Hill Road,0,,0,,0,Dark,145600,0,0,0,2,0,0,0,1,0,,0,0,Auckland Region,Nil,2-way,Sealed,0,0,1,0,100,0,None,1,0,,76,Auckland,Unknown,0,0,0,1,0,0,Open,0,0,0,Fine,Null
1767705,5906172,213,,523601,0,0,0,1,0,West,2008/2009,FLAT BUSH ROAD,PRESTON ROAD,,Non-Injury Crash,No,2009,0,North,0,0,0,Flat,0,,0,,0,Overcast,706800,0,0,0,1,0,0,0,0,1,,0,0,Auckland Region,Nil,2-way,Sealed,0,0,0,0,50,0,Off,0,0,,76,Auckland,Nil,0,0,0,0,0,0,Urban,1,0,0,Light rain,Null
1749201,5428729,214,,572900,0,0,0,1,0,North,2001/2002,WATERLOO QUAY,BUNNY ST,,Minor Crash,No,2001,0,North,0,0,1,Flat,0,,1,,0,Overcast,2122700,1,0,0,1,0,0,0,0,0,,0,0,Wellington Region,Nil,1-way,Sealed,0,0,0,0,50,0,Null,0,0,,47,Wellington City,Nil,0,0,0,0,0,0,Urban,0,0,0,Heavy rain,Null
1776534,5446167,215,35,567902,0,,0,2,,South,2000/2001,MANGAROA HILL ROAD,HILLSIDE DRIVE,,Minor Crash,No,2000,,North,,0,,Hill Road,,,,,,Bright sun,1915400,1,0,0,2,,,0,,,,,,Wellington Region,Nil,2-way,Sealed,,0,0,,100,,Null,0,0,,45,Upper Hutt City,Nil,,,,,0,0,Open,0,,,Fine,Null
1752568,5934749,216,,508701,0,0,0,1,0,Null,2007/2008,OTEHA VALLEY ROAD,MUNROE LANE,,Non-Injury Crash,No,2007,0,West,0,0,0,Flat,0,,0,,0,Dark,179000,0,0,0,2,0,0,0,0,0,,0,0,Auckland Region,Nil,2-way,Sealed,0,0,0,0,60,0,On,0,0,,76,Auckland,Nil,0,0,0,1,0,0,Urban,0,0,0,Fine,Null
1773970,5445588,217,,567100,1,0,0,1,0,North,2017/2018,LOGAN ST,COOPER LANE,,Minor Crash,No,2018,0,North,0,0,0,Flat,0,,0,,0,Overcast,1905700,1,0,0,2,0,0,0,0,1,,0,0,Wellington Region,Nil,2-way,Sealed,0,0,0,0,50,0,Null,0,0,,45,Upper Hutt City,Unknown,0,0,0,0,0,0,Urban,0,0,0,Fine,Null
1244003,4848538,218,,611400,0,0,0,2,0,South,2015/2016,NELSON ST,ENWOOD LANE,,Non-Injury Crash,No,2016,0,South,0,0,0,Flat,0,,0,,0,Bright sun,3144200,0,0,0,2,0,0,0,0,1,,0,0,Southland Region,Nil,2-way,Sealed,0,0,0,0,50,0,Null,0,0,,75,Invercargill City,Unknown,0,0,0,0,0,0,Urban,0,0,0,Fine,Null
1752405,5918011,219,,515003,0,,0,1,,North,2008/2009,CARRINGTON ROAD,SUTHERLAND ROAD,,Non-Injury Crash,No,2008,,North,,0,,Flat,,,,,,Dark,391602,0,0,0,2,,,0,,,,,,Auckland Region,Nil,2-way,Sealed,,0,0,,50,,On,1,0,,76,Auckland,Nil,,,,,0,0,Urban,0,,,Fine,Null
1882768,5776640,220,,539000,0,,0,1,,Null,2015/2016,SH 5,KEA ST,,Non-Injury Crash,Yes,2015,,North,,0,,Flat,,,,,,Overcast,1220300,0,0,0,4,,,0,,,,,,Bay of Plenty Region,Nil,2-way,Sealed,,0,0,,60,,Off,0,0,,24,Rotorua District,Give way,,,,,0,0,Urban,1,,,Fine,Null
1674644,5661594,221,65,551120,0,,0,0,,Null,2001/2002,SH 45,STONEY BR,,Non-Injury Crash,Yes,2002,,East,,0,,Flat,,,,,,Overcast,1553100,0,0,0,2,,,0,,,,,,Taranaki Region,Bridge,2-way,Sealed,,0,0,,100,,Null,0,0,,33,New Plymouth District,Nil,,,,,2,0,Open,0,,,Fine,Null
1767032,5904739,222,,524603,0,0,0,2,0,Null,2002/2003,CAVENDISH DRIVE,JACK CONWAY AVENUE,,Non-Injury Crash,No,2002,0,North,0,0,0,Flat,0,,0,,0,Bright sun,780205,0,0,0,4,0,0,0,0,1,,0,0,Auckland Region,Nil,2-way,Sealed,0,0,0,0,50,0,Off,0,0,,76,Auckland,Give way,0,0,0,0,0,0,Urban,0,0,0,Fine,Null
1239302,4847262,223,,609922,0,,0,2,,Null,2011/2012,DUNNS ROAD,ORETI ROAD,,Non-Injury Crash,No,2011,,East,,0,,Flat,,,,,,Bright sun,3083403,0,0,0,2,,,0,,,,,,Southland Region,Nil,2-way,Sealed,,0,0,,70,,Null,0,0,,75,Invercargill City,Give way,,,,,0,0,Urban,0,,,Fine,Null
1802513,5813528,224,,530300,0,,0,2,,Null,2016/2017,SH 1N,GREY ST,,Non-Injury Crash,Yes,2016,,East,,0,,Flat,,,,,,Bright sun,882500,0,0,0,2,,,0,,,,,,Waikato Region,Nil,1-way,Sealed,,0,0,,80,,Null,0,0,,16,Hamilton City,Stop,,,,,0,0,Open,0,,,Fine,Null
1763540,5905031,225,,524303,0,0,0,2,0,West,2011/2012,OLIVE CRESCENT,DAPHNE ROAD,,Non-Injury Crash,No,2011,0,East,0,0,0,Flat,0,,0,,0,Bright sun,658800,0,0,0,1,0,0,0,0,0,,0,0,Auckland Region,Nil,2-way,Sealed,0,0,0,0,50,0,Null,0,0,,76,Auckland,Nil,0,0,0,0,0,0,Urban,0,1,0,Fine,Null
1793386,5864591,226,,527210,0,,0,2,,North,2001/2002,FALLS ROAD,WAIKIWI ROAD,,Non-Injury Crash,No,2002,,North,,0,,Hill Road,,,,,,Overcast,936600,0,0,0,2,,,0,,,,,,Waikato Region,Bridge,2-way,Sealed,,0,0,,100,,None,0,0,,13,Waikato District,Nil,,,,,1,0,Open,0,,,Fine,Null
1693359,5676421,227,,551800,0,,0,1,,Null,2010/2011,GOVER ST,DEVON ST EAST,,Non-Injury Crash,No,2011,,East,,0,,Flat,,,,,,Bright sun,1594000,0,0,1,2,,,0,,,,,,Taranaki Region,Nil,2-way,Sealed,,0,0,,50,,Null,0,0,,33,New Plymouth District,Give way,,,,,0,0,Urban,0,,,Fine,Null
1743745,5944355,228,,506614,0,,0,0,,West,2011/2012,KAHIKATEA FLAT ROAD,WHITEHILLS ROAD,,Minor Crash,No,2011,,West,,0,,Hill Road,,,,,,Bright sun,177801,1,0,1,2,,,0,,,,,,Auckland Region,Nil,2-way,Sealed,,0,0,,100,,None,0,0,,76,Auckland,Nil,,,,,0,0,Open,0,,,Fine,Null
1760952,5435582,229,,568602,0,0,0,1,0,Null,2016/2017,CAMBRIDGE TERRACE,VINCENT ST,,Non-Injury Crash,No,2017,0,North,0,0,1,Flat,0,,0,,0,Dark,1971600,0,0,0,2,0,0,0,0,0,,1,0,Wellington Region,Nil,2-way,Sealed,0,0,0,0,50,0,On,0,0,,46,Lower Hutt City,Give way,0,0,0,0,0,0,Urban,0,0,0,Fine,Null
1759058,5911795,230,,519820,0,,0,2,,Null,2004/2005,NEILSON ST,ONEHUNGA MALL,,Non-Injury Crash,No,2005,,West,,0,,Flat,,,,,,Overcast,602402,0,0,0,4,,,0,,,,,,Auckland Region,Nil,2-way,Sealed,,0,0,,50,,Null,0,0,,76,Auckland,Traffic Signals,,,,,0,0,Urban,2,,,Light rain,Null
1817521,5802040,231,,527504,0,,0,2,,Null,2009/2010,BURNS ST,BYRON ST,,Minor Crash,No,2010,,South,,0,,Flat,,,,,,Bright sun,966003,1,0,0,2,,,0,,,,,,Waikato Region,Nil,2-way,Sealed,,0,0,,50,,Null,0,0,,17,Waipa District,Give way,,,,,0,0,Urban,0,,,Fine,Null
1756370,5920018,232,,514000,0,,0,2,,Null,2002/2003,HOWE ST,WELLINGTON ST,,Non-Injury Crash,No,2002,,West,,0,,Hill Road,,,,,,Overcast,413002,0,0,0,2,,,0,,,,,,Auckland Region,Nil,2-way,Sealed,,0,0,,50,,Off,0,0,,76,Auckland,Give way,,,,,0,0,Urban,0,,,Fine,Null
1764768,5920096,233,,516602,0,0,0,3,0,East,2005/2006,TAMAKI DRIVE,SAGE ROAD,,Minor Crash,No,2006,0,West,0,0,0,Flat,0,,0,,0,Overcast,504400,1,0,0,1,0,0,0,0,2,,0,0,Auckland Region,Nil,2-way,Sealed,0,0,0,0,50,0,Off,0,0,,76,Auckland,Nil,0,0,0,0,0,0,Urban,0,0,0,Heavy rain,Null
1735844,5917777,234,,513800,0,0,0,1,0,South,2010/2011,FALLS ROAD,TE HENGA ROAD,,Non-Injury Crash,No,2010,0,South,0,0,0,Hill Road,0,,0,,0,Overcast,281700,0,0,0,2,0,0,0,0,0,,0,0,Auckland Region,Nil,2-way,Sealed,0,0,0,0,80,0,Null,0,0,,76,Auckland,Unknown,0,0,0,1,0,0,Open,0,0,0,Fine,Null
1860327,5806460,235,85,536630,0,0,0,1,0,South,2017/2018,SH 29,TUAKOPAE STM BR,,Non-Injury Crash,Yes,2017,0,North,0,0,0,Hill Road,1,,0,,0,Overcast,1191900,0,0,0,3,0,0,0,0,0,,0,0,Bay of Plenty Region,Nil,2-way,Sealed,0,0,0,0,100,0,None,0,0,,22,Western Bay of Plenty District,Unknown,0,0,0,0,0,0,Open,0,0,0,Light rain,Null
1748858,5428378,236,,573000,0,,0,2,,Null,2014/2015,FEATHERSTON ST,WARING TAYLOR ST,,Non-Injury Crash,No,2014,,West,,0,,Flat,,,,,,Bright sun,2125400,0,0,0,2,,,0,,,,,,Wellington Region,Nil,2-way,Sealed,,0,0,,50,,Null,0,0,,47,Wellington City,Traffic Signals,,,,,0,0,Urban,0,,,Fine,Null
1877479.146,5822566.08,237,,538101,0,,0,1,,East,2020/2021,TAKITIMU DRIVE,TAKITIMU DRIVE OFF RAMP,,Non-Injury Crash,Yes,2020,,East,,0,,Flat,,,,,,Bright sun,1169201,0,0,0,2,,,0,,,,,,Bay of Plenty Region,Nil,1-way,Sealed,,0,0,,80,,Off,0,0,,23,Tauranga City,Unknown,,,,,1,0,Open,0,,,Fine,Null
1401608,4919163,238,,602500,0,0,0,1,1,West,2002/2003,THREE MILE HILL ROAD,HALFWAY BUSH ROAD,,Non-Injury Crash,No,2003,0,East,0,0,0,Hill Road,0,,0,,0,Overcast,2978800,0,0,0,2,0,0,0,0,0,,0,0,Otago Region,Nil,2-way,Sealed,0,0,0,0,100,0,Null,0,0,,71,Dunedin City,Unknown,0,0,0,0,0,0,Open,0,0,0,Light rain,Null
1885172,5773658,239,,540420,0,,0,2,,Null,2012/2013,FENTON ST,SH 30A,,Non-Injury Crash,Yes,2012,,West,,0,,Flat,,,,,,Bright sun,1236500,0,0,0,5,,,0,,,,,,Bay of Plenty Region,Nil,2-way,Sealed,,0,0,,50,,Null,0,0,,24,Rotorua District,Traffic Signals,,,,,0,0,Urban,0,,,Fine,Null
1768282,5908300,240,,523711,0,,0,2,,East,2009/2010,EAST TAMAKI ROAD,BIRMINGHAM ROAD,,Non-Injury Crash,No,2009,,West,,0,,Flat,,,,,,Bright sun,712303,0,0,0,4,,,0,,,,,,Auckland Region,Nil,2-way,Sealed,,0,0,,50,,Off,0,0,,76,Auckland,Traffic Signals,,,,,0,0,Urban,0,,,Fine,Null
1777231,5478929,241,,563920,0,,0,0,,North,2003/2004,SH 1N,TE HAPUA ROAD,,Minor Crash,Yes,2003,,South,,0,,Flat,,,,,,Overcast,1883902,1,0,1,2,,,0,,,,,,Wellington Region,Nil,2-way,Sealed,,0,0,,100,,Null,0,0,,43,Kapiti Coast District,Nil,,,,,0,0,Open,0,,,Light rain,Null
1528463,5184769,242,,586900,0,,0,1,,Null,2007/2008,HORNDON ST,CURRIE ST,,Non-Injury Crash,No,2007,,East,,0,,Flat,,,,,,Overcast,2469200,0,0,0,2,,,0,,,,,,Canterbury Region,Nil,2-way,Sealed,,0,0,,50,,Null,1,0,,62,Selwyn District,Nil,,,,,0,0,Urban,0,,,Light rain,Null
1405397,4914438,243,,604410,0,,0,3,,Null,2012/2013,HILLSIDE ROAD,BRADSHAW ST,,Minor Crash,No,2013,,West,,0,,Flat,,Queens Birthday,,,,Overcast,2929800,3,0,0,4,,,0,,,,,,Otago Region,Nil,2-way,Sealed,,0,0,,50,,Null,0,0,,71,Dunedin City,Traffic Signals,,,,,0,0,Urban,0,,,Light rain,Null
1708284,5682356,244,,550700,0,,0,0,,Null,2001/2002,SH 3,PRINCESS ST,,Minor Crash,Yes,2001,,East,,0,,Flat,,,,,,Bright sun,1550800,1,0,1,2,,,0,,,,,,Taranaki Region,Nil,2-way,Sealed,,0,0,,100,,Null,0,0,,33,New Plymouth District,Stop,,,,,0,0,Open,1,,,Fine,Null
1406760,4916766,245,,602800,0,0,0,1,0,Null,2003/2004,THOMAS BURNS ST,MASON ST,,Minor Crash,No,2003,0,South,0,0,0,Flat,0,,0,,0,Overcast,2894700,1,0,0,2,0,0,0,0,0,,0,1,Otago Region,Nil,2-way,Sealed,0,0,0,0,50,0,Null,0,0,,71,Dunedin City,Give way,0,0,0,0,0,0,Urban,0,0,0,Fine,Null
1754637,5913896,246,,518803,0,,0,1,,Null,2000/2001,MAY ROAD,STODDARD ROAD,,Non-Injury Crash,No,2001,,West,,0,,Flat,,,,,,Bright sun,580400,0,0,0,2,,,0,,,,,,Auckland Region,Nil,2-way,Sealed,,0,0,,50,,Off,0,0,,76,Auckland,Give way,,,,,0,0,Urban,1,,,Fine,Null
1796942,5633142,247,,555100,0,0,0,0,0,East,2012/2013,RAETIHI OHAKUNE ROAD,RAILWAY ROAD,,Non-Injury Crash,No,2013,0,East,0,0,0,Flat,0,,0,,0,Dark,1675200,0,0,0,2,0,0,0,0,0,,0,0,Manawatu-Wanganui Region,Nil,2-way,Sealed,0,0,0,0,100,0,None,1,0,,36,Ruapehu District,Nil,0,0,0,0,0,0,Open,0,0,0,Light rain,Null
1698864.467,5665332.467,248,,552701,0,0,0,1,1,South,2018/2019,EGMONT ROAD,OLSON STREET,,Serious Crash,No,2019,0,North,0,0,0,Flat,0,,0,,0,Overcast,1606600,0,0,0,2,0,0,0,0,0,,0,0,Taranaki Region,Nil,2-way,Sealed,0,0,1,0,100,0,None,0,0,,33,New Plymouth District,Unknown,0,0,0,0,0,0,Open,0,0,0,Light rain,Null
1557114,5188229,249,,587902,0,0,0,1,1,West,2005/2006,COUTTS ISLAND ROAD,MCLEANS ISLAND ROAD,,Non-Injury Crash,No,2006,0,East,0,0,1,Flat,0,,0,,0,Bright sun,2456200,0,0,0,2,0,0,0,0,0,,0,0,Canterbury Region,Nil,Off road,Unsealed,0,0,0,0,100,0,Null,0,0,,60,Christchurch City,Unknown,0,0,0,0,0,0,Open,0,0,0,Fine,Null
1764623,5440125,250,,568201,0,,0,3,,South,2016/2017,BIDDLE CRESCENT,PARTRIDGE ST,,Serious Crash,No,2017,,South,,0,,Flat,,,,,,Dark,1940600,0,0,0,2,,,0,,,,,,Wellington Region,Nil,2-way,Sealed,,0,2,,50,,On,0,0,,46,Lower Hutt City,Unknown,,,,,0,0,Urban,0,,,Fine,Null
1764767,5911304,251,,520500,0,,0,2,,South,2009/2010,SH 1N,MT WGTN OBR,,Non-Injury Crash,Yes,2009,,North,,0,,Flat,,,,,,Overcast,636200,0,0,0,3,,,0,,,,,,Auckland Region,Nil,2-way,Sealed,,0,0,,100,,Off,0,0,,76,Auckland,Nil,,,,,0,0,Open,0,,,Fine,Null
1765284,5914622,252,,520602,0,0,0,1,0,Null,2000/2001,QUEENS ROAD,BASIN VIEW LANE,,Non-Injury Crash,No,2001,0,East,0,0,0,Flat,0,,0,,0,Twilight,628700,0,0,0,2,0,0,0,0,1,,0,0,Auckland Region,Nil,2-way,Sealed,0,0,0,0,50,0,Off,0,0,,76,Auckland,Nil,0,0,0,0,1,0,Urban,0,0,0,Fine,Null
1764740,5918184,253,,517001,0,,0,2,,Null,2008/2009,ST HELIERS BAY ROAD,APIRANA AVENUE,,Non-Injury Crash,No,2008,,East,,0,,Flat,,,,,,Bright sun,469700,0,0,0,3,,,0,,,,,,Auckland Region,Nil,2-way,Sealed,,0,0,,50,,Null,0,0,,76,Auckland,Traffic Signals,,,,,0,0,Urban,0,,,Fine,Null
1876094,5819950,254,,537601,0,,0,2,,Null,2015/2016,CHADWICK ROAD,CAMERON ROAD,,Non-Injury Crash,No,2015,,East,,0,,Flat,,,,,,Bright sun,1175100,0,0,0,4,,,0,,,,,,Bay of Plenty Region,Nil,2-way,Sealed,,0,0,,50,,Null,0,0,,23,Tauranga City,Give way,,,,,0,0,Urban,0,,,Fine,Null
1744985,5913351,255,,512906,0,,0,2,,Null,2015/2016,GLENGARRY ROAD,SOLAR ROAD,,Non-Injury Crash,No,2016,,South,,0,,Hill Road,,,,,,Overcast,278409,0,0,0,2,,,0,,,,,,Auckland Region,Nil,2-way,Sealed,,0,0,,50,,Null,0,0,,76,Auckland,Stop,,,,,0,0,Urban,0,,,Fine,Null
1796587,5817202,256,,528503,0,0,0,1,0,North,2006/2007,AILEEN PLACE,CRAWSHAW DRIVE,,Non-Injury Crash,No,2006,0,West,0,0,0,Flat,0,,0,,0,Overcast,976715,0,0,0,2,0,0,0,0,1,,0,0,Waikato Region,Nil,2-way,Sealed,0,0,0,0,50,0,None,0,0,,16,Hamilton City,Nil,0,0,0,0,0,0,Urban,1,0,0,Fine,Null
1764447,5914892,257,,520301,0,,0,1,,East,2001/2002,ELLERSLIE-PANMURE HIGHWAY,MOUNT WELLINGTON HIGHWAY,,Non-Injury Crash,No,2001,,West,,0,,Flat,,,,,,Bright sun,628203,0,0,0,6,,,0,,,,,,Auckland Region,Nil,2-way,Sealed,,0,0,,50,,Off,0,0,,76,Auckland,Nil,,,,,0,0,Urban,1,,,Fine,Null
1699184,6095156,258,,501100,0,0,0,2,0,North,2006/2007,SELWYN ROAD,WILLIAMS ROAD,,Non-Injury Crash,No,2007,0,North,0,0,0,Flat,0,,0,,0,Dark,54200,0,0,0,2,0,0,0,0,1,,0,0,Northland Region,Nil,2-way,Sealed,0,0,0,0,50,0,On,0,0,,1,Far North District,Nil,0,0,0,0,0,0,Urban,0,0,0,Fine,Null
1754501,5916570,259,,517702,0,,1,1,,Null,2009/2010,FOWLDS AVENUE,ST LUKES ROAD,,Non-Injury Crash,No,2009,,West,,0,,Flat,,,,,,Dark,540002,0,0,0,2,,,0,,,,,,Auckland Region,Nil,1-way,Sealed,,0,0,,50,,On,0,0,,76,Auckland,Nil,,,,,0,0,Urban,0,,,Light rain,Null
1571763,5179173,260,,591500,0,,0,1,,Null,2008/2009,MOORHOUSE AVENUE,FITZGERALD AVENUE,,Minor Crash,No,2009,,East,,0,,Flat,,,,,,Dark,2650900,1,0,0,4,,,0,,,,,,Canterbury Region,Nil,2-way,Sealed,,0,0,,50,,On,1,0,,60,Christchurch City,Traffic Signals,,,,,0,0,Urban,0,,,Fine,Null
1720004,6045236,261,,503100,0,,0,1,,Null,2013/2014,PORT ROAD,OKARA DRIVE,,Non-Injury Crash,No,2013,,South,,0,,Flat,,,,,,Bright sun,101602,0,0,0,2,,,0,,,,,,Northland Region,Nil,2-way,Sealed,,0,0,,50,,Off,0,0,,2,Whangarei District,Give way,,,,,0,0,Urban,1,,,Fine,Null
1759260,5916691,262,70,516001,0,,0,1,,North,2009/2010,SH 1N,OMAHU OBR,,Minor Crash,Yes,2010,,South,,0,,Flat,,,,,,Bright sun,491700,1,0,0,3,,,0,,,,,,Auckland Region,Nil,1-way,Sealed,,0,0,,100,,Off,0,0,,76,Auckland,Nil,,,,,1,0,Open,0,,,Fine,Null
1800218,5816038,263,,529700,0,,0,1,,Null,2008/2009,ANGLESEA ST,LIVERPOOL ST,,Non-Injury Crash,No,2008,,South,,0,,Flat,,,,,,Overcast,909500,0,0,0,2,,,0,,,,,,Waikato Region,Nil,2-way,Sealed,,0,0,,50,,Null,0,0,,16,Hamilton City,Give way,,,,,0,0,Urban,1,,,Light rain,Null
1739073,6032324,264,,501819,0,0,0,1,1,East,2002/2003,OCEAN BEACH ROAD,URQUHART BAY ROAD,,Minor Crash,No,2003,0,West,0,0,0,Hill Road,0,Easter,0,,0,Dark,74304,3,0,0,2,0,0,0,0,0,,0,0,Northland Region,Nil,2-way,Sealed,0,0,0,0,100,0,None,0,0,,2,Whangarei District,Nil,0,0,0,0,0,0,Open,0,0,0,Fine,Null
1929350,5598528,265,75,545852,0,0,0,0,1,East,2018/2019,MIDDLE ROAD,CRYSTALL ROAD,,Serious Crash,No,2018,0,East,0,0,0,Flat,0,,0,,0,Twilight,1465700,0,0,0,2,0,0,0,0,0,,0,0,Hawke's Bay Region,Nil,2-way,Sealed,0,0,1,0,100,0,None,0,0,,30,Hastings District,Unknown,0,0,0,0,0,0,Open,1,0,0,Fine,Null
1753282,5928146,266,,508210,0,,0,2,,Null,2005/2006,KAIPATIKI ROAD,EMIRAU PLACE,,Non-Injury Crash,No,2005,,South,,0,,Hill Road,,,,,,Bright sun,186600,0,0,0,2,,,0,,,,,,Auckland Region,Nil,2-way,Sealed,,0,0,,50,,Off,0,0,,76,Auckland,Nil,,,,,0,0,Urban,0,,,Fine,Null
1294154.358,5043710.286,267,,608800,0,0,0,0,0,South,2018/2019,BROWNSTON STREET (EAST),ARDMORE STREET,,Non-Injury Crash,No,2018,0,Null,0,0,0,Null,0,,0,,0,Overcast,3036000,0,0,0,2,0,0,0,0,1,,0,0,Otago Region,Nil,2-way,Sealed,0,0,0,0,50,0,Off,0,0,,70,Queenstown-Lakes District,Unknown,0,0,0,0,0,2,Urban,0,0,0,Light rain,Null
1767981.194,5903882.453,268,,524602,0,,0,2,,East,2019/2020,01N-0448-R5,GREAT SOUTH OBR,,Minor Crash,Yes,2019,,West,,0,,Hill Road,,,,,,Bright sun,780506,1,0,0,2,,,0,,,,,,Auckland Region,Motorway ramp,1-way,Sealed,,0,0,,100,,Off,0,0,,76,Auckland,Unknown,,,,,0,0,Open,0,,,Fine,Null
1458996,5081920,269,,599600,1,,0,1,,North,2008/2009,OTIPUA ROAD,QUARRY ROAD,,Non-Injury Crash,No,2009,,North,,0,,Flat,,,,,,Bright sun,2796000,0,0,0,2,,,0,,,,,,Canterbury Region,Nil,2-way,Unsealed,,0,0,,50,,Null,0,0,,64,Timaru District,Nil,,,,,0,0,Urban,0,,,Fine,Null
1934846,5616495,270,,545631,0,0,0,1,0,South,2009/2010,RIVERBEND ROAD,WAVERLEY ROAD,,Non-Injury Crash,No,2010,0,North,0,0,0,Flat,0,,0,,0,Twilight,1403500,0,0,0,2,0,0,0,0,0,,0,1,Hawke's Bay Region,Nil,2-way,Sealed,0,0,0,0,70,0,None,0,0,,31,Napier City,Nil,0,0,0,0,0,0,Urban,0,0,0,Heavy rain,Null
1564642,5178391,271,,587702,0,,0,2,,Null,2009/2010,HAYTON ROAD,PARKHOUSE ROAD,,Non-Injury Crash,No,2009,,West,,0,,Flat,,,,,,Bright sun,2480400,0,0,0,2,,,0,,,,,,Canterbury Region,Nil,2-way,Sealed,,0,0,,50,,Null,0,0,,60,Christchurch City,Give way,,,,,0,0,Urban,0,,,Fine,Null
1745665,5923581,272,,513521,0,0,0,1,0,Null,2006/2007,WEST HARBOUR DRIVE,AMERY PLACE,,Non-Injury Crash,No,2007,0,East,0,0,0,Hill Road,0,,0,,0,Dark,224246,0,0,0,2,0,0,0,0,0,,0,0,Auckland Region,Nil,2-way,Sealed,0,0,0,0,50,0,On,0,0,,76,Auckland,Nil,0,0,0,1,0,0,Urban,0,0,0,Fine,Null
1743463,5922845,273,,513511,0,0,0,1,0,South,2007/2008,REVERIE PLACE,BEAUCHAMP DRIVE,,Non-Injury Crash,No,2008,0,South,0,0,1,Hill Road,0,,0,,0,Bright sun,224304,0,0,0,2,0,0,0,0,0,,0,0,Auckland Region,Nil,2-way,Sealed,0,0,0,0,50,0,Off,0,0,,76,Auckland,Nil,0,0,0,0,0,0,Urban,0,0,0,Fine,Null
1569282,5175777,274,,591101,0,0,0,1,1,East,2003/2004,CASHMERE ROAD,FERNIEHURST ST,,Minor Crash,No,2003,0,East,0,0,0,Flat,0,,0,,0,Dark,2550204,2,0,0,2,0,0,0,0,0,,0,1,Canterbury Region,Nil,2-way,Sealed,0,0,0,0,50,0,On,0,0,,60,Christchurch City,Unknown,0,0,0,0,0,0,Urban,0,0,0,Fine,Null
1748107,5911332,275,,511902,0,0,0,1,1,East,2014/2015,GODLEY ROAD,TITIRANGI ROAD,,Non-Injury Crash,No,2015,0,West,0,0,0,Hill Road,0,,0,,0,Overcast,293002,0,0,0,2,0,0,0,0,0,,0,0,Auckland Region,Nil,2-way,Sealed,0,0,0,0,50,0,None,0,0,,76,Auckland,Nil,0,0,0,0,0,0,Urban,0,0,0,Light rain,Null
1768888,5468808,276,,566000,0,0,0,1,0,Null,2006/2007,KAPITI ROAD,RIMU ROAD,,Non-Injury Crash,No,2007,0,North,0,0,0,Flat,0,,0,,0,Bright sun,2003709,0,0,0,3,0,0,0,0,0,,0,0,Wellington Region,Nil,2-way,Sealed,0,0,0,0,50,0,Null,0,0,,43,Kapiti Coast District,Give way,1,1,0,0,0,0,Urban,0,0,0,Fine,Null