X,Y,OBJECTID,advisorySpeed,areaUnitID,bicycle,bridge,bus,carStationWagon,cliffBank,crashDirectionDescription,crashFinancialYear,crashLocation1,crashLocation2,crashRoadSideRoad,crashSeverity,crashSHDescription,crashYear,debris,directionRoleDescription,ditch,fatalCount,fence,flatHill,guardRail,holiday,houseOrBuilding,intersection,kerb,light,meshblockId,minorInjuryCount,moped,motorcycle,NumberOfLanes,objectThrownOrDropped,otherObject,otherVehicleType,overBank,parkedVehicle,pedestrian,phoneBoxEtc,postOrPole,region,roadCharacter,roadLane,roadSurface,roadworks,schoolBus,seriousInjuryCount,slipOrFlood,speedLimit,strayAnimal,streetLight,suv,taxi,temporarySpeedLimit,tlaId,tlaName,trafficControl,trafficIsland,trafficSign,train,tree,truck,unknownVehicleType,urban,vanOrUtility,vehicle,waterRiver,weatherA,weatherB
1562865,5177377,346,,587702,0,0,0,0,0,South,2007/2008,AWATEA ROAD,WILMERS ROAD,,Non-Injury Crash,No,2007,0,North,0,0,0,Flat,0,,0,,0,Overcast,2481106,0,0,0,1,0,0,0,0,0,,0,0,Canterbury Region,Nil,2-way,Sealed,0,0,0,0,80,0,Null,0,0,,60,Christchurch City,Unknown,0,0,0,0,0,0,Open,1,0,0,Light rain,Null
1866921,5739536,347,,541334,0,0,0,0,1,North,2017/2018,SH 1N,FLETCHERS ROAD,,Minor Crash,Yes,2017,0,South,0,0,0,Hill Road,0,,0,,0,Overcast,1276201,1,0,0,2,0,0,0,0,0,,0,0,Waikato Region,Nil,2-way,Sealed,0,0,0,0,100,0,None,0,0,,21,Taupo District,Unknown,0,0,0,0,2,0,Open,0,0,0,Light rain,Null
1838513,5592041,348,,559220,0,0,0,1,0,South,2013/2014,SH 1N,MANUI ROAD,,Serious Crash,Yes,2014,0,North,0,0,1,Hill Road,0,,0,,0,Overcast,1746500,0,0,0,3,0,0,0,1,0,,0,0,Manawatu-Wanganui Region,Nil,2-way,Sealed,0,0,1,0,100,0,Null,0,0,,38,Rangitikei District,Unknown,0,0,0,0,0,0,Open,0,0,1,Light rain,Null
1756249,5924310,349,,509702,0,,0,2,,North,2012/2013,SH 1N,ONEWA OFF NBD,,Non-Injury Crash,Yes,2012,,North,,0,,Flat,,,,,,Dark,366700,0,0,0,6,,,0,,,,,,Auckland Region,Nil,2-way,Sealed,,0,0,,100,,On,0,0,,76,Auckland,Unknown,,,,,0,0,Open,0,,,Fine,Null
1856003,5803439,350,,535231,0,,0,0,,East,2015/2016,SH 29,SH 28,,Non-Injury Crash,Yes,2016,,West,,0,,Hill Road,,,,,,Bright sun,1113900,0,0,0,3,,,0,,,,,,Waikato Region,Nil,2-way,Sealed,,0,0,,100,,Null,0,0,,15,Matamata-Piako District,Unknown,,,,,3,0,Open,0,,,Fine,Null
1766752,5909976,351,,523112,0,,0,1,,South,2010/2011,EL KOBAR DRIVE,BUSINESS PARADE SOUTH,,Non-Injury Crash,No,2011,,North,,0,,Flat,,,,,,Bright sun,711301,0,0,0,2,,,0,,,,,,Auckland Region,Nil,2-way,Sealed,,0,0,,50,,Off,0,0,,76,Auckland,Nil,,,,,1,0,Urban,0,,,Fine,Null
1755769,5919592,352,,514000,0,,0,1,,Null,2010/2011,MACKELVIE ST,PONSONBY ROAD,,Non-Injury Crash,No,2011,,East,,0,,Flat,,,,,,Bright sun,414500,0,0,0,5,,,0,,,,,,Auckland Region,Nil,2-way,Sealed,,0,0,,40,,Off,0,0,,76,Auckland,Stop,,,,,1,0,Urban,0,,,Fine,Null
1494675,5366109,353,35,584410,0,1,0,0,0,Null,2004/2005,SH 6,OHIKAITI RIV BR,,Fatal Crash,Yes,2004,0,West,0,1,0,Flat,0,,0,,0,Twilight,2388800,0,0,0,2,0,0,0,0,0,,0,0,West Coast Region,Bridge,2-way,Sealed,0,0,0,0,100,0,None,0,0,,55,Buller District,Unknown,0,0,0,0,1,0,Open,0,0,1,Light rain,Null
1768899,5468792,354,,566000,0,,0,1,,East,2007/2008,KAPITI ROAD,RIMU ROAD,,Non-Injury Crash,No,2007,,West,,0,,Flat,,,,,,Bright sun,2003709,0,0,0,3,,,0,,,,,,Wellington Region,Nil,2-way,Sealed,,0,0,,50,,Null,0,0,,43,Kapiti Coast District,Nil,,,,,0,0,Urban,1,,,Fine,Null
1876349,5823236,355,,537301,0,,0,0,,Null,2012/2013,WAIHI ROAD,OTUMOETAI ROAD,,Minor Crash,No,2013,,South,,0,,Hill Road,,,,,,Overcast,1161107,1,1,0,2,,,0,,,,,,Bay of Plenty Region,Nil,2-way,Sealed,,0,0,,50,,Null,1,0,,23,Tauranga City,Give way,,,,,0,0,Urban,0,,,Fine,Null
1757339,5920076,356,,514103,0,,0,2,,Null,2004/2005,RUTLAND ST,LORNE ST,,Non-Injury Crash,No,2005,,North,,0,,Flat,,,,,,Bright sun,436600,0,0,0,2,,,0,,,,,,Auckland Region,Nil,2-way,Sealed,,0,0,,50,,Off,0,0,,76,Auckland,Traffic Signals,,,,,0,0,Urban,0,,,Fine,Null
1748356,5426726,357,,573300,0,,0,2,,Null,2005/2006,THOMPSON ST,WEBB ST,,Non-Injury Crash,No,2006,,North,,0,,Hill Road,,,,,,Dark,2144101,0,0,0,2,,,0,,,,,,Wellington Region,Nil,2-way,Sealed,,0,0,,50,,On,0,0,,47,Wellington City,Stop,,,,,0,0,Urban,0,,,Light rain,Null
1753254,5914220,358,,514500,0,,0,1,,East,2017/2018,MAIORO ST,CORDELIA PLACE,,Non-Injury Crash,No,2018,,East,,0,,Flat,,,,,,Overcast,376403,0,0,0,6,,,0,,,,,,Auckland Region,Nil,2-way,Sealed,,0,0,,50,,Null,1,0,,76,Auckland,Unknown,,,,,0,0,Urban,0,,,Light rain,Null
1406262,4914987,359,,604410,0,,0,1,,Null,2015/2016,HILLSIDE ROAD,ANDERSONS BAY ROAD,,Non-Injury Crash,No,2015,,West,,0,,Flat,,,,,,Bright sun,2931300,0,0,0,2,,,0,,,,,,Otago Region,Nil,2-way,Sealed,,0,0,,50,,Null,0,0,,71,Dunedin City,Traffic Signals,,,,,0,0,Urban,1,,,Fine,Null
1771489,5897850,360,,523912,0,,0,3,,North,2013/2014,GREAT SOUTH ROAD,WALTERS ROAD,,Non-Injury Crash,No,2013,,South,,0,,Flat,,,,,,Bright sun,767812,0,0,0,4,,,0,,,,,,Auckland Region,Nil,2-way,Sealed,,0,0,,50,,Off,0,0,,76,Auckland,Nil,,,,,0,0,Urban,0,,,Fine,Null
1836351,5859722,361,,534300,0,,0,0,,South,2014/2015,SH 2,HALL ST,,Minor Crash,Yes,2015,,North,,0,,Flat,,,,,,Dark,1070500,1,0,0,2,,,0,,,,,,Waikato Region,Nil,2-way,Sealed,,0,0,,50,,On,1,0,,12,Hauraki District,Nil,,,,,1,0,Urban,0,,,Light rain,Null
1406476,4917588,362,,603100,0,0,0,2,0,West,2002/2003,LONDON ST,GEORGE ST,,Non-Injury Crash,No,2003,0,West,0,0,0,Hill Road,0,Queens Birthday,0,,0,Dark,2904100,0,0,0,2,0,0,0,0,1,,0,0,Otago Region,Nil,2-way,Sealed,0,0,0,0,50,0,On,0,0,,71,Dunedin City,Unknown,0,0,0,0,0,0,Urban,1,0,0,Fine,Null
1567458,5177345,363,,595300,0,,0,1,,East,2000/2001,HOON HAY ROAD,UPLAND ROAD,,Minor Crash,No,2000,,East,,0,,Flat,,,,,,Bright sun,2631901,1,0,0,2,,,0,,,,,,Canterbury Region,Nil,2-way,Sealed,,0,0,,50,,Null,0,0,,60,Christchurch City,Unknown,,,,,0,0,Urban,1,,,Fine,Null
1862577,5711434,364,,541311,0,,0,1,,Null,2004/2005,MAPARA ROAD,ACACIA HEIGHTS DRIVE,,Minor Crash,No,2004,,East,,0,,Flat,,,,,,Overcast,1279114,1,0,0,2,,,0,,,,,,Waikato Region,Nil,2-way,Sealed,,0,0,,100,,Off,0,0,,21,Taupo District,Nil,,,,,0,0,Open,1,,,Light rain,Null
1653781,5429591,365,,580446,0,0,0,1,1,West,2003/2004,SH 6,KAIUMA BAY ROAD,,Minor Crash,Yes,2003,0,North,0,0,0,Flat,0,,0,,0,Dark,2283600,1,0,0,2,0,0,0,0,0,,0,0,Marlborough Region,Nil,2-way,Sealed,0,0,0,0,100,0,None,0,0,,53,Marlborough District,Nil,0,0,0,0,0,0,Open,0,0,0,Fine,Null
1806573,5634017,366,,555000,0,0,0,1,0,Null,2000/2001,RAETIHI OHAKUNE ROAD,SH 49,,Non-Injury Crash,Yes,2000,0,North,0,0,0,Flat,0,,0,,0,Overcast,1676900,0,0,0,2,0,0,0,0,0,,0,0,Manawatu-Wanganui Region,Nil,2-way,Sealed,0,0,0,0,50,0,Null,0,0,,36,Ruapehu District,Give way,0,1,0,0,0,0,Urban,0,0,0,Fine,Null
1748916,5914808,367,,511301,0,0,0,2,0,South,2006/2007,LYNWOOD ROAD,NIKAU ST,,Non-Injury Crash,No,2006,0,West,0,0,0,Hill Road,0,,0,,0,Overcast,267800,0,0,0,2,0,0,0,0,1,,0,0,Auckland Region,Nil,2-way,Sealed,0,0,0,0,50,0,Off,0,0,,76,Auckland,Nil,0,0,0,0,0,0,Urban,0,0,0,Fine,Null
1736395,5927228,368,,505605,0,,0,1,,West,2010/2011,TAWA ROAD,MOTU ROAD,,Minor Crash,No,2010,,East,,0,,Hill Road,,,,,,Overcast,215500,2,0,0,2,,,0,,,,,,Auckland Region,Nil,2-way,Sealed,,0,0,,80,,None,1,0,,76,Auckland,Nil,,,,,0,0,Open,0,,,Fine,Null
1754393,5929224,369,,508320,0,,0,2,,South,2011/2012,WAIRAU ROAD,VIEW ROAD,,Minor Crash,No,2011,,East,,0,,Flat,,,,,,Bright sun,196401,1,0,0,4,,,0,,,,,,Auckland Region,Nil,2-way,Sealed,,0,0,,50,,Off,0,0,,76,Auckland,Give way,,,,,0,0,Urban,0,,,Fine,Null
1747258,5919798,370,,512300,0,,0,2,,Null,2001/2002,TE ATATU ROAD,TE ATATU OFF EBD S,,Non-Injury Crash,Yes,2002,,North,,0,,Flat,,,,,,Dark,252000,0,0,0,2,,,0,,,,,,Auckland Region,Nil,2-way,Sealed,,0,0,,50,,On,0,0,,76,Auckland,Give way,,,,,0,0,Urban,0,,,Fine,Null
1564264,5186569,371,,587811,0,0,0,1,0,West,2001/2002,MCLEANS ISLAND ROAD,JOHNS ROAD E,,Non-Injury Crash,No,2001,0,South,0,0,1,Flat,0,,0,,0,Overcast,2493901,0,0,0,2,0,0,0,0,0,,0,0,Canterbury Region,Nil,2-way,Sealed,0,0,0,0,100,0,Null,0,0,,60,Christchurch City,Unknown,0,0,0,0,0,0,Open,0,0,0,Fine,Frost
1839705,5856791,372,,534200,0,0,0,2,0,North,2015/2016,002-0073,RAHU ROAD,,Fatal Crash,Yes,2015,1,South,0,1,0,Hill Road,1,,0,,0,Bright sun,1076400,1,0,0,3,0,0,0,0,0,,0,0,Waikato Region,Nil,2-way,Sealed,0,0,1,0,100,0,Null,0,0,,12,Hauraki District,Nil,0,0,0,0,0,0,Open,0,0,0,Fine,Null
1771644,5897650,373,,523912,0,,0,2,,South,2016/2017,GREAT SOUTH ROAD,WALTERS ROAD,,Non-Injury Crash,No,2017,,South,,0,,Flat,,,,,,Bright sun,767808,0,0,0,2,,,0,,,,,,Auckland Region,Nil,2-way,Sealed,,0,0,,50,,Null,0,0,,76,Auckland,Nil,,,,,0,0,Urban,0,,,Fine,Null
1460527,5082153,374,,599500,0,,0,1,,Null,2003/2004,SH 1S,NORTH ST,,Non-Injury Crash,Yes,2004,,North,,0,,Flat,,,,,,Dark,2794800,0,0,0,2,,,0,,,,,,Canterbury Region,Nil,2-way,Sealed,,0,0,,50,,On,0,0,,64,Timaru District,Traffic Signals,,,,,0,0,Urban,1,,,Fine,Null
1764884,5439820,375,,568201,0,,0,2,,South,2015/2016,EASTERN HUTT ROAD,ELDON GROVE,,Non-Injury Crash,No,2016,,South,,0,,Flat,,,,,,Overcast,1932700,0,0,0,2,,,0,,,,,,Wellington Region,Nil,2-way,Sealed,,0,0,,50,,Null,0,0,,46,Lower Hutt City,Unknown,,,,,0,0,Urban,0,,,Fine,Null
1242423,4849967,376,,611210,0,,0,1,,South,2008/2009,SH 6,YARROW ST,,Non-Injury Crash,Yes,2009,,South,,0,,Flat,,,,,,Overcast,3106700,0,0,0,4,,,0,,,,,,Southland Region,Nil,2-way,Sealed,,0,0,,50,,Null,0,0,,75,Invercargill City,Unknown,,,,,1,0,Urban,0,,,Light rain,Null
1751576,5916605,377,,514900,0,,0,2,,South,2016/2017,GREAT NORTH ROAD,FAIRLANDS AVENUE,,Non-Injury Crash,No,2017,,North,,0,,Flat,,,,,,Overcast,384901,0,0,0,4,,,0,,,,,,Auckland Region,Nil,2-way,Sealed,,0,0,,50,,Null,0,0,,76,Auckland,Unknown,,,,,0,0,Urban,0,,,Fine,Null
1806957,5651112,378,45,532601,0,,0,1,,Null,2008/2009,SH 4,MAKATOTE BR,,Non-Injury Crash,Yes,2009,,South,,0,,Hill Road,,,,,,Twilight,1025400,0,0,0,2,,,0,,,,,,Manawatu-Wanganui Region,Nil,2-way,Sealed,,0,0,,100,,None,0,0,,36,Ruapehu District,Nil,,,,,0,0,Open,1,,,Light rain,Null
1759621,5916009,379,,519200,0,,0,1,,Null,2004/2005,GREAT SOUTH ROAD,MOMONA ROAD,,Non-Injury Crash,No,2005,,North,,0,,Flat,,,,,,Bright sun,615900,0,0,0,2,,,0,,,,,,Auckland Region,Nil,2-way,Sealed,,0,0,,50,,Off,1,0,,76,Auckland,Give way,,,,,0,0,Urban,0,,,Fine,Null
1755473,5922110,380,,515202,0,0,0,1,0,North,2010/2011,SH 1N,SHELLY BEACH OBR,,Non-Injury Crash,Yes,2010,0,South,0,0,0,Hill Road,1,,0,,0,Overcast,423600,0,0,0,4,0,0,0,0,0,,0,0,Auckland Region,Nil,1-way,Sealed,0,0,0,0,80,0,Off,0,0,,76,Auckland,Nil,0,0,0,0,0,0,Open,0,0,0,Fine,Null
1764416,5909897,381,,521802,0,,0,2,,Null,2011/2012,AVENUE ROAD,CHURCH ST,,Minor Crash,No,2011,,West,,0,,Flat,,,,,,Dark,787900,1,0,0,2,,,0,,,,,,Auckland Region,Nil,2-way,Sealed,,0,0,,50,,On,0,0,,76,Auckland,Give way,,,,,0,0,Urban,0,,,Fine,Null
1751216.476,5915648.535,382,,514401,0,0,0,0,0,East,2019/2020,WALSALL STREET,GREAT NORTH ROAD,,Non-Injury Crash,No,2020,0,East,0,0,0,Hill Road,0,,0,,0,Bright sun,381900,0,0,0,1,0,0,0,0,0,,0,1,Auckland Region,Nil,1-way,Sealed,0,0,0,0,50,0,Off,0,0,,76,Auckland,Unknown,0,0,0,0,0,0,Urban,1,0,0,Fine,Null
1764101,5914264,383,,520303,0,,0,1,,Null,2005/2006,MOUNT WELLINGTON HIGHWAY,TE HORETA ROAD,,Non-Injury Crash,No,2005,,South,,0,,Flat,,,,,,Bright sun,627600,0,0,0,4,,,0,,,,,,Auckland Region,Nil,2-way,Sealed,,0,0,,50,,Off,0,0,,76,Auckland,Nil,,,,,0,0,Urban,1,,,Fine,Null
1568842,5180147,384,,591600,0,,0,1,,South,2006/2007,Z CPK RICCARTON CRICKET,RICCARTON AVENUE,,Non-Injury Crash,No,2007,,North,,0,,Flat,,,,,,Bright sun,2678800,0,0,0,0,,,0,,,,,,Canterbury Region,Nil,Off road,Unsealed,,0,0,,20,,Null,0,0,,60,Christchurch City,Nil,,,,,0,0,Urban,1,,,Fine,Null
1680077,5403972,385,,581230,0,,0,2,,Null,2009/2010,SH 1S,HIGH ST BR,,Non-Injury Crash,Yes,2009,,North,,0,,Flat,,,,,,Overcast,2295000,0,0,0,2,,,0,,,,,,Marlborough Region,Nil,2-way,Sealed,,0,0,,50,,Null,0,0,,53,Marlborough District,Nil,,,,,1,0,Urban,0,,,Fine,Null
1758556,5447171,386,,572200,0,,0,2,,Null,2004/2005,DISCOVERY DRIVE,SPINNAKER DRIVE,,Non-Injury Crash,No,2005,,South,,0,,Flat,,,,,,Overcast,2071205,0,0,0,2,,,0,,,,,,Wellington Region,Nil,2-way,Sealed,,0,0,,50,,Null,0,0,,44,Porirua City,Give way,,,,,0,0,Urban,0,,,Light rain,Null
1759765,5436299,387,,569100,0,,0,0,,South,2005/2006,QUEENS DRIVE,WATERLOO ROAD,,Minor Crash,No,2006,,North,,0,,Flat,,,,,,Bright sun,1968100,1,0,0,2,,,0,,,1,,,Wellington Region,Nil,2-way,Sealed,,0,0,,50,,Null,1,0,,46,Lower Hutt City,Nil,,,,,0,0,Urban,0,,,Fine,Null
1791691,5506870,388,,564011,0,0,0,1,0,West,2016/2017,WAITARERE BEACH ROAD,SH 1N,,Non-Injury Crash,No,2017,0,East,0,0,1,Flat,0,,0,,0,Overcast,1855301,0,0,0,2,0,0,0,0,0,,0,0,Manawatu-Wanganui Region,Nil,2-way,Sealed,0,0,0,0,100,0,None,0,0,,42,Horowhenua District,Unknown,0,0,0,0,0,0,Open,0,0,0,Mist or Fog,Null
1563711,5179032,389,,587701,0,1,0,1,0,Null,2003/2004,RACECOURSE ROAD,SOCKBURN OBR,,Non-Injury Crash,No,2003,0,North,0,0,0,Flat,0,,0,,0,Bright sun,2479700,0,0,0,2,0,0,0,0,0,,0,0,Canterbury Region,Nil,1-way,Sealed,0,0,0,0,50,0,Null,0,0,,60,Christchurch City,Unknown,0,0,0,0,0,0,Urban,0,0,0,Fine,Null
1704368,5666277,390,,552702,0,0,0,1,0,South,2011/2012,SH 3A,HURSTHOUSE ROAD,,Minor Crash,Yes,2012,0,North,0,0,1,Flat,0,,0,,0,Bright sun,1609100,1,0,0,2,0,0,0,0,0,,0,0,Taranaki Region,Nil,2-way,Sealed,0,0,0,0,100,0,Null,0,0,,33,New Plymouth District,Nil,0,0,0,0,0,0,Open,0,0,0,Fine,Null
1565507,5178624,391,,590300,0,,0,2,,Null,2001/2002,SH 73 CURLETTS,LUNNS ROAD,,Non-Injury Crash,Yes,2001,,South,,0,,Flat,,,,,,Overcast,2480502,0,0,0,4,,,0,,,,,,Canterbury Region,Nil,2-way,Sealed,,0,0,,70,,Null,0,0,,60,Christchurch City,Give way,,,,,0,0,Urban,0,,,Light rain,Null
1753301,5913130,392,,518901,0,0,0,1,0,North,2015/2016,HAYCOCK AVENUE,BATTERSBY AVENUE,,Non-Injury Crash,No,2015,0,East,0,0,0,Flat,0,,1,,0,Overcast,584800,0,0,0,2,0,0,0,0,0,,0,0,Auckland Region,Nil,2-way,Sealed,0,0,0,0,50,0,Null,0,0,,76,Auckland,Nil,0,0,0,0,0,0,Urban,0,0,0,Fine,Null
1408603,4917505,393,,604720,0,,0,0,,East,2012/2013,SH 88,PARRY ST EAST,,Serious Crash,Yes,2012,,West,,0,,Hill Road,,,,,,Bright sun,2880000,0,0,0,2,,,0,,,1,,,Otago Region,Nil,2-way,Sealed,,0,1,,70,,Null,0,0,,71,Dunedin City,Unknown,,,,,1,0,Urban,0,,,Fine,Null
1760000,5436377,394,,569100,0,0,0,2,0,West,2017/2018,KINGS CRESCENT,BLOOMFIELD TERRACE,,Non-Injury Crash,No,2018,0,East,0,0,0,Flat,0,,0,,0,Bright sun,1967800,0,0,0,2,0,0,0,0,1,,0,0,Wellington Region,Nil,2-way,Sealed,0,0,0,0,50,0,Null,0,0,,46,Lower Hutt City,Unknown,0,0,0,0,0,0,Urban,0,0,0,Fine,Null
1891807,5741312,395,75,538842,0,0,0,1,0,North,2010/2011,SETTLERS ROAD,REPOROA ROAD,,Minor Crash,No,2011,0,North,0,0,1,Flat,0,,0,,0,Overcast,1260700,1,0,0,2,0,0,0,0,0,,0,0,Waikato Region,Nil,2-way,Sealed,0,0,0,0,100,0,Null,0,0,,24,Rotorua District,Unknown,0,0,0,0,0,0,Open,0,0,0,Heavy rain,Null
1405900,4914675,396,,604410,0,0,0,2,0,South,2009/2010,GLASGOW ST,HILLSIDE ROAD,,Non-Injury Crash,No,2010,0,South,0,0,0,Flat,0,,0,,0,Bright sun,2931900,0,0,0,2,0,0,0,0,1,,0,0,Otago Region,Nil,1-way,Sealed,0,0,0,0,50,0,Null,0,0,,71,Dunedin City,Unknown,0,0,0,0,0,0,Urban,0,0,0,Fine,Null
1775512,5577536,397,,557100,0,,0,2,,East,2017/2018,VICTORIA AVENUE,RIDGWAY ST,,Non-Injury Crash,No,2018,,East,,0,,Flat,,,,,,Overcast,1698200,0,0,0,2,,,0,,,,,,Manawatu-Wanganui Region,Nil,2-way,Sealed,,0,0,,50,,Null,0,0,,37,Whanganui District,Unknown,,,,,0,0,Urban,0,,,Fine,Null
1801536,5816003,398,,529900,0,,0,3,,North,2016/2017,HEAPHY TERRACE,GREY ST,,Non-Injury Crash,No,2017,,North,,0,,Flat,,,,,,Bright sun,862400,0,0,0,2,,,0,,,,,,Waikato Region,Rail xing,2-way,Sealed,,0,0,,50,,Null,0,0,,16,Hamilton City,Unknown,,,,,0,0,Urban,0,,,Fine,Null
1789458,5753763,399,,532000,0,0,0,1,0,North,2010/2011,SH 3,TYNAN ROAD,,Non-Injury Crash,Yes,2010,0,South,0,0,1,Hill Road,0,,0,,0,Dark,1009801,0,0,0,2,0,0,0,0,0,,0,0,Waikato Region,Nil,2-way,Sealed,0,0,0,0,50,0,On,0,0,,20,Waitomo District,Unknown,0,0,0,0,0,0,Urban,0,0,0,Light rain,Null
1279607,4873608,400,,610010,0,0,0,1,0,South,2008/2009,SH 1S,SH 96,,Non-Injury Crash,Yes,2009,1,South,0,0,0,Flat,0,,0,,0,Dark,3087802,0,0,0,2,0,0,0,0,0,,0,0,Southland Region,Nil,2-way,Sealed,0,0,0,0,100,0,None,0,0,,74,Gore District,Unknown,0,0,0,0,0,0,Open,0,0,0,Fine,Null
1878972,5821600,401,,538102,0,,0,2,,West,2012/2013,SH 2A,MAYFAIR ST,,Non-Injury Crash,Yes,2013,,East,,0,,Flat,,,,,,Dark,1168501,0,0,0,2,,,0,,,,,,Bay of Plenty Region,Nil,2-way,Sealed,,0,0,,50,,On,0,0,,23,Tauranga City,Unknown,,,,,0,0,Urban,0,,,Fine,Null
1804692,5868918,402,,527221,0,0,0,1,0,South,2010/2011,OKAERIA ROAD,SH 2,,Non-Injury Crash,No,2011,0,North,0,0,1,Hill Road,0,,0,,0,Dark,933800,0,0,0,2,0,0,0,0,0,,0,0,Waikato Region,Nil,2-way,Unsealed,0,0,0,0,100,0,None,0,0,30,13,Waikato District,Unknown,0,0,0,0,0,0,Open,0,0,0,Fine,Null
1643469,6105919,403,,500801,0,,0,1,,North,2014/2015,SH 1N,MAKENE ROAD,,Minor Crash,Yes,2015,,West,,0,,Flat,,,,,,Dark,28201,1,0,1,2,,,0,,,,,,Northland Region,Nil,2-way,Sealed,,0,0,,100,,None,0,0,,1,Far North District,Unknown,,,,,0,0,Open,0,,,Fine,Null
1759025,5917541,404,,516001,0,,0,2,,West,2013/2014,REMUERA ROAD,DILWORTH AVENUE,,Minor Crash,No,2013,,West,,0,,Flat,,,,,,Bright sun,490704,1,0,0,4,,,0,,,,,,Auckland Region,Nil,2-way,Sealed,,0,0,,50,,Off,1,0,,76,Auckland,Nil,,,,,0,0,Urban,0,,,Fine,Null
1763642,5912693,405,,520500,0,,0,1,,North,2014/2015,SH 1N,MT WGTN OBR,,Non-Injury Crash,Yes,2015,,South,,0,,Flat,,,,,,Overcast,637400,0,0,0,3,,,0,,,,,,Auckland Region,Nil,1-way,Sealed,,0,0,,100,,None,1,0,,76,Auckland,Nil,,,,,0,0,Open,0,,,Fine,Null
1744214,5923282,406,,513511,0,0,0,1,0,North,2004/2005,SH 16,ROYAL OBR,,Minor Crash,Yes,2005,0,North,0,0,0,Hill Road,1,,0,,0,Overcast,224303,1,0,0,4,0,0,0,0,0,,0,0,Auckland Region,Nil,2-way,Sealed,0,0,0,0,100,0,Off,0,0,,76,Auckland,Nil,0,0,0,0,0,0,Open,0,0,0,Light rain,Null
1572202,5189607,407,,590604,0,0,0,1,0,North,2011/2012,MARSHLAND ROAD,TURNERS ROAD,,Minor Crash,No,2012,0,North,0,0,1,Flat,0,Queens Birthday,0,,0,Dark,2503101,1,0,0,2,0,0,0,0,0,,0,1,Canterbury Region,Nil,2-way,Sealed,0,0,0,0,80,0,On,0,0,,60,Christchurch City,Unknown,0,0,0,0,0,0,Open,0,0,0,Fine,Null
1749263,5429527,408,,572900,0,,0,2,,North,2010/2011,THORNDON QUAY,TINAKORI ROAD,,Non-Injury Crash,No,2011,,North,,0,,Flat,,,,,,Dark,2118400,0,0,0,2,,,0,,,,,,Wellington Region,Nil,2-way,Sealed,,0,0,,50,,On,0,0,,47,Wellington City,Nil,,,,,0,0,Urban,0,,,Fine,Null
1884319,5825236,409,,536831,0,,0,2,,West,2007/2008,GIRVEN ROAD,GLOUCESTER ROAD,,Non-Injury Crash,No,2007,,East,,0,,Flat,,,,,,Bright sun,1201605,0,0,0,4,,,0,,,,,,Bay of Plenty Region,Nil,2-way,Sealed,,0,0,,50,,Off,0,0,,23,Tauranga City,Nil,,,,,0,0,Urban,0,,,Fine,Null
1562125,5179897,410,,587400,0,,0,1,,South,2008/2009,SH 1S,HALWYN DRIVE,,Serious Crash,Yes,2008,,South,,0,,Flat,,,,,,Bright sun,2489200,0,0,1,3,,,0,,,,,,Canterbury Region,Nil,2-way,Sealed,,0,1,,50,,Null,0,0,,60,Christchurch City,Nil,,,,,0,0,Urban,0,,,Fine,Null
1750346,5914399,411,,511303,0,,0,1,,Null,2012/2013,CRUM AVENUE,GREAT NORTH ROAD,,Non-Injury Crash,No,2013,,South,,0,,Flat,,,,,,Overcast,266200,0,0,0,2,,,0,,,,,,Auckland Region,Nil,2-way,Sealed,,0,0,,50,,Off,0,0,,76,Auckland,Stop,,,,,0,0,Urban,1,,,Fine,Null
1717787.572,6072486.023,412,45,501814,0,0,0,1,1,South,2018/2019,RUSSELL RD  (CTL),PEACH ORCHARD ROAD,,Non-Injury Crash,No,2019,0,East,0,0,0,Flat,0,,0,,0,Overcast,60600,0,0,0,2,0,0,0,0,0,,0,0,Northland Region,Nil,2-way,Sealed,0,0,0,0,100,0,None,0,0,,2,Whangarei District,Unknown,0,0,0,0,0,0,Open,0,0,0,Mist or Fog,Null
1930589,5616244,413,,547300,0,,0,1,,North,2006/2007,GLOUCESTER ST,ROSKILDA CRESCENT,,Minor Crash,No,2007,,East,,0,,Flat,,,,,,Bright sun,1460500,1,0,1,2,,,0,,,,,,Hawke's Bay Region,Nil,2-way,Sealed,,0,0,,50,,Null,0,0,,31,Napier City,Nil,,,,,0,0,Urban,0,,,Fine,Null
1563919,5183595,414,,588800,0,0,0,1,0,West,2005/2006,AVONHEAD ROAD,HAWTHORNDEN ROAD,,Non-Injury Crash,No,2005,0,East,0,0,0,Flat,0,,0,,0,Dark,2520803,0,0,0,2,0,0,0,0,0,,0,1,Canterbury Region,Nil,2-way,Sealed,0,0,0,0,50,0,On,0,0,,60,Christchurch City,Unknown,0,0,0,0,0,0,Urban,0,0,0,Fine,Null