X,Y,OBJECTID,advisorySpeed,areaUnitID,bicycle,bridge,bus,carStationWagon,cliffBank,crashDirectionDescription,crashFinancialYear,crashLocation1,crashLocation2,crashRoadSideRoad,crashSeverity,crashSHDescription,crashYear,debris,directionRoleDescription,ditch,fatalCount,fence,flatHill,guardRail,holiday,houseOrBuilding,intersection,kerb,light,meshblockId,minorInjuryCount,moped,motorcycle,NumberOfLanes,objectThrownOrDropped,otherObject,otherVehicleType,overBank,parkedVehicle,pedestrian,phoneBoxEtc,postOrPole,region,roadCharacter,roadLane,roadSurface,roadworks,schoolBus,seriousInjuryCount,slipOrFlood,speedLimit,strayAnimal,streetLight,suv,taxi,temporarySpeedLimit,tlaId,tlaName,trafficControl,trafficIsland,trafficSign,train,tree,truck,unknownVehicleType,urban,vanOrUtility,vehicle,waterRiver,weatherA,weatherB
1553276,5385054,554,,581842,0,0,0,1,1,Null,2014/2015,SH 6,COAL CREEK BR,,Minor Crash,Yes,2014,0,South,0,0,0,Hill Road,0,,0,,0,Dark,2380700,1,0,0,2,0,0,0,0,0,,0,0,Tasman Region,Nil,2-way,Sealed,0,0,0,0,100,0,None,0,0,,51,Tasman District,Nil,0,0,0,0,0,0,Open,0,0,0,Snow,Frost
1816882,5803603,555,,527503,0,,0,2,,Null,2007/2008,SH 1N HAMILTON,SH 1N VICTORIA,,Non-Injury Crash,Yes,2008,,South,,0,,Flat,,,,,,Dark,962602,0,0,0,3,,,0,,,,,,Waikato Region,Nil,2-way,Sealed,,0,0,,50,,On,0,0,,17,Waipa District,Give way,,,,,0,0,Urban,0,,,Fine,Null
1750287,5425014,556,,576903,0,0,0,3,0,West,2014/2015,SH 1N,EVANS BAY PARADE,,Non-Injury Crash,Yes,2015,0,East,0,0,0,Flat,0,,0,,0,Bright sun,2180200,0,0,0,4,0,0,0,0,1,,0,0,Wellington Region,Nil,2-way,Sealed,0,0,0,0,50,0,Null,0,0,,47,Wellington City,Nil,0,0,0,0,0,0,Urban,0,0,0,Fine,Null
1763715,5913511,557,,520402,0,0,0,1,0,South,2017/2018,MOUNT WELLINGTON HIGHWAY,ROSLYN ROAD,,Non-Injury Crash,No,2018,0,North,0,0,0,Flat,0,Easter,0,,0,Dark,640300,0,0,0,4,0,0,0,0,0,,0,1,Auckland Region,Nil,2-way,Sealed,0,0,0,0,50,0,On,0,0,,76,Auckland,Unknown,0,0,0,0,0,0,Urban,0,0,0,Fine,Null
1743870,5916906,558,,513220,0,0,0,1,0,Null,2004/2005,STURGES ROAD,SUMMERLAND DRIVE,,Non-Injury Crash,No,2005,0,East,0,0,1,Flat,0,,0,,0,Overcast,236803,0,0,0,2,0,0,0,0,0,,0,1,Auckland Region,Nil,2-way,Sealed,0,0,0,0,50,0,Off,0,0,,76,Auckland,Give way,0,0,0,0,0,0,Urban,0,0,0,Light rain,Null
1260445,5010407,559,,609032,0,0,0,1,0,East,2010/2011,LITTLES ROAD,MALAGHANS ROAD,,Non-Injury Crash,No,2010,0,East,1,0,0,Hill Road,0,,0,,0,Dark,3038104,0,0,0,2,0,0,0,0,0,,0,0,Otago Region,Nil,2-way,Sealed,0,0,0,0,80,0,None,0,0,,70,Queenstown-Lakes District,Unknown,0,0,0,0,0,0,Open,0,0,0,Fine,Frost
1699485,5675311,560,,551111,0,,0,1,,South,2012/2013,HENWOOD ROAD,MANUTAHI ROAD,,Minor Crash,No,2013,,North,,0,,Flat,,,,,,Bright sun,1560600,1,0,0,2,,,0,,,,,,Taranaki Region,Nil,2-way,Sealed,,0,0,,100,,Null,1,0,,33,New Plymouth District,Nil,,,,,0,0,Open,0,,,Fine,Null
1801817,5815062,561,,530200,0,,0,1,,Null,2013/2014,GREY ST,BEALE ST,,Non-Injury Crash,No,2013,,South,,0,,Flat,,,,,,Bright sun,892800,0,0,0,2,,,0,,,,,,Waikato Region,Nil,2-way,Sealed,,0,0,,50,,Null,0,0,,16,Hamilton City,Give way,,,,,0,0,Urban,1,,,Fine,Null
1767523,5904804,562,,524604,0,,0,2,,South,2017/2018,GREAT SOUTH ROAD,CAVENDISH DRIVE,,Minor Crash,No,2017,,North,,0,,Flat,,,,,,Overcast,780209,1,0,0,2,,,0,,,,,,Auckland Region,Nil,1-way,Sealed,,0,0,,60,,Null,0,0,,76,Auckland,Give way,,,,,0,0,Urban,0,,,Fine,Null
1680078,5403949,563,,581230,0,,0,1,,North,2006/2007,SH 1S,MAIN ST,,Minor Crash,Yes,2007,,South,,0,,Flat,,,,,,Bright sun,2295000,1,0,0,2,,,0,,,1,,,Marlborough Region,Bridge,2-way,Sealed,,0,0,,50,,Null,0,0,,53,Marlborough District,Nil,,,,,0,0,Urban,0,,,Fine,Null
1763822,5907386,564,45,524301,0,0,0,2,0,East,2017/2018,GRAY AVENUE,ORAKAU ROAD,,Non-Injury Crash,No,2018,0,South,0,0,0,Flat,0,,0,,0,Bright sun,748100,0,0,0,2,0,0,0,0,1,,0,0,Auckland Region,Nil,2-way,Unsealed,0,0,0,0,50,0,Null,0,0,40,76,Auckland,Unknown,0,0,0,0,0,0,Urban,0,0,0,Fine,Null
1925408.308,5776305.327,565,,542540,0,0,0,1,0,South,2019/2020,TARAWERA ROAD,WATERHOUSE STREET,,Minor Crash,No,2019,0,South,0,0,0,Flat,0,,0,,0,Bright sun,1324602,2,0,0,2,0,0,0,0,0,,0,0,Bay of Plenty Region,Nil,2-way,End of seal,0,0,0,0,70,0,None,0,0,,25,Whakatane District,Unknown,0,0,0,1,0,0,Urban,0,0,0,Fine,Null
1739558,5928663,566,,505602,0,,0,0,,West,2001/2002,SH 16,RIVERHEAD ROAD,,Non-Injury Crash,Yes,2001,,West,,0,,Flat,,,,,,Overcast,214104,0,0,0,2,,,0,,,,,,Auckland Region,Nil,2-way,Sealed,,0,0,,60,,Off,0,0,,76,Auckland,Nil,,,,,0,0,Urban,2,,,Fine,Null
1755860,5921125,567,,515202,0,,0,1,,North,2005/2006,SH 1N,FANSHAWE ON NBD,,Minor Crash,Yes,2005,,North,,0,,Flat,,,,,,Bright sun,425600,1,0,0,4,,,0,,,,,,Auckland Region,Nil,1-way,Sealed,,0,0,,80,,Off,0,0,,76,Auckland,Nil,,,,,0,0,Open,1,,,Fine,Null
1884966,5774114,568,,540410,0,0,0,0,0,West,2004/2005,HAUPAPA ST,TUTANEKAI ST,,Non-Injury Crash,No,2005,0,West,0,0,0,Flat,0,,0,,0,Overcast,1233300,0,0,0,2,0,0,0,0,1,,0,0,Bay of Plenty Region,Nil,2-way,Sealed,0,0,0,0,50,0,Off,0,0,,24,Rotorua District,Nil,0,0,0,0,0,0,Urban,2,0,0,Fine,Null
1607043,5247063,569,,585700,0,0,0,0,0,South,2009/2010,SH 1S,COBBOLDS CRK CV,,Minor Crash,Yes,2010,0,South,0,0,0,Hill Road,0,,0,,0,Bright sun,2434701,1,0,0,3,0,0,0,0,0,,0,0,Canterbury Region,Nil,2-way,Sealed,0,0,0,0,100,0,Null,1,0,70,58,Hurunui District,Unknown,0,1,0,0,0,0,Open,0,0,0,Fine,Null
1773587,5445218,570,,567100,0,,0,2,,West,2015/2016,FERGUSSON DRIVE,WILSON ST,,Non-Injury Crash,No,2016,,West,,0,,Flat,,,,,,Dark,1906100,0,0,0,2,,,0,,,,,,Wellington Region,Nil,2-way,Sealed,,0,0,,50,,On,0,0,,45,Upper Hutt City,Unknown,,,,,0,0,Urban,1,,,Fine,Null
1765578,5905874,571,,522202,0,0,0,1,0,Null,2006/2007,CARRUTH ROAD,ST GEORGE ST,,Non-Injury Crash,No,2007,0,East,0,0,0,Flat,0,,0,,0,Dark,664300,0,0,0,2,0,0,0,0,0,,0,1,Auckland Region,Nil,2-way,Sealed,0,0,0,0,50,0,On,0,0,,76,Auckland,Give way,0,0,0,0,0,0,Urban,0,0,0,Light rain,Null
1950812.503,5791260.221,572,,542440,0,0,0,1,0,Null,2019/2020,DOMAIN ROAD,COMMERCE STREET,,Non-Injury Crash,No,2020,0,South,0,0,0,Flat,0,,0,,1,Dark,1308000,0,0,0,2,0,0,0,0,0,,0,0,Bay of Plenty Region,Nil,2-way,Sealed,0,0,0,0,50,0,On,0,0,,25,Whakatane District,Stop,0,0,0,0,0,0,Urban,0,0,0,Fine,Null
1767017.28,5442602.975,573,,568101,0,0,0,1,0,West,2018/2019,EASTERN HUTT ROAD,REYNOLDS BACH DRIVE,,Non-Injury Crash,No,2019,0,North,0,0,0,Flat,1,,0,,0,Overcast,1930400,0,0,0,2,0,0,0,0,0,,0,0,Wellington Region,Nil,2-way,Sealed,0,0,0,0,80,0,Off,0,0,,46,Lower Hutt City,Unknown,0,1,0,0,0,0,Open,0,0,0,Light rain,Null
1764352,5906131,574,,524303,0,,0,2,,South,1999/2000,STATION ROAD,PEVERILL CRESCENT S,,Non-Injury Crash,No,2000,,North,,0,,Flat,,,,,,Overcast,657300,0,0,0,2,,,0,,,,,,Auckland Region,Nil,2-way,Sealed,,0,0,,50,,Off,0,0,,76,Auckland,Nil,,,,,0,0,Urban,0,,,Light rain,Null
1568218,5180338,575,,590701,0,,0,2,,East,2003/2004,RICCARTON ROAD,MANDEVILLE ST,,Minor Crash,No,2004,,West,,0,,Flat,,,,,,Overcast,2472304,1,0,0,2,,,0,,,,,,Canterbury Region,Nil,2-way,Sealed,,0,0,,50,,Null,0,0,,60,Christchurch City,Unknown,,,,,0,0,Urban,0,,,Light rain,Null
1753951,5929360,576,,508320,0,0,0,1,0,West,2010/2011,WAIRAU ROAD,ELLICE ROAD,,Non-Injury Crash,No,2011,0,West,0,0,1,Flat,0,Easter,0,,1,Bright sun,196201,0,0,0,2,0,0,0,0,0,,0,0,Auckland Region,Nil,2-way,Sealed,0,0,0,0,50,0,Off,0,0,,76,Auckland,Nil,0,0,0,0,0,0,Urban,0,0,0,Fine,Null
1805842,5791897,577,,527936,0,,0,1,,Null,2018/2019,TE RAHU ROAD,TE ARANUI DRIVE,,Minor Crash,No,2018,,South,,0,,Flat,,,,,,Bright sun,986800,1,0,1,2,,,0,,,,,,Waikato Region,Nil,2-way,Sealed,,0,0,,70,,Null,0,0,,17,Waipa District,Nil,,,,,0,0,Urban,0,,,Fine,Null
1757070.967,5919440.456,578,,514200,0,,0,2,,West,2018/2019,KARANGAHAPE ROAD,LIVERPOOL STREET,,Non-Injury Crash,No,2018,,West,,0,,Flat,,,,,,Dark,412301,0,0,0,4,,,0,,,,,,Auckland Region,Nil,2-way,Sealed,,0,0,,50,,On,0,0,,76,Auckland,Nil,,,,,0,0,Urban,0,,,Fine,Null
1837738,5684391,579,,541348,0,,0,1,,West,2013/2014,SH 41,TOKAANU STM BR,,Non-Injury Crash,Yes,2014,,West,,0,,Hill Road,,,,,,Overcast,1288701,0,0,0,1,,,0,,,,,,Waikato Region,Nil,2-way,Sealed,,0,0,,100,,Null,0,0,,21,Taupo District,Unknown,,,,,0,0,Open,0,,,Heavy rain,Null
1765183,5914671,580,,520301,0,,0,1,,North,2003/2004,PILKINGTON ROAD,QUEENS ROAD,,Non-Injury Crash,No,2004,,South,,0,,Hill Road,,,,,,Bright sun,628300,0,0,0,3,,,0,,,,,,Auckland Region,Nil,2-way,Sealed,,0,0,,50,,Off,0,0,,76,Auckland,Nil,,,,,0,0,Urban,1,,,Fine,Null
1719947,6045978,581,,503200,0,,0,2,,South,2005/2006,RIVERSIDE DRIVE,EWING ROAD,,Non-Injury Crash,No,2006,,East,,0,,Flat,,,,,,Dark,101304,0,0,0,4,,,0,,,,,,Northland Region,Nil,2-way,Sealed,,0,0,,50,,On,0,0,,2,Whangarei District,Nil,,,,,0,0,Urban,0,,,Light rain,Null
1406045,4915926,582,,602900,0,,0,1,,Null,2006/2007,SH 1S,JERVOIS ST,,Non-Injury Crash,Yes,2006,,East,,0,,Flat,,,,,,Bright sun,2895900,0,0,1,2,,,0,,,,,,Otago Region,Nil,2-way,Sealed,,0,0,,50,,Null,0,0,,71,Dunedin City,Give way,,,,,0,0,Urban,0,,,Fine,Null
1459153,5299220,583,,584932,0,,0,0,,East,2018/2019,TAYLORVILLE ROAD,SEWELL PEAK ROAD,,Serious Crash,No,2018,,North,,0,,Flat,,,,,,Overcast,2403003,0,0,0,2,,,0,,,,,,West Coast Region,Nil,2-way,Sealed,,0,1,,100,,Null,0,0,,56,Grey District,Unknown,,,,,0,0,Open,1,,,Heavy rain,Null
1879194.353,5816507.942,584,,537900,0,0,0,1,0,South,2018/2019,OHAUITI ROAD,Null,,Serious Crash,No,2019,0,North,0,0,1,Hill Road,0,,0,,0,Bright sun,1193211,2,0,0,2,0,0,0,1,0,,0,0,Bay of Plenty Region,Nil,2-way,Sealed,0,0,1,0,80,0,Off,0,0,,23,Tauranga City,Unknown,0,0,0,1,0,0,Open,0,0,0,Fine,Null
1562184,5180059,585,,587812,2,,0,0,,Null,2007/2008,BUCHANANS ROAD,SH 1S,,Non-Injury Crash,Yes,2008,,West,,0,,Flat,,,,,,Bright sun,2495112,0,0,0,3,,,0,,,,,,Canterbury Region,Nil,2-way,Sealed,,0,0,,50,,Null,0,0,,60,Christchurch City,Traffic Signals,,,,,1,0,Urban,0,,,Fine,Null
1762711,5912528,586,,519500,0,,0,1,,South,2007/2008,GREAT SOUTH ROAD,CHURCH ST,,Non-Injury Crash,No,2008,,North,,0,,Flat,,,,,,Bright sun,622700,0,0,0,3,,,0,,,,,,Auckland Region,Nil,2-way,Sealed,,0,0,,50,,Off,0,0,,76,Auckland,Nil,,,,,1,0,Urban,1,,,Fine,Null
1796735,5818378,587,,528406,0,,0,3,,North,2006/2007,SH 1N,FOREMAN ROAD,,Non-Injury Crash,Yes,2007,,South,,0,,Flat,,,,,,Bright sun,907601,0,0,0,2,,,0,,,,,,Waikato Region,Nil,2-way,Sealed,,0,0,,80,,Off,0,0,,16,Hamilton City,Nil,,,,,0,0,Open,0,,,Fine,Null
1679022,5403062,588,,581240,0,0,0,1,0,Null,2008/2009,BREWER ST,ELTHAM ROAD,,Non-Injury Crash,No,2009,0,North,0,0,1,Flat,0,,0,,0,Overcast,2301300,0,0,0,2,0,0,0,0,0,,0,0,Marlborough Region,Nil,2-way,Sealed,0,0,0,0,50,0,Null,0,0,,53,Marlborough District,Nil,0,0,0,0,0,0,Urban,0,0,0,Light rain,Null
1490857,5167888,589,,597600,0,,0,2,,Null,2007/2008,SH 77,BANK ST,,Non-Injury Crash,Yes,2007,,South,,0,,Flat,,,,,,Dark,2752700,0,0,0,2,,,0,,,,,,Canterbury Region,Nil,2-way,Sealed,,0,0,,50,,On,0,0,,63,Ashburton District,Give way,,,,,0,0,Urban,0,,,Fine,Null
1820040,5484709,590,,578401,0,0,0,0,1,South,2011/2012,SH 2,MT BRUCE SUM,,Minor Crash,Yes,2011,0,North,0,0,0,Hill Road,0,,0,,0,Dark,2229002,1,0,0,2,0,0,0,0,0,,0,0,Wellington Region,Nil,2-way,Sealed,0,0,0,0,100,0,None,1,0,,48,Masterton District,Nil,0,0,0,0,0,0,Open,0,0,0,Fine,Frost
1765468,5914475,591,,520602,0,,0,2,,Null,2008/2009,QUEENS ROAD,DOMAIN ROAD,,Non-Injury Crash,No,2008,,East,,0,,Flat,,,,,,Overcast,630001,0,0,0,2,,,0,,,,,,Auckland Region,Nil,2-way,Sealed,,0,0,,50,,Null,0,0,,76,Auckland,Give way,,,,,0,0,Urban,0,,,Fine,Null
1800566,5814619,592,,529100,0,,0,2,,Null,2010/2011,RUAKIWI ROAD,THACKERAY ST,,Minor Crash,No,2011,,South,,0,,Flat,,,,,,Overcast,931100,1,0,0,2,,,0,,,,,,Waikato Region,Nil,2-way,Sealed,,0,0,,50,,Null,0,0,,16,Hamilton City,Give way,,,,,0,0,Urban,0,,,Fine,Null
1694713.897,5676679.929,593,,552100,0,,0,1,,Null,2019/2020,NORTHGATE,MANGOREI ROAD,,Non-Injury Crash,Yes,2020,,East,,0,,Flat,,,,,,Overcast,1597800,0,0,0,2,,,0,,,,,,Taranaki Region,Nil,1-way,Sealed,,0,0,,50,,Off,0,0,,33,New Plymouth District,Traffic Signals,,,,,0,0,Urban,1,,,Fine,Null
1863928,5746003,594,,541334,0,,0,2,,Null,2011/2012,SH 1N,TIROHANGA ROAD,,Minor Crash,Yes,2011,,West,,0,,Hill Road,,,,,,Bright sun,1276201,2,0,0,2,,,0,,,,,,Waikato Region,Nil,2-way,Sealed,,0,0,,100,,Null,0,0,,21,Taupo District,Give way,,,,,0,0,Open,0,,,Fine,Null
1839873,5822410,595,,534604,0,0,0,1,0,Null,2005/2006,SH 27,WALTON ROAD,,Serious Crash,Yes,2006,0,East,1,0,1,Flat,0,,0,,0,Dark,1098200,1,0,0,2,0,0,0,0,0,,0,0,Waikato Region,Nil,2-way,Sealed,0,0,1,0,100,0,On,0,0,,15,Matamata-Piako District,Stop,0,1,0,1,1,0,Open,0,0,0,Fine,Null
1627908,5428633,596,,581812,0,0,0,1,0,West,2002/2003,Z TRACK N OF RD,POLE FORD BR N,,Non-Injury Crash,No,2002,0,East,0,0,0,Hill Road,0,,0,,0,Dark,2361001,0,0,0,1,0,0,0,0,0,,0,0,Nelson Region,Nil,Off road,Unsealed,0,0,0,0,50,0,None,0,0,,52,Nelson City,Nil,0,0,0,1,0,0,Urban,0,0,0,Fine,Null
1576615,5184153,597,,595700,0,,0,2,,Null,2009/2010,BOWER AVENUE,TRAVIS ROAD,,Minor Crash,No,2009,,East,,0,,Flat,,,,,,Dark,2562400,1,0,0,1,,,0,,,,,,Canterbury Region,Nil,2-way,Sealed,,0,0,,50,,On,0,0,,60,Christchurch City,Give way,,,,,0,0,Urban,0,,,Fine,Null
1767528,5443229,598,,569600,0,0,0,2,0,Null,2010/2011,WESTERN HUTT ON NBD,SH 2,,Non-Injury Crash,Yes,2010,0,South,0,0,0,Flat,0,,0,,0,Bright sun,1916500,0,0,0,1,0,0,0,0,0,,0,0,Wellington Region,Nil,1-way,Sealed,0,0,0,0,100,0,Null,0,0,,46,Lower Hutt City,Traffic Signals,0,0,0,0,0,0,Open,0,1,0,Mist or Fog,Null
1775851,5740505,599,,531500,0,0,0,1,0,Null,2003/2004,SH 3,MOA ST,,Non-Injury Crash,Yes,2004,0,West,0,0,0,Flat,0,,0,,0,Dark,1015400,0,0,0,2,0,0,0,0,0,,0,0,Waikato Region,Nil,2-way,Sealed,0,0,0,0,50,0,On,0,0,,20,Waitomo District,Nil,0,0,0,1,0,0,Urban,0,0,0,Fine,Null
1788868,5446665,600,,579803,0,,0,1,,East,2012/2013,SH 2,RIMUTAKA SUMMIT,,Non-Injury Crash,Yes,2013,,West,,0,,Hill Road,,,,,,Bright sun,2272601,0,0,0,2,,,0,,,,,,Wellington Region,Nil,2-way,Sealed,,0,0,,100,,Null,0,0,,50,South Wairarapa District,Nil,,,,,0,0,Open,0,,,Fine,Null
1767689,5903932,601,,524602,0,,0,1,,West,2014/2015,SH 20,GREAT SOUTH OBR,,Non-Injury Crash,Yes,2015,,East,,0,,Flat,,,,,,Bright sun,780417,0,0,0,2,,,0,,,,,,Auckland Region,Nil,1-way,Sealed,,0,0,,100,,Off,0,0,,76,Auckland,Nil,,,,,1,0,Open,0,,,Fine,Null
1875830,5819277,602,,537601,0,0,0,1,0,West,2017/2018,ARGYLL ROAD,SEAFORTH GROVE,,Non-Injury Crash,No,2017,0,East,0,0,0,Flat,0,,0,,0,Dark,1176700,0,0,0,2,0,0,0,0,0,,0,1,Bay of Plenty Region,Nil,2-way,Sealed,0,0,0,0,50,0,On,0,0,,23,Tauranga City,Unknown,0,0,0,0,0,0,Urban,0,0,0,Fine,Null
1771917,5897964,603,40,523912,0,,0,2,,East,2004/2005,WALTERS ROAD,BRAEBURN PLACE,,Non-Injury Crash,No,2005,,West,,0,,Flat,,,,,,Bright sun,767400,0,0,0,2,,,0,,,,,,Auckland Region,Nil,2-way,Sealed,,0,0,,50,,Off,0,0,,76,Auckland,Nil,,,,,0,0,Urban,0,,,Fine,Null
1292995,5037654,604,,609029,0,0,0,1,0,South,2011/2012,CARDRONA VALLEY ROAD,RIVERBANK ROAD,,Non-Injury Crash,No,2012,0,North,0,0,1,Flat,0,,0,,0,Overcast,3038903,0,0,0,2,0,0,0,0,0,,0,0,Otago Region,Nil,2-way,Sealed,0,0,0,0,100,0,Null,0,0,,70,Queenstown-Lakes District,Unknown,0,0,0,0,0,0,Open,0,0,0,Fine,Null
1756663,5913761,605,,518701,0,,0,2,,Null,2010/2011,MOUNT ALBERT ROAD,MOUNT EDEN ROAD,,Non-Injury Crash,No,2010,,West,,0,,Flat,,,,,,Overcast,568300,0,0,0,3,,,0,,,,,,Auckland Region,Nil,2-way,Sealed,,0,0,,50,,Off,0,0,,76,Auckland,Traffic Signals,,,,,0,0,Urban,0,,,Fine,Null
1929969,5617232,606,,547300,0,,0,2,,West,2004/2005,PUKETAPU ROAD,HARPHAM ST,,Non-Injury Crash,No,2005,,West,,0,,Flat,,Queens Birthday,,,,Overcast,1461801,0,0,0,2,,,0,,,,,,Hawke's Bay Region,Nil,2-way,Sealed,,0,0,,50,,Null,0,0,,31,Napier City,Nil,,,,,0,0,Urban,0,,,Fine,Null
2039348,5706709,607,,544802,0,,0,2,,Null,2005/2006,SH 35,MATTHEWS ROAD,,Non-Injury Crash,Yes,2005,,East,,0,,Flat,,,,,,Bright sun,1385104,0,0,0,2,,,0,,,,,,Gisborne Region,Nil,2-way,Sealed,,0,0,,70,,Null,0,0,,28,Gisborne District,Give way,,,,,0,0,Urban,0,,,Fine,Null
1753430,5929753,608,,508411,0,,0,1,,South,2007/2008,GLENFIELD ROAD,SUNSET ROAD,,Minor Crash,No,2007,,North,,0,,Hill Road,,,,,,Dark,183902,1,0,0,3,,,0,,,,,,Auckland Region,Nil,2-way,Sealed,,0,0,,50,,On,0,0,,76,Auckland,Nil,,,,,1,0,Urban,0,,,Heavy rain,Null
1244236.877,4848571.335,609,,611400,0,0,0,1,0,East,2020/2021,CENTRE STREET,POMONA STREET,,Non-Injury Crash,No,2020,0,West,0,0,0,Flat,0,,0,,0,Dark,3145800,0,0,0,2,0,0,0,0,0,,0,1,Southland Region,Nil,2-way,Sealed,0,0,0,0,50,0,On,0,0,,75,Invercargill City,Nil,0,0,0,0,0,0,Urban,0,0,0,Fine,Null
1821260,5530101,610,,562310,0,0,0,3,0,West,2012/2013,FEATHERSTON ST,RANGITIKEI ST,,Non-Injury Crash,No,2012,0,East,0,0,0,Flat,0,,0,,0,Bright sun,1824200,0,0,0,2,0,0,0,0,1,,0,0,Manawatu-Wanganui Region,Nil,2-way,Sealed,0,0,0,0,50,0,Null,0,0,,40,Palmerston North City,Nil,0,0,0,0,0,0,Urban,0,0,0,Fine,Null
1929090.351,5606510.439,611,,547700,0,,0,2,,Null,2019/2020,PAKOWHAI ROAD,FRIMLEY ROAD,,Minor Crash,No,2019,,West,,0,,Flat,,,,,,Twilight,1485800,1,0,0,2,,,0,,,,,,Hawke's Bay Region,Nil,2-way,Sealed,,0,0,,50,,On,0,0,,30,Hastings District,Traffic Signals,,,,,0,0,Urban,0,,,Fine,Null
1768906,5905871,612,,523711,0,,0,2,,Null,2010/2011,DAWSON ROAD,TE IRIRANGI DRIVE,,Non-Injury Crash,No,2010,,East,,0,,Flat,,,,,,Bright sun,713005,0,0,0,4,,,0,,,,,,Auckland Region,Nil,2-way,Sealed,,0,0,,50,,Off,0,0,,76,Auckland,Give way,,,,,0,0,Urban,0,,,Fine,Null
1781972,5449680,613,35,566500,0,0,0,1,1,South,2000/2001,KAITOKE LOOP,STATION DRIVE,,Non-Injury Crash,No,2001,0,South,0,0,0,Hill Road,0,,0,,0,Overcast,1914601,0,0,0,3,0,0,0,0,0,,0,0,Wellington Region,Nil,2-way,Sealed,0,0,0,0,100,0,Null,0,0,,45,Upper Hutt City,Nil,0,0,0,0,0,0,Open,0,0,0,Light rain,Null
1756352.669,5435177.667,614,,569800,0,0,0,1,0,North,2019/2020,KOROKORO ROAD,SINGERS ROAD,,Non-Injury Crash,No,2019,0,North,0,0,0,Hill Road,0,,0,,0,Dark,2035900,0,0,0,2,0,0,0,1,0,,0,1,Wellington Region,Nil,2-way,Sealed,0,0,0,0,50,0,On,0,0,,46,Lower Hutt City,Nil,0,0,0,0,0,0,Urban,0,0,0,Light rain,Null
1839551,5518828,615,,577900,0,0,0,1,0,East,2007/2008,PAHIATUA MANGAHAO ROAD,PUKEMIKU ROAD,,Non-Injury Crash,No,2007,0,South,0,0,1,Hill Road,0,,0,,0,Bright sun,2221900,0,0,0,2,0,0,0,0,0,,0,0,Manawatu-Wanganui Region,Nil,2-way,Sealed,0,0,0,0,100,0,Null,0,0,,41,Tararua District,Nil,0,0,0,0,0,0,Open,0,0,0,Fine,Null
1763904,5912490,616,,520500,0,,0,0,,Null,1999/2000,MOUNT WELLINGTON HIGHWAY,MT WGTN ON NBD N,,Non-Injury Crash,Yes,2000,,South,,0,,Flat,,,,,,Overcast,637300,0,0,0,6,,,1,,,,,,Auckland Region,Nil,2-way,Sealed,,0,0,,50,,Off,0,0,,76,Auckland,Nil,,,,,0,0,Urban,1,,,Light rain,Null
1406899,4918694,617,,603601,0,,0,1,,North,2000/2001,GEORGE ST,WARRENDER ST,,Non-Injury Crash,No,2001,,South,,0,,Flat,,,,,,Dark,2865200,0,0,0,2,,,0,,,,,,Otago Region,Nil,2-way,Sealed,,0,0,,50,,On,0,0,,71,Dunedin City,Unknown,,,,,0,0,Urban,0,,,Light rain,Null
1849920,5856971,618,,534400,0,,0,0,,East,2001/2002,SH 2,DEAN CRESCENT,,Non-Injury Crash,Yes,2002,,East,,0,,Flat,,,,,,Bright sun,1078101,0,0,0,2,,,0,,,,,,Waikato Region,Nil,2-way,Sealed,,0,0,,100,,Off,0,0,,12,Hauraki District,Nil,,,,,1,0,Open,1,,,Fine,Null
1755768,5922644,619,,509800,0,,0,3,,North,2010/2011,SH 1N,TOP OF HARBOUR BRIDGE,,Non-Injury Crash,Yes,2011,,South,,0,,Hill Road,,,,,,Bright sun,359300,0,0,0,3,,,0,,,,,,Auckland Region,Bridge,1-way,Sealed,,0,0,,80,,Off,0,0,,76,Auckland,Nil,,,,,0,0,Open,1,,,Fine,Null
1720714.867,6044198.857,620,,503900,0,,0,1,,Null,2018/2019,PORT ROAD,KIOREROA ROAD,,Non-Injury Crash,No,2018,,North,,0,,Flat,,,,,,Bright sun,109200,0,0,0,2,,,0,,,,,,Northland Region,Rail xing,2-way,Sealed,,0,0,,50,,Null,0,0,,2,Whangarei District,Give way,,,,,0,0,Urban,1,,,Fine,Null
1743701,5919991,621,,513622,0,0,0,2,0,South,2001/2002,DON BUCK ROAD,HELENA ST,,Minor Crash,No,2002,0,South,0,0,0,Hill Road,0,,0,,0,Overcast,226902,1,0,0,2,0,0,0,0,1,,0,0,Auckland Region,Nil,2-way,Sealed,0,0,0,0,50,0,Off,0,0,,76,Auckland,Nil,0,0,0,0,0,0,Urban,0,0,0,Heavy rain,Null
1749981.527,5665728.706,622,,553001,0,0,0,0,1,Null,2019/2020,OHURA ROAD,WHANGAMOMONA ROAD,,Non-Injury Crash,Yes,2020,0,Null,0,0,0,Null,0,,0,,0,Unknown,1624100,0,0,0,2,0,0,0,0,0,,0,0,Manawatu-Wanganui Region,Nil,2-way,Sealed,0,0,0,0,50,0,Null,0,0,,34,Stratford District,Give way,0,0,0,0,0,0,Urban,1,0,0,Null,Null