X,Y,OBJECTID,advisorySpeed,areaUnitID,bicycle,bridge,bus,carStationWagon,cliffBank,crashDirectionDescription,crashFinancialYear,crashLocation1,crashLocation2,crashRoadSideRoad,crashSeverity,crashSHDescription,crashYear,debris,directionRoleDescription,ditch,fatalCount,fence,flatHill,guardRail,holiday,houseOrBuilding,intersection,kerb,light,meshblockId,minorInjuryCount,moped,motorcycle,NumberOfLanes,objectThrownOrDropped,otherObject,otherVehicleType,overBank,parkedVehicle,pedestrian,phoneBoxEtc,postOrPole,region,roadCharacter,roadLane,roadSurface,roadworks,schoolBus,seriousInjuryCount,slipOrFlood,speedLimit,strayAnimal,streetLight,suv,taxi,temporarySpeedLimit,tlaId,tlaName,trafficControl,trafficIsland,trafficSign,train,tree,truck,unknownVehicleType,urban,vanOrUtility,vehicle,waterRiver,weatherA,weatherB
1748544,5911265,623,,511902,0,,0,0,,Null,2004/2005,CASTLEFORD ST,GODLEY ROAD,,Non-Injury Crash,No,2005,,West,,0,,Flat,,Easter,,,,Dark,293301,0,0,0,2,,,0,,,,,,Auckland Region,Nil,2-way,Sealed,,0,0,,50,,On,0,0,,76,Auckland,Give way,,,,,0,0,Urban,2,,,Fine,Null
1751447,5423518,624,,577200,0,0,0,1,0,Null,2001/2002,SH 1N,STEWART DUFF DRIVE,,Non-Injury Crash,Yes,2001,0,South,0,0,0,Flat,0,,0,,0,Dark,2209200,0,0,0,4,0,0,0,0,0,,0,0,Wellington Region,Nil,2-way,Sealed,0,0,0,0,50,0,On,0,0,,47,Wellington City,Give way,1,1,0,0,0,0,Urban,0,0,0,Fine,Null
1745584,5428233,625,,574800,0,,0,0,,North,2012/2013,RAINE ST,KARORI ROAD,,Non-Injury Crash,No,2012,,South,,0,,Flat,,,,,,Bright sun,2107600,0,0,1,2,,,0,,,,,,Wellington Region,Nil,2-way,Sealed,,0,0,,50,,Null,0,0,,47,Wellington City,Give way,,,,,0,0,Urban,1,,,Fine,Strong wind
1771086,5444005,626,,567700,0,0,0,1,0,South,2001/2002,Z DWAY 62 ARARINO ST,TAWAI ST,,Serious Crash,No,2002,0,West,0,0,1,Flat,0,,0,,0,Dark,1896000,0,0,0,0,0,0,0,0,0,1,0,0,Wellington Region,Nil,Off road,Sealed,0,0,1,0,50,0,On,0,0,,45,Upper Hutt City,Nil,0,0,0,0,0,0,Urban,0,0,0,Fine,Null
1800693,5813325,627,,529100,0,,0,2,,North,2003/2004,OHAUPO ROAD,SANDLEIGH ROAD,,Non-Injury Crash,No,2004,,North,,0,,Flat,,,,,,Overcast,930102,0,0,0,2,,,0,,,,,,Waikato Region,Nil,2-way,Sealed,,0,0,,50,,Off,0,0,,16,Hamilton City,Nil,,,,,0,0,Urban,0,,,Light rain,Null
1757876,5914444,628,,518600,0,,0,1,,South,2009/2010,PAH ROAD,SELWYN ROAD,,Non-Injury Crash,No,2009,,North,,0,,Flat,,,,,,Bright sun,566000,0,0,0,2,,,0,,,,,,Auckland Region,Nil,2-way,Sealed,,0,0,,50,,Off,0,0,,76,Auckland,Nil,,,,,0,0,Urban,1,,,Fine,Null
1823963,5530641,629,,562600,0,0,0,1,0,East,2012/2013,SH 3,LIMBRICK ST,,Serious Crash,Yes,2012,0,West,0,0,0,Flat,0,,0,,0,Dark,1846700,0,0,0,2,0,0,0,0,0,,0,0,Manawatu-Wanganui Region,Nil,2-way,Sealed,0,0,1,0,50,0,On,0,0,,40,Palmerston North City,Nil,0,1,0,0,0,0,Urban,0,0,0,Fine,Null
1759058,5911796,630,,519820,0,,0,2,,Null,2005/2006,NEILSON STREET,ONEHUNGA MALL,,Non-Injury Crash,No,2006,,South,,0,,Flat,,,,,,Bright sun,602401,0,0,0,4,,,0,,,,,,Auckland Region,Nil,2-way,Sealed,,0,0,,50,,Off,0,0,,76,Auckland,Traffic Signals,,,,,0,0,Urban,0,,,Fine,Null
1789644,5814441,631,,527913,0,,0,1,,East,2000/2001,SH 23,KAKARAMEA ROAD,,Non-Injury Crash,Yes,2001,,West,,0,,Flat,,,,,,Overcast,978500,0,0,0,2,,,0,,,,,,Waikato Region,Nil,2-way,Sealed,,0,0,,80,,Off,0,0,,13,Waikato District,Nil,,,,,0,0,Open,1,,,Fine,Null
1761102,5914930,632,,520202,0,,0,2,,North,2005/2006,SH 1N,PENROSE ON NBD,,Minor Crash,Yes,2005,,North,,0,,Flat,,,,,,Bright sun,611900,1,0,0,3,,,0,,,,,,Auckland Region,Nil,1-way,Sealed,,0,0,,100,,Off,0,0,,76,Auckland,Nil,,,,,0,0,Open,1,,,Fine,Null
1572804,5178951,633,,593502,0,,0,2,,Null,2010/2011,FERRY ROAD,RYAN ST,,Non-Injury Crash,No,2011,,East,,0,,Flat,,,,,,Bright sun,2605300,0,0,0,2,,,0,,,,,,Canterbury Region,Nil,2-way,Sealed,,0,0,,50,,Null,0,0,,60,Christchurch City,Give way,,,,,0,0,Urban,0,,,Fine,Null
1674289,5632574,634,,553200,0,0,0,2,0,East,2011/2012,IHAIA ROAD,GISBORNE TERRACE,,Serious Crash,No,2011,0,South,0,0,0,Flat,0,,0,,1,Dark,1633100,2,0,0,1,0,0,0,0,0,,0,0,Taranaki Region,Nil,2-way,Sealed,0,0,1,0,50,0,On,0,0,,35,South Taranaki District,Nil,0,0,0,0,0,0,Urban,0,0,0,Fine,Null
1749243,5914280,635,,511302,0,0,0,0,0,West,2012/2013,RIMU ST,NIKAU ST,,Non-Injury Crash,No,2013,0,East,0,0,0,Flat,0,,0,,0,Bright sun,268600,0,0,0,2,0,0,0,0,1,,0,0,Auckland Region,Nil,2-way,Sealed,0,0,0,0,50,0,Null,2,0,,76,Auckland,Unknown,0,0,0,0,0,0,Urban,0,0,0,Fine,Null
1573589,5179884,636,,593600,0,,0,2,,Null,2002/2003,LINWOOD AVENUE,ALDWINS ROAD,,Non-Injury Crash,No,2003,,East,,0,,Flat,,,,,,Bright sun,2612502,0,0,0,4,,,0,,,,,,Canterbury Region,Nil,2-way,Sealed,,0,0,,50,,Null,0,0,,60,Christchurch City,Traffic Signals,,,,,0,0,Urban,0,,,Fine,Null
1760401,5913061,637,,520000,0,,0,2,,West,2006/2007,MOUNT SMART ROAD,WAITANGI ROAD,,Non-Injury Crash,No,2007,,East,,0,,Flat,,,,,,Bright sun,606201,0,0,0,2,,,0,,,,,,Auckland Region,Nil,2-way,Sealed,,0,0,,50,,Off,0,0,,76,Auckland,Nil,,,,,0,0,Urban,0,,,Fine,Null
1752169.331,5946924.099,638,,506001,0,,0,1,,West,2019/2020,WHANGAPARAOA ROAD,RED BEACH ROAD,,Non-Injury Crash,No,2019,,East,,0,,Flat,,,,,,Bright sun,175501,0,0,0,5,,,0,,,,,,Auckland Region,Nil,2-way,Sealed,,0,0,,60,,Off,0,0,,76,Auckland,Unknown,,,,,0,0,Urban,1,,,Fine,Null
1849429,5890443,639,,533603,0,0,0,1,0,East,2006/2007,SH 25,MCBETH ROAD,,Non-Injury Crash,Yes,2007,0,East,1,0,0,Hill Road,0,Christmas New Year,0,,0,Overcast,1059504,0,0,0,2,0,0,0,0,0,,0,0,Waikato Region,Nil,2-way,Sealed,0,0,0,0,100,0,None,0,0,,11,Thames-Coromandel District,Nil,0,0,0,0,0,0,Open,0,0,0,Light rain,Null
1753469,5914071,640,,518801,0,,1,1,,East,2003/2004,RICHARDSON ROAD,LABURNUM ROAD,,Minor Crash,No,2004,,North,,0,,Flat,,,,,,Bright sun,578701,1,0,0,2,,,0,,,,,,Auckland Region,Nil,2-way,Sealed,,0,0,,50,,Off,0,0,,76,Auckland,Nil,,,,,0,0,Urban,0,,,Fine,Null
2030387,5718102,641,,544001,0,,0,1,,West,2006/2007,BACK ORMOND ROAD,WAIHIRERE DOMAIN ROAD,,Non-Injury Crash,No,2007,,West,,0,,Flat,,,,,,Bright sun,1360400,0,0,0,2,,,0,,,,,,Gisborne Region,Nil,2-way,Sealed,,0,0,,100,,Null,1,0,,28,Gisborne District,Nil,,,,,0,0,Open,0,,,Fine,Null
1929860,5604457,642,,548200,0,,0,1,,Null,1999/2000,HASTINGS ST SOUTH,LYNDON ROAD EAST,,Non-Injury Crash,No,2000,,South,,0,,Flat,,,,,,Overcast,1493100,0,0,0,2,,,0,,,,,,Hawke's Bay Region,Nil,2-way,Sealed,,0,0,,50,,Null,0,0,,30,Hastings District,Give way,,,,,0,0,Urban,1,,,Fine,Null
1792710,5814850,643,,527913,0,0,0,1,1,East,2015/2016,SH 23,ROBERTSON ROAD,,Non-Injury Crash,Yes,2015,0,West,0,0,0,Hill Road,0,,0,,0,Dark,978400,0,0,0,2,0,0,0,0,0,,0,0,Waikato Region,Nil,2-way,Sealed,0,0,0,0,100,0,None,0,0,,13,Waikato District,Unknown,0,0,0,0,0,0,Open,0,0,0,Light rain,Null
1880687,5829523,644,,536810,0,,0,1,,Null,2002/2003,THE MALL,PRINCE AVENUE,,Non-Injury Crash,No,2002,,North,,0,,Flat,,,,,,Bright sun,1195500,0,0,0,2,,,0,,,,,,Bay of Plenty Region,Nil,2-way,Sealed,,0,0,,50,,Off,0,0,,23,Tauranga City,Give way,,,,,1,0,Urban,0,,,Fine,Null
1571506,5177165,645,,594600,0,,0,3,,Null,2014/2015,TENNYSON ST,EASTERN TERRACE,,Non-Injury Crash,No,2015,,North,,0,,Flat,,,,,,Bright sun,2623300,0,0,0,2,,,0,,,,,,Canterbury Region,Nil,2-way,Sealed,,0,0,,50,,Null,0,0,,60,Christchurch City,Stop,,,,,0,0,Urban,0,,,Fine,Null
1833901,5884342,646,,533603,0,0,0,1,0,East,2001/2002,SH 25A,SH 26,,Non-Injury Crash,Yes,2002,0,West,0,0,0,Hill Road,1,,0,,0,Overcast,1057304,0,0,0,2,0,0,0,0,0,,0,0,Waikato Region,Nil,2-way,Sealed,0,0,0,0,100,0,None,0,0,,11,Thames-Coromandel District,Nil,0,0,0,0,0,0,Open,0,0,0,Heavy rain,Null
1770379,5911506,647,,523106,0,,0,2,,South,1999/2000,BOTANY ROAD,GOLFLAND DRIVE S,,Non-Injury Crash,No,2000,,South,,0,,Flat,,,,,,Overcast,711174,0,0,0,4,,,0,,,,,,Auckland Region,Nil,2-way,Sealed,,0,0,,70,,Off,0,0,,76,Auckland,Nil,,,,,0,0,Urban,0,,,Fine,Null
1836004,5782850,648,,535250,0,0,0,1,1,South,2017/2018,OLD TAUPO ROAD,PEARSON ROAD,,Non-Injury Crash,No,2017,0,South,0,0,0,Hill Road,0,,0,,0,Bright sun,1126400,0,0,0,2,0,0,0,0,0,,0,0,Waikato Region,Nil,2-way,Sealed,0,0,0,0,100,0,Null,0,0,30,19,South Waikato District,Unknown,0,0,0,0,0,0,Open,0,0,0,Fine,Null
1525579,5433461,649,,584402,0,,0,2,,North,1999/2000,WHARF ROAD,WAVERLEY ST,,Non-Injury Crash,No,2000,,North,,0,,Flat,,,,,,Bright sun,2383600,0,0,0,2,,,0,,,,,,West Coast Region,Nil,2-way,Sealed,,0,0,,50,,Null,0,0,,55,Buller District,Unknown,,,,,0,0,Urban,0,,,Fine,Null
1748993,5426236,650,,576500,0,,0,1,,South,2008/2009,ADELAIDE ROAD,RUGBY ST,,Non-Injury Crash,No,2008,,North,,0,,Flat,,,,,,Bright sun,2148000,0,1,0,4,,,0,,,,,,Wellington Region,Nil,2-way,Sealed,,0,0,,50,,Null,0,0,,47,Wellington City,Nil,,,,,0,0,Urban,0,,,Fine,Null
1412873,4916193,651,,604902,0,,0,2,,West,2017/2018,HIGHCLIFF ROAD,KARETAI ROAD,,Non-Injury Crash,No,2018,,West,,0,,Hill Road,,,,,,Overcast,2945400,0,0,0,2,,,0,,,,,,Otago Region,Nil,2-way,Sealed,,0,0,,80,,Null,0,0,,71,Dunedin City,Unknown,,,,,0,0,Open,0,,,Fine,Null
1742747,5926576,652,,513410,0,,0,1,,East,2016/2017,BRIGHAM CREEK ROAD,SH 16,,Minor Crash,No,2016,,East,,0,,Flat,,,,,,Overcast,220000,1,0,1,2,,,0,,,,,,Auckland Region,Nil,2-way,Sealed,,0,0,,50,,Null,0,0,,76,Auckland,Unknown,,,,,0,0,Urban,0,,,Light rain,Null
1798786,5814526,653,,529000,0,,0,1,,East,2009/2010,KILLARNEY ROAD,IRVINE ST,,Non-Injury Crash,No,2009,,East,,0,,Flat,,,,,,Bright sun,918300,0,0,0,2,,,0,,,,,,Waikato Region,Nil,2-way,Sealed,,0,0,,50,,Off,1,0,,16,Hamilton City,Nil,,,,,0,0,Urban,0,,,Fine,Null
1801935,5814845,654,,530200,0,,0,1,,East,2007/2008,CLYDE ST,GREY ST,,Minor Crash,No,2008,,West,,0,,Flat,,,,,,Bright sun,893100,1,1,0,3,,,0,,,,,,Waikato Region,Nil,2-way,Sealed,,0,0,,50,,Null,0,0,,16,Hamilton City,Unknown,,,,,0,0,Urban,0,,,Fine,Null
1560864.308,5168716.921,655,,587904,0,,0,2,,Null,2020/2021,ELLESMERE ROAD,TANCREDS ROAD,,Non-Injury Crash,No,2020,,South,,0,,Flat,,,,,,Overcast,2501300,0,0,0,2,,,0,,,,,,Canterbury Region,Nil,2-way,Sealed,,0,0,,80,,Off,0,0,,62,Selwyn District,Stop,,,,,0,0,Open,0,,,Fine,Null
1765662,5901407,656,,524604,0,,0,2,,Null,2010/2011,ROSCOMMON ROAD,BROWNS ROAD,,Non-Injury Crash,No,2010,,South,,0,,Flat,,,,,,Twilight,781302,0,0,0,6,,,0,,,,,,Auckland Region,Nil,2-way,Sealed,,0,0,,50,,On,0,0,,76,Auckland,Give way,,,,,0,0,Urban,0,,,Fine,Null
1763318,5912806,657,65,520500,0,,0,4,,South,2009/2010,SH 1N,PENROSE OBR,,Non-Injury Crash,Yes,2009,,South,,0,,Flat,,,,,,Bright sun,637400,0,0,0,3,,,0,,,,,,Auckland Region,Nil,1-way,Sealed,,0,0,,100,,Off,1,0,,76,Auckland,Nil,,,,,0,0,Open,0,,,Fine,Null
1796924,5816617,658,,528503,0,,0,2,,West,2013/2014,DOMINION ROAD,BRECKONS AVENUE,,Minor Crash,No,2014,,East,,0,,Flat,,,,,,Bright sun,976737,2,0,0,2,,,0,,,,,,Waikato Region,Nil,2-way,Sealed,,0,0,,50,,Null,0,0,,16,Hamilton City,Nil,,,,,0,0,Urban,0,,,Fine,Null
1766525,5913280,659,,522820,0,,0,1,,West,2003/2004,PAKURANGA ROAD,TI RAKAU DRIVE,,Non-Injury Crash,No,2003,,East,,0,,Flat,,,,,,Overcast,694700,0,0,0,3,,,0,,,,,,Auckland Region,Nil,2-way,Sealed,,0,0,,60,,Off,0,0,,76,Auckland,Traffic Signals,,,,,1,0,Urban,0,,,Light rain,Null
1778650.995,5875736.645,660,,521131,0,0,0,2,0,Null,2018/2019,BELLENDEN CRESCENT,HITCHEN ROAD,,Non-Injury Crash,No,2019,0,North,0,0,0,Flat,0,,0,,0,Bright sun,842700,0,0,0,2,0,0,0,0,1,,0,0,Waikato Region,Nil,2-way,Sealed,0,0,0,0,50,0,Off,0,0,,13,Waikato District,Give way,0,0,0,0,0,0,Urban,0,0,0,Fine,Null
1910881,5808598,661,,536654,0,0,0,1,0,East,2013/2014,SH 2,PUKEHINA STATION ROAD,,Serious Crash,Yes,2013,0,East,0,0,0,Flat,0,,0,,0,Dark,1212800,0,0,0,2,0,0,0,1,0,,0,0,Bay of Plenty Region,Nil,2-way,Sealed,0,0,1,0,100,0,None,0,0,,22,Western Bay of Plenty District,Unknown,0,0,0,1,0,0,Open,0,0,0,Fine,Null
1755708.904,5922585.353,662,,509800,0,,0,2,,North,2018/2019,01N-0414/09.02-D,TOP OF HARBOUR BRIDGE,,Non-Injury Crash,Yes,2019,,North,,0,,Hill Road,,,,,,Dark,359300,0,0,0,2,,,0,,,,,,Auckland Region,Bridge,1-way,Sealed,,0,0,,80,,On,0,0,,76,Auckland,Unknown,,,,,0,0,Open,0,,,Fine,Null
1576194,5182985,663,,593100,0,0,0,1,0,Null,2007/2008,HAMPSHIRE ST,BASINGSTOKE ST,,Serious Crash,No,2007,0,North,0,0,1,Flat,0,,0,,0,Overcast,2573602,0,0,0,2,0,0,0,0,0,,0,1,Canterbury Region,Nil,2-way,Sealed,0,0,1,0,50,0,Null,0,0,,60,Christchurch City,Nil,0,0,0,1,0,0,Urban,0,0,0,Fine,Null
1744434,5918200,664,,510700,0,,0,2,,Null,2015/2016,SWANSON ROAD,RATHGAR ROAD,,Minor Crash,No,2016,,South,,0,,Flat,,,,,,Dark,239200,3,0,0,1,,,0,,,,,,Auckland Region,Nil,2-way,Sealed,,0,0,,50,,On,0,0,,76,Auckland,Traffic Signals,,,,,0,0,Urban,0,,,Fine,Null
1819751,5462026,665,,578902,0,0,0,1,0,South,1999/2000,SH 2,NGAUMUTAWA ROAD,,Minor Crash,Yes,2000,0,West,0,0,1,Flat,0,,0,,0,Overcast,2230800,2,0,0,2,0,1,0,0,0,,0,0,Wellington Region,Nil,2-way,Sealed,0,0,0,0,70,0,Null,0,0,,48,Masterton District,Nil,0,0,0,0,0,0,Urban,0,0,0,Heavy rain,Null
1770351,5912793,666,,523101,0,,0,2,,East,2017/2018,CASCADES ROAD,SOLANA COURT,,Non-Injury Crash,No,2018,,East,,0,,Flat,,,,,,Dark,710517,0,0,0,2,,,0,,,,,,Auckland Region,Nil,2-way,Sealed,,0,0,,60,,On,0,0,,76,Auckland,Unknown,,,,,0,0,Urban,0,,,Fine,Null
1756387,5444145,667,,571100,0,0,0,1,0,Null,2003/2004,CHAMPION ST,GLOUCESTER ST,,Non-Injury Crash,No,2003,0,South,0,0,1,Flat,0,,0,,0,Bright sun,2048100,0,0,0,2,0,0,0,0,0,,0,0,Wellington Region,Nil,2-way,Sealed,0,0,0,0,50,0,Null,0,0,,44,Porirua City,Nil,0,0,0,0,0,0,Urban,0,0,0,Fine,Null
1285811.11,4886377.166,668,,610230,1,,0,1,,Null,2019/2020,BROUGHTON STREET,ECCLES STREET,,Serious Crash,No,2019,,South,,0,,Flat,,,,,,Overcast,3060400,0,0,0,2,,,0,,,,,,Southland Region,Nil,2-way,Sealed,,0,1,,50,,Off,0,0,,74,Gore District,Give way,,,,,0,0,Urban,0,,,Fine,Null
1572521,5178126,669,,594300,0,,0,0,,Null,2006/2007,SH 76,ENSORS ROAD,,Non-Injury Crash,Yes,2007,,South,,0,,Flat,,,,,,Bright sun,2583500,0,0,0,2,,,0,,,,,,Canterbury Region,Nil,2-way,Sealed,,0,0,,60,,Null,0,0,,60,Christchurch City,Traffic Signals,,,,,1,0,Urban,1,,,Fine,Null
1542492,5372765,670,,581842,0,0,0,0,0,East,2012/2013,SH 6,DOUGHBOY ROAD,,Non-Injury Crash,Yes,2013,0,North,0,0,0,Flat,0,,0,,0,Overcast,2381900,0,0,0,2,0,0,0,1,0,,0,0,Tasman Region,Nil,2-way,Sealed,0,0,0,0,100,0,Null,1,0,,51,Tasman District,Nil,0,0,0,0,0,0,Open,0,0,0,Light rain,Null
1756136,5924527,671,,509702,0,,0,2,,Null,2002/2003,ONEWA ROAD,ONEWA OFF NBD,,Non-Injury Crash,Yes,2002,,East,,0,,Flat,,,,,,Dark,366700,0,0,0,2,,,0,,,,,,Auckland Region,Nil,2-way,Sealed,,0,0,,50,,On,0,0,,76,Auckland,Traffic Signals,,,,,0,0,Urban,0,,,Fine,Null
1933263,5628269,672,,545611,0,0,0,0,0,South,2006/2007,SH 2,GILL ROAD,,Non-Injury Crash,Yes,2007,0,North,0,0,1,Flat,0,,0,,0,Dark,1412700,0,0,0,2,0,0,0,0,0,,0,1,Hawke's Bay Region,Nil,2-way,Sealed,0,0,0,0,70,0,On,1,0,,31,Napier City,Nil,0,0,0,0,0,0,Urban,0,0,0,Fine,Null
1930692,5616389,673,,547300,0,,0,2,,Null,2007/2008,GLOUCESTER ST,LEE ROAD,,Non-Injury Crash,No,2008,,South,,0,,Flat,,,,,,Overcast,1461502,0,0,0,2,,,0,,,,,,Hawke's Bay Region,Nil,2-way,Sealed,,0,0,,50,,Null,0,0,,31,Napier City,Give way,,,,,0,0,Urban,0,,,Fine,Null
1822287.287,5528432.641,674,,563000,0,,0,1,,Null,2018/2019,FITZHERBERT AVENUE,PARK ROAD,,Non-Injury Crash,No,2019,,North,,0,,Flat,,,,,,Bright sun,1808300,0,0,0,4,,,0,,,,,,Manawatu-Wanganui Region,Nil,2-way,Sealed,,0,0,,50,,Off,0,0,,40,Palmerston North City,Traffic Signals,,,,,0,0,Urban,1,,,Fine,Null
1762430,5436683,675,,568502,0,0,0,2,0,Null,2001/2002,NAENAE ROAD,RIVERSIDE DRIVE NORTH,,Non-Injury Crash,No,2001,0,East,0,0,1,Flat,0,,0,,0,Bright sun,1951800,0,0,0,2,0,0,0,0,0,,0,0,Wellington Region,Nil,2-way,Sealed,0,0,0,0,50,0,Null,0,0,,46,Lower Hutt City,Give way,0,0,0,0,0,0,Urban,0,0,0,Fine,Null
1572379,5179665,676,,593502,0,0,0,0,0,Null,2001/2002,NURSERY ROAD,TUAM ST,,Non-Injury Crash,No,2002,0,East,0,0,0,Flat,0,,0,,0,Overcast,2606600,0,0,0,2,0,0,0,0,0,,0,1,Canterbury Region,Nil,2-way,Sealed,0,0,0,0,50,0,Null,0,0,,60,Christchurch City,Give way,0,0,0,0,1,0,Urban,0,0,0,Light rain,Null
1767260,5903299,677,,524602,0,0,0,1,0,East,2014/2015,CELADON PLACE,DRUCES ROAD,,Non-Injury Crash,No,2014,0,East,0,0,1,Flat,0,,0,,0,Dark,780414,0,0,0,2,0,0,0,0,0,,0,0,Auckland Region,Nil,2-way,Sealed,0,0,0,0,50,0,None,0,0,,76,Auckland,Nil,0,0,0,0,0,0,Urban,0,0,0,Fine,Null
1766722,5904676,678,,524604,0,,0,2,,Null,2012/2013,CAVENDISH DRIVE,LAMBIE DRIVE,,Non-Injury Crash,No,2012,,North,,0,,Flat,,,,,,Overcast,780209,0,0,0,6,,,0,,,,,,Auckland Region,Nil,2-way,Sealed,,0,0,,60,,Off,0,0,,76,Auckland,Traffic Signals,,,,,0,0,Urban,0,,,Fine,Null
1697821,5676201,679,,551014,0,,0,2,,South,2008/2009,EGMONT ROAD,KATERE ROAD,,Serious Crash,No,2008,,East,,0,,Flat,,,,,,Overcast,1560300,0,0,1,2,,,0,,,,,,Taranaki Region,Nil,2-way,Sealed,,0,1,,100,,Null,0,0,,33,New Plymouth District,Nil,,,,,0,0,Open,0,,,Fine,Null
1757235,5929933,680,,507720,0,0,0,2,0,North,2007/2008,HEATHCOTE ROAD,GARMONS WAY,,Non-Injury Crash,No,2007,0,North,0,0,0,Hill Road,0,,0,,0,Bright sun,312800,0,0,0,2,0,0,0,0,1,,0,0,Auckland Region,Nil,2-way,Sealed,0,0,0,0,50,0,Off,0,0,,76,Auckland,Nil,0,0,0,0,0,0,Urban,0,0,0,Fine,Null
1750391,5953288,681,,506201,0,0,0,0,0,South,2013/2014,SH 1N,BILLING ROAD,,Serious Crash,Yes,2014,0,South,0,0,0,Hill Road,1,,0,,0,Twilight,176203,3,0,0,2,0,0,0,0,0,,0,0,Auckland Region,Nil,1-way,Sealed,0,0,1,0,100,0,None,0,0,,76,Auckland,Unknown,0,0,0,0,0,0,Open,1,0,0,Fine,Null
1441033,5007113,682,,601010,0,0,0,2,0,Null,2006/2007,FLEET ST,FLEET ST,,Non-Injury Crash,No,2007,0,West,0,0,0,Flat,0,,0,,0,Overcast,2845900,0,0,0,2,0,0,0,0,1,,0,0,Otago Region,Nil,2-way,Sealed,0,0,0,0,50,0,Null,0,0,,68,Waitaki District,Unknown,0,0,0,0,0,0,Urban,0,0,0,Fine,Null
1762073,5906268,683,,524200,0,0,0,0,0,East,2017/2018,SH 20,MASSEY ON SBD,,Non-Injury Crash,Yes,2018,0,East,0,0,0,Flat,1,,0,,0,Dark,728900,0,0,0,2,0,0,0,0,0,,0,0,Auckland Region,Nil,2-way,Sealed,0,0,0,0,100,0,On,0,0,,76,Auckland,Unknown,0,0,0,0,0,0,Open,1,0,0,Fine,Null
1347378,4873738,684,,607400,0,0,0,0,0,West,2001/2002,SH 1S,OXFORD ST,,Non-Injury Crash,Yes,2002,0,East,0,0,1,Hill Road,0,,1,,0,Overcast,2994700,0,0,0,3,0,0,0,0,0,,0,0,Otago Region,Nil,2-way,Sealed,0,0,0,0,50,0,Null,0,0,,72,Clutha District,Unknown,0,0,0,0,1,0,Urban,0,0,0,Fine,Null
1749952,5430655,685,,574500,0,,0,3,,North,2015/2016,SH 1N,AOTEA ON NBD,,Non-Injury Crash,Yes,2016,,East,,0,,Flat,,,,,,Bright sun,2093600,0,0,0,3,,,0,,,,,,Wellington Region,Nil,1-way,Sealed,,0,0,,70,,Null,0,0,,47,Wellington City,Unknown,,,,,0,0,Urban,0,,,Fine,Null
1763649,5912672,686,,520500,0,,0,1,,Null,2011/2012,MT WGTN ON NBD,SH 1N,,Non-Injury Crash,Yes,2011,,North,,0,,Null,,,,,,Overcast,637300,0,0,0,2,,,0,,,,,,Auckland Region,Motorway ramp,1-way,Sealed,,0,0,,100,,Off,1,0,,76,Auckland,Nil,,,,,0,0,Open,0,,,Fine,Null
1531802,5178465,687,,587010,0,,0,1,,Null,2007/2008,BEALEY ROAD,TELEGRAPH ROAD,,Serious Crash,No,2007,,North,,0,,Flat,,,,,,Overcast,2466300,1,0,0,2,,,0,,,,,,Canterbury Region,Nil,2-way,Sealed,,0,1,,100,,Null,0,0,,62,Selwyn District,Stop,,,,,1,0,Open,0,,,Fine,Null
1740439,5926754,688,,513701,0,0,0,1,0,North,2015/2016,TAUPAKI ROAD,JOSEPH DUNSTAN DRIVE,,Non-Injury Crash,No,2016,0,North,0,0,0,Flat,0,Easter,0,,0,Dark,220200,0,0,0,2,0,0,0,0,0,,0,1,Auckland Region,Nil,2-way,Sealed,0,0,0,0,70,0,None,0,0,,76,Auckland,Unknown,0,0,0,0,0,0,Urban,0,0,0,Mist or Fog,Null
1936529,5622085,689,,546802,0,0,0,4,0,South,2007/2008,SHAKESPEARE ROAD,COOTE ROAD,,Minor Crash,No,2008,0,North,0,0,0,Hill Road,0,,0,,0,Overcast,1421000,1,0,0,2,0,0,0,0,3,,0,0,Hawke's Bay Region,Nil,2-way,Sealed,0,0,0,0,50,0,Null,0,0,,31,Napier City,Nil,0,0,0,0,0,0,Urban,0,0,0,Fine,Null
1753198,5914939,690,,518801,0,,0,2,,Null,2002/2003,RICHARDSON ROAD,ODONNELL AVENUE,,Non-Injury Crash,No,2002,,East,,0,,Flat,,,,,,Bright sun,575900,0,0,0,3,,,0,,,,,,Auckland Region,Nil,2-way,Sealed,,0,0,,50,,Off,0,0,,76,Auckland,Stop,,,,,0,0,Urban,0,,,Fine,Null
1806300,5808066,691,,527915,0,,0,1,,Null,2009/2010,SH 21,RAYNES ROAD,,Minor Crash,Yes,2009,,South,,0,,Flat,,,,,,Dark,984900,1,0,1,2,,,0,,,,,,Waikato Region,Nil,2-way,Sealed,,0,0,,100,,On,0,0,,17,Waipa District,Give way,,,,,0,0,Open,0,,,Fine,Null