X,Y,OBJECTID,advisorySpeed,areaUnitID,bicycle,bridge,bus,carStationWagon,cliffBank,crashDirectionDescription,crashFinancialYear,crashLocation1,crashLocation2,crashRoadSideRoad,crashSeverity,crashSHDescription,crashYear,debris,directionRoleDescription,ditch,fatalCount,fence,flatHill,guardRail,holiday,houseOrBuilding,intersection,kerb,light,meshblockId,minorInjuryCount,moped,motorcycle,NumberOfLanes,objectThrownOrDropped,otherObject,otherVehicleType,overBank,parkedVehicle,pedestrian,phoneBoxEtc,postOrPole,region,roadCharacter,roadLane,roadSurface,roadworks,schoolBus,seriousInjuryCount,slipOrFlood,speedLimit,strayAnimal,streetLight,suv,taxi,temporarySpeedLimit,tlaId,tlaName,trafficControl,trafficIsland,trafficSign,train,tree,truck,unknownVehicleType,urban,vanOrUtility,vehicle,waterRiver,weatherA,weatherB
1746788,5918822,761,,512401,1,,0,1,,West,2003/2004,EDMONTON ROAD,TE ATATU ROAD,,Minor Crash,No,2004,,East,,0,,Flat,,Easter,,,,Overcast,255600,1,0,0,2,,,0,,,,,,Auckland Region,Nil,2-way,Sealed,,0,0,,50,,Off,0,0,,76,Auckland,Nil,,,,,0,0,Urban,0,,,Fine,Null
1573547,5184183,762,,590505,0,,0,3,,East,2003/2004,LAKE TERRACE ROAD,HORSESHOE LAKE ROAD,,Non-Injury Crash,No,2004,,West,,0,,Flat,,,,,,Overcast,2506202,0,0,0,2,,,0,,,,,,Canterbury Region,Nil,2-way,Sealed,,0,0,,50,,Null,0,0,,60,Christchurch City,Unknown,,,,,0,0,Urban,0,,,Light rain,Null
1660966,6075326,763,,500802,0,0,0,1,0,West,2004/2005,SH 12,PUNAKITERE ROAD E,,Minor Crash,Yes,2004,0,West,1,0,0,Flat,0,Christmas New Year,0,,0,Overcast,23300,1,0,0,2,0,0,0,0,0,,0,0,Northland Region,Nil,2-way,Sealed,0,0,0,0,100,0,None,0,0,,1,Far North District,Nil,0,0,0,0,0,0,Open,0,0,0,Light rain,Null
1754141,5926029,764,,508610,0,,0,2,,Null,2005/2006,MCDOWELL CRESCENT,BETSLAND CRESCENT,,Non-Injury Crash,No,2005,,West,,0,,Hill Road,,,,,,Dark,207000,0,0,0,2,,,0,,,,,,Auckland Region,Nil,2-way,Sealed,,0,0,,50,,On,0,0,,76,Auckland,Give way,,,,,0,0,Urban,0,,,Fine,Null
1457277,5083819,765,,599200,0,,0,1,,North,2018/2019,ROXBURGH ST,AVEMORE ST,,Serious Crash,No,2018,,South,,0,,Flat,,,,,,Bright sun,2775402,1,0,0,2,,,0,,,,,,Canterbury Region,Nil,2-way,Sealed,,0,1,,50,,Null,0,0,,64,Timaru District,Unknown,,,,,0,0,Urban,1,,,Light rain,Null
1797324,5820303,766,,528402,0,0,0,1,0,North,2008/2009,PUKETE ROAD,POHUTUKAWA DRIVE,,Non-Injury Crash,No,2008,0,North,0,0,0,Flat,0,,0,,0,Overcast,907302,0,0,0,1,0,0,0,0,1,,0,0,Waikato Region,Nil,2-way,Sealed,0,0,0,0,50,0,Null,1,0,,16,Hamilton City,Nil,0,0,0,0,0,0,Urban,0,0,0,Light rain,Null
1878483,5822010,767,,538102,0,,0,2,,Null,2016/2017,FRASER ST,FIFTEENTH AVENUE,,Non-Injury Crash,No,2016,,North,,0,,Flat,,,,,,Bright sun,1168700,0,0,0,5,,,0,,,,,,Bay of Plenty Region,Nil,2-way,Sealed,,0,0,,50,,Null,0,0,,23,Tauranga City,Traffic Signals,,,,,0,0,Urban,0,,,Fine,Null
1884168,5825203,768,,536831,0,,0,2,,Null,2017/2018,TITAHI BAY ROAD,MATAPIHI ROAD,,Non-Injury Crash,Yes,2018,,West,,0,,Flat,,,,,,Bright sun,1204403,0,0,0,2,,,0,,,,,,Bay of Plenty Region,Nil,1-way,Sealed,,0,0,,50,,Null,0,0,,23,Tauranga City,Give way,,,,,0,0,Urban,0,,,Fine,Null
1570632,5181271,769,,591700,0,,0,2,,Null,2009/2010,BEALEY AVENUE,COLOMBO ST,,Non-Injury Crash,No,2010,,West,,0,,Flat,,,,,,Dark,2654400,0,0,0,2,,,0,,,,,,Canterbury Region,Nil,2-way,Sealed,,0,0,,50,,On,0,0,,60,Christchurch City,Traffic Signals,,,,,0,0,Urban,0,,,Light rain,Null
1752029,5930709,770,,509100,0,0,0,1,0,Null,2014/2015,ALBANY HIGHWAY OFF EBD,ALBANY HIGHWAY,,Non-Injury Crash,Yes,2015,0,North,0,0,0,Hill Road,0,,0,,0,Dark,181003,0,0,0,3,0,0,0,0,0,,1,0,Auckland Region,Motorway ramp,1-way,Sealed,0,0,0,0,50,0,On,0,0,,76,Auckland,Traffic Signals,1,0,0,0,0,0,Urban,0,0,0,Fine,Null
1799776.521,5815185.852,771,,528900,1,,0,1,,Null,2018/2019,LAKE ROAD,SOMERSET ST,,Minor Crash,No,2019,,North,,0,,Hill Road,,,,,,Bright sun,914300,1,0,0,2,,,0,,,,,,Waikato Region,Nil,2-way,Sealed,,0,0,,50,,Off,0,0,,16,Hamilton City,Give way,,,,,0,0,Urban,0,,,Fine,Null
1885614,5773003,772,,540420,0,,0,2,,Null,2017/2018,TE NGAE ROAD,SH 30A,,Non-Injury Crash,Yes,2017,,East,,0,,Flat,,,,,,Bright sun,1236600,0,0,0,2,,,0,,,,,,Bay of Plenty Region,Nil,1-way,Sealed,,0,0,,70,,Null,0,0,,24,Rotorua District,Stop,,,,,0,0,Urban,0,,,Fine,Null
1560632,5174573,773,,587848,0,,0,2,,South,2015/2016,SPRINGS ROAD,CHARLES ST,,Non-Injury Crash,No,2015,,South,,0,,Flat,,,,,,Bright sun,2499801,0,0,0,2,,,0,,,,,,Canterbury Region,Nil,2-way,Sealed,,0,0,,50,,Null,0,0,,62,Selwyn District,Nil,,,,,0,0,Urban,0,,,Fine,Null
1747481,5914715,774,,511100,0,,0,2,,Null,2013/2014,GREAT NORTH ROAD,SABULITE ROAD,,Non-Injury Crash,No,2013,,East,,0,,Flat,,Christmas New Year,,,,Dark,284800,0,0,0,4,,,0,,,,,,Auckland Region,Nil,2-way,Sealed,,0,0,,50,,On,0,0,,76,Auckland,Traffic Signals,,,,,0,0,Urban,1,,,Fine,Null
1554413,5175602,775,,587904,0,,0,3,,North,2006/2007,SH 1S,BERKETTS ROAD,,Minor Crash,Yes,2006,,South,,0,,Flat,,,,,,Overcast,2497000,2,0,0,2,,,0,,,,,,Canterbury Region,Nil,2-way,Sealed,,0,0,,100,,Null,0,0,,62,Selwyn District,Unknown,,,,,0,0,Open,0,,,Light rain,Null
1772561,5896382,776,,525420,0,,1,1,,Null,2007/2008,ELLIOT ST,EAST ST,,Non-Injury Crash,No,2008,,West,,0,,Flat,,,,,,Bright sun,791600,0,0,0,2,,,0,,,,,,Auckland Region,Nil,2-way,Sealed,,0,0,,50,,Null,0,0,,76,Auckland,Traffic Signals,,,,,0,0,Urban,0,,,Fine,Null
1762161,5913686,777,,520500,0,,0,1,,North,2000/2001,SH 1N,SEART ON NBD,,Non-Injury Crash,Yes,2000,,North,,0,,Flat,,,,,,Bright sun,637000,0,0,0,3,,,0,,,,,,Auckland Region,Nil,1-way,Sealed,,0,0,,100,,Off,0,0,,76,Auckland,Nil,,,,,1,0,Open,0,,,Fine,Null
1863126,5695179,778,,541346,0,0,0,1,0,East,2010/2011,SH 1N,REREAHU AVENUE,,Minor Crash,Yes,2011,0,East,0,0,0,Hill Road,0,,0,,0,Bright sun,1281602,1,0,0,3,0,0,0,1,0,,0,0,Waikato Region,Nil,2-way,Sealed,0,0,0,0,100,0,Null,0,0,,21,Taupo District,Unknown,0,0,0,0,0,0,Open,0,0,0,Fine,Frost
1755120,5914103,779,,518803,0,0,0,1,0,Null,2012/2013,MEMORIAL AVENUE,DOMINION ROAD,,Non-Injury Crash,No,2013,0,North,0,0,0,Flat,0,,0,,0,Bright sun,581200,0,0,0,2,0,0,0,0,0,,0,0,Auckland Region,Nil,2-way,Sealed,0,0,0,0,50,0,Off,0,0,,76,Auckland,Stop,1,0,0,0,0,0,Urban,0,0,0,Fine,Null
1804651,5509173,780,,564021,0,,0,0,,North,2011/2012,SH 57,STAFFORD ST,,Fatal Crash,Yes,2012,,South,,1,,Flat,,,,,,Dark,1853900,0,0,0,2,,,0,,,1,,,Manawatu-Wanganui Region,Bridge,2-way,Sealed,,0,0,,70,,On,0,0,,42,Horowhenua District,Unknown,,,,,0,0,Urban,1,,,Fine,Null
1768456,5899683,781,,525101,0,,0,1,,West,2018/2019,KOHIWI ROAD,PURIRI ROAD,,Non-Injury Crash,No,2018,,East,,0,,Hill Road,,,,,,Overcast,770500,0,0,0,2,,,0,,,,,,Auckland Region,Nil,2-way,Sealed,,0,0,,50,,Null,0,0,,76,Auckland,Nil,,,,,0,0,Urban,1,,,Light rain,Null
1642474,6123397,782,45,500202,0,0,0,1,0,South,2017/2018,PARANUI ROAD,ORURU ROAD,,Non-Injury Crash,No,2017,0,South,0,0,0,Flat,0,,0,,0,Bright sun,3800,0,0,0,2,0,0,0,1,0,,0,0,Northland Region,Nil,2-way,Unsealed,0,0,0,0,100,0,Null,0,0,,1,Far North District,Unknown,0,0,0,0,0,0,Open,0,0,0,Fine,Strong wind
1767053,5440125,783,,568101,0,0,0,1,0,South,2004/2005,HOROEKA ST,LOWRY CRESCENT,,Non-Injury Crash,No,2004,0,South,0,0,0,Flat,0,,0,,0,Dark,1929100,0,0,0,2,0,0,0,0,0,,0,0,Wellington Region,Nil,2-way,Sealed,0,0,0,0,50,0,On,0,0,,46,Lower Hutt City,Nil,0,0,0,1,0,0,Urban,0,0,0,Light rain,Null
1728234,6054289,784,,501814,0,0,0,0,0,South,2013/2014,NGUNGURU ROAD,WAIPOKA ROAD,,Non-Injury Crash,No,2013,0,South,0,0,0,Flat,0,,0,,0,Overcast,62002,0,0,0,2,0,0,0,0,0,,0,0,Northland Region,Nil,2-way,Sealed,0,0,0,0,100,0,None,0,0,,2,Whangarei District,Nil,0,0,0,1,0,0,Open,1,0,0,Fine,Null
1763903,5915268,785,,517202,0,,0,2,,Null,1999/2000,LUNN AVENUE,MARUA ROAD,,Non-Injury Crash,No,2000,,North,,0,,Flat,,,,,,Dark,626302,0,0,0,2,,,0,,,,,,Auckland Region,Nil,2-way,Sealed,,0,0,,50,,On,0,0,,76,Auckland,Nil,,,,,0,0,Urban,0,,,Fine,Null
1731174,6023175,786,,501815,0,,0,0,,South,2005/2006,SH 1N,DOCTORS HILL ROAD,,Non-Injury Crash,Yes,2005,,South,,0,,Flat,,,,,,Overcast,79901,0,0,0,2,,,0,,,,,,Northland Region,Nil,2-way,Sealed,,0,0,,100,,None,0,0,,2,Whangarei District,Nil,,,,,1,0,Open,0,,,Heavy rain,Strong wind
1756813,5912736,787,,518702,0,,0,1,,East,2000/2001,SH 20,HILLSBOROUGH ROAD,,Non-Injury Crash,Yes,2000,,North,,0,,Hill Road,,,,,,Bright sun,570100,0,0,0,4,,,0,,,,,,Auckland Region,Nil,2-way,Sealed,,0,0,,100,,Off,0,0,,76,Auckland,Nil,,,,,0,0,Open,1,,,Fine,Null
1935732,5621125,788,,546801,0,0,0,3,0,Null,2007/2008,CARLYLE ST,CARLYLE ROAD,,Non-Injury Crash,No,2007,0,East,0,0,1,Flat,0,,1,,0,Dark,1425300,0,0,0,2,0,0,0,0,1,,0,0,Hawke's Bay Region,Nil,2-way,Sealed,0,0,0,0,50,0,On,0,0,,31,Napier City,Stop,0,0,0,0,0,0,Urban,0,0,0,Light rain,Null
1748726.007,5427802.052,789,,573000,0,,0,1,,North,2018/2019,SH 1,NORTH PORTAL SBD,,Non-Injury Crash,No,2018,,Null,,0,,Null,,,,,,Unknown,2127400,0,0,0,0,,,0,,,,,,Wellington Region,Nil,Null,Null,,0,0,,,,Null,0,0,,47,Wellington City,Unknown,,,,,0,1,Urban,0,,,Null,Null
1745381,5917426,790,,510700,0,,0,1,,North,2017/2018,ALDERMAN DRIVE,GREAT NORTH ROAD,,Minor Crash,No,2017,,North,,0,,Hill Road,,,,,,Bright sun,239900,1,0,1,4,,,0,,,,,,Auckland Region,Nil,2-way,Sealed,,0,0,,50,,Null,0,0,,76,Auckland,Unknown,,,,,0,0,Urban,0,,,Fine,Null
1763813,5913698,791,,520303,0,,0,2,,Null,2016/2017,PENROSE ROAD,MOUNT WELLINGTON HIGHWAY,,Non-Injury Crash,No,2016,,North,,0,,Flat,,,,,,Twilight,627300,0,0,0,4,,,0,,,,,,Auckland Region,Nil,2-way,Sealed,,0,0,,50,,Off,0,0,,76,Auckland,Traffic Signals,,,,,0,0,Urban,0,,,Light rain,Null
1874513,5816352,792,,537602,0,0,0,1,0,South,2012/2013,PYES PA ROAD,KENNEDY ROAD,,Minor Crash,No,2013,0,South,0,0,1,Flat,0,,0,,1,Dark,1192114,1,0,0,2,0,0,0,0,0,,0,0,Bay of Plenty Region,Nil,2-way,Sealed,0,0,0,0,100,0,None,0,0,,23,Tauranga City,Unknown,0,0,0,0,0,0,Open,0,0,0,Fine,Null
1881319,5819884,793,,538303,0,,0,1,,West,2016/2017,WELCOME BAY ROAD,AZORES WAY,,Non-Injury Crash,No,2016,,West,,0,,Flat,,,,,,Dark,1180305,0,0,0,2,,,0,,,,,,Bay of Plenty Region,Nil,2-way,Sealed,,0,0,,50,,On,0,0,,23,Tauranga City,Nil,,,,,0,0,Urban,1,,,Fine,Null
1885371.888,5820713.261,794,45,536642,0,0,0,1,0,East,2000/2001,WELCOME BAY ROAD,WATER LANE,,Non-Injury Crash,No,2001,0,East,0,0,1,Flat,0,,0,,0,Overcast,1206402,0,0,0,2,0,0,0,0,0,,0,0,Bay of Plenty Region,Nil,2-way,Sealed,0,0,0,0,100,0,Off,0,0,,22,Western Bay of Plenty District,Nil,0,0,0,0,0,0,Open,0,0,0,Light rain,Null
1557936,5177676,795,,587821,0,0,0,1,0,East,2014/2015,SH 1S,TRENTS ROAD,,Minor Crash,Yes,2015,0,West,0,0,0,Flat,0,,0,,0,Dark,2496701,1,0,0,2,0,1,0,0,0,,0,0,Canterbury Region,Nil,2-way,Sealed,0,0,0,0,100,0,On,0,0,,60,Christchurch City,Unknown,0,0,0,0,0,0,Open,0,0,0,Fine,Null
1756827.443,5447823.327,796,,572100,0,,0,0,,Null,2019/2020,SH 1,PAREMATA ROAD,,Minor Crash,Yes,2020,,West,,0,,Flat,,,,,,Overcast,2070000,1,1,0,2,,,0,,,,,,Wellington Region,Nil,2-way,Sealed,,0,0,,50,,Off,0,0,,44,Porirua City,Give way,,,,,0,0,Urban,0,,,Light rain,Null
1749220,5426723,797,,573101,0,,0,0,,Null,2008/2009,SH 1N,PIRIE ST,,Non-Injury Crash,Yes,2009,,South,,0,,Flat,,,,,,Dark,2136700,0,1,0,3,,,0,,,,,,Wellington Region,Nil,1-way,Sealed,,0,0,,50,,On,1,0,,47,Wellington City,Traffic Signals,,,,,0,0,Urban,0,,,Heavy rain,Null
1612245,5426871,798,,581726,0,,0,2,,West,2017/2018,LANSDOWNE ROAD,LOWER QUEEN ST,,Minor Crash,No,2017,,East,,0,,Flat,,,,,,Bright sun,2357202,2,0,0,2,,,0,,,,,,Tasman Region,Nil,2-way,Sealed,,0,0,,100,,Null,0,0,,51,Tasman District,Nil,,,,,0,0,Open,0,,,Fine,Null
1756142,5924085,799,,509800,0,,0,2,,North,2007/2008,SH 1N,STAFFORD OFF NBD,,Non-Injury Crash,Yes,2008,,North,,0,,Flat,,Easter,,,,Bright sun,361100,0,0,0,5,,,0,,,,,,Auckland Region,Nil,2-way,Sealed,,0,0,,80,,Off,0,0,,76,Auckland,Nil,,,,,0,0,Open,0,,,Fine,Null
1755471,5444067,800,,570900,0,,0,2,,Null,2014/2015,MUNGAVIN AVENUE,GEAR TERRACE,,Minor Crash,No,2014,,East,,0,,Flat,,,,,,Overcast,2054600,1,0,0,2,,,0,,,,,,Wellington Region,Nil,2-way,Sealed,,0,0,,50,,Off,0,0,,44,Porirua City,Nil,,,,,0,0,Urban,0,,,Light rain,Null
1755668,5917937,801,,517500,0,,0,2,,West,2006/2007,NEW NORTH ROAD,BOND ST,,Non-Injury Crash,No,2007,,East,,0,,Flat,,,,,,Bright sun,531300,0,0,0,4,,,0,,,,,,Auckland Region,Nil,2-way,Sealed,,0,0,,50,,Off,0,0,,76,Auckland,Nil,,,,,0,0,Urban,0,,,Fine,Null
1701593,5679503,802,,550902,0,,0,1,,Null,2009/2010,SH 3,DE HAVILLAND DRIVE,,Minor Crash,Yes,2009,,West,,0,,Flat,,,,,,Bright sun,1562801,1,0,0,2,,,0,,,,,,Taranaki Region,Nil,2-way,Sealed,,0,0,,100,,Null,0,0,,33,New Plymouth District,Give way,,,,,0,0,Open,1,,,Fine,Null
1242135,4852941,803,,610601,1,,0,1,,West,2000/2001,CHARLES ST,SH 6,,Serious Crash,No,2000,,East,,0,,Flat,,,,,,Bright sun,3102100,0,0,0,2,,,0,,,,,,Southland Region,Nil,2-way,Sealed,,0,1,,50,,Null,0,0,,75,Invercargill City,Nil,,,,,0,0,Urban,0,,,Fine,Null
1572509,5181153,804,,593300,0,0,0,1,0,North,2001/2002,RIVER ROAD,SWANNS ROAD,,Minor Crash,No,2002,0,South,0,0,0,Flat,1,,0,,0,Bright sun,2693200,1,0,0,2,0,0,0,1,0,,0,0,Canterbury Region,Nil,2-way,Unsealed,0,0,0,0,50,0,Null,0,0,,60,Christchurch City,Unknown,0,0,0,0,0,0,Urban,0,0,1,Fine,Null
1936978,5621570,805,,546802,0,,0,0,,Null,2007/2008,HASTINGS ST,TENNYSON ST,,Non-Injury Crash,No,2008,,North,,0,,Flat,,,,,,Bright sun,1423500,0,0,0,2,,,0,,,,,,Hawke's Bay Region,Nil,2-way,Sealed,,0,0,,50,,Null,0,0,,31,Napier City,Traffic Signals,,,,,1,0,Urban,1,,,Fine,Null
1406235,4916100,806,,602900,0,,0,2,,North,2017/2018,SH 1S,POLICE ST,,Non-Injury Crash,Yes,2018,,South,,0,,Flat,,,,,,Bright sun,2895600,0,0,0,3,,,0,,,,,,Otago Region,Bridge,1-way,Sealed,,0,0,,60,,Null,0,0,,71,Dunedin City,Give way,,,,,0,0,Urban,0,,,Fine,Null
1800570,5811991,807,,529200,0,,0,0,,East,2007/2008,COLLINS ROAD,ANDERSON ROAD,,Minor Crash,No,2008,,East,,0,,Flat,,,,,,Dark,928200,1,0,1,2,,,0,,,,,,Waikato Region,Nil,2-way,Sealed,,0,0,,50,,On,0,0,,16,Hamilton City,Unknown,,,,,0,0,Urban,1,,,Fine,Null
1565418,5180023,808,,590100,0,,0,2,,Null,2010/2011,RICCARTON ROAD,MAIN SOUTH ROAD,,Non-Injury Crash,No,2011,,West,,0,,Flat,,,,,,Dark,2542500,0,0,0,2,,,0,,,,,,Canterbury Region,Nil,2-way,Sealed,,0,0,,50,,On,0,0,,60,Christchurch City,Give way,,,,,0,0,Urban,0,,,Fine,Null
1404198,4916363,809,,604120,0,0,0,2,0,Null,2011/2012,STONE ST,KENMURE ROAD,,Non-Injury Crash,No,2012,0,North,0,0,0,Flat,0,,0,,0,Overcast,2921900,0,0,0,2,0,0,0,0,1,,0,0,Otago Region,Nil,2-way,Sealed,0,0,0,0,50,0,Null,0,0,,71,Dunedin City,Give way,0,0,0,0,0,0,Urban,0,0,0,Fine,Frost
1576535.826,5177059.074,810,,591300,0,0,0,1,0,East,2019/2020,FERRYMEAD TERRACE,ST ANDREWS HILL ROAD,,Serious Crash,No,2020,0,West,0,0,0,Hill Road,0,,0,,0,Bright sun,2554300,0,0,0,2,0,0,0,1,0,,0,0,Canterbury Region,Nil,2-way,Sealed,0,0,1,0,50,0,None,0,0,,60,Christchurch City,Nil,0,0,0,0,0,0,Urban,1,0,0,Fine,Null
1756908,5919155,811,,514200,0,0,0,4,0,Null,2005/2006,UPPER QUEEN ST,IAN MCKINNON DRIVE,,Non-Injury Crash,No,2006,0,East,0,0,0,Hill Road,0,,0,,0,Dark,412900,0,0,0,4,0,0,0,0,0,,0,0,Auckland Region,Nil,2-way,Sealed,0,0,0,0,50,0,On,0,0,,76,Auckland,Traffic Signals,0,0,0,0,0,0,Urban,0,1,0,Light rain,Null
1748429,5427235,812,,573000,0,,1,1,,South,2006/2007,WILLIS ST,GHUZNEE ST,,Non-Injury Crash,No,2007,,North,,0,,Flat,,,,,,Bright sun,2129700,0,0,0,2,,,0,,,,,,Wellington Region,Nil,2-way,Sealed,,0,0,,50,,Null,0,0,,47,Wellington City,Nil,,,,,0,0,Urban,0,,,Fine,Null
1761368,5912433,813,,519500,0,,0,1,,West,2001/2002,CHURCH ST,NEILSON ST,,Non-Injury Crash,No,2001,,East,,0,,Flat,,,,,,Overcast,622300,0,0,0,2,,,0,,,,,,Auckland Region,Nil,2-way,Sealed,,0,0,,50,,Off,0,0,,76,Auckland,Nil,,,,,0,0,Urban,1,,,Fine,Null
1752673,5931111,814,,508803,0,0,0,1,0,East,2011/2012,SH 18,UNSWORTH DRIVE,,Non-Injury Crash,Yes,2011,0,West,0,0,1,Hill Road,0,,0,,0,Overcast,180819,0,0,0,3,0,0,0,0,0,,0,1,Auckland Region,Nil,2-way,Sealed,0,0,0,0,80,0,Off,0,0,,76,Auckland,Nil,0,0,0,0,0,0,Open,0,0,0,Fine,Null
1554068,5169031,815,,597512,0,,0,2,,Null,2007/2008,SPRINGSTON ROLLESTON ROAD,WATERHOLES ROAD,,Non-Injury Crash,No,2008,,South,,0,,Flat,,,,,,Bright sun,2720000,0,0,0,2,,,0,,,,,,Canterbury Region,Nil,2-way,Sealed,,0,0,,100,,Null,0,0,,62,Selwyn District,Stop,,,,,0,0,Open,0,,,Fine,Null
1756166,5917832,816,,518102,0,,0,3,,South,2004/2005,DOMINION ROAD,GEORGE ST,,Non-Injury Crash,No,2004,,South,,0,,Flat,,,,,,Twilight,545800,0,0,0,2,,,0,,,,,,Auckland Region,Nil,2-way,Sealed,,0,0,,50,,Off,0,0,,76,Auckland,Unknown,,,,,0,0,Urban,0,,,Fine,Null
1763187,5911858,817,,520500,0,,0,2,,Null,2010/2011,GREAT SOUTH ROAD,SYLVIA PARK ROAD,,Non-Injury Crash,No,2011,,North,,0,,Flat,,,,,,Bright sun,637300,0,0,0,5,,,0,,,,,,Auckland Region,Nil,2-way,Sealed,,0,0,,50,,Off,0,0,,76,Auckland,Traffic Signals,,,,,0,0,Urban,0,,,Fine,Null
1762589,5915964,818,,520201,0,0,0,1,0,North,2015/2016,CELTIC CRESCENT,INNISFREE DRIVE,,Non-Injury Crash,No,2015,0,West,0,0,0,Flat,0,,0,,0,Overcast,608500,0,0,0,2,0,0,0,0,1,,0,0,Auckland Region,Nil,2-way,Sealed,0,0,0,0,50,0,Null,0,0,,76,Auckland,Unknown,0,0,0,0,0,0,Urban,1,0,0,Fine,Null
1762161,5913686,819,,520500,0,,0,3,,North,2011/2012,SH 1N,SEART ON NBD,,Non-Injury Crash,Yes,2011,,North,,0,,Flat,,,,,,Bright sun,637000,0,0,0,4,,,0,,,,,,Auckland Region,Nil,1-way,Sealed,,0,0,,100,,Off,0,0,,76,Auckland,Nil,,,,,0,0,Open,0,,,Fine,Null
1842378,5666709,820,75,541501,0,,0,0,,North,2016/2017,SH 1N,KAIMANAWA ROAD,,Non-Injury Crash,Yes,2017,,South,,0,,Hill Road,,,,,,Dark,1288900,0,0,0,2,,,0,,,,,,Waikato Region,Nil,2-way,Sealed,,0,0,,100,,None,0,0,,21,Taupo District,Unknown,,,,,1,0,Open,0,,,Fine,Null
1766553,5908117,821,,523501,0,,0,2,,Null,2013/2014,BAIRDS ROAD,OTARA ROAD,,Non-Injury Crash,No,2014,,South,,0,,Flat,,,,,,Overcast,700700,0,0,0,2,,,0,,,,,,Auckland Region,Nil,2-way,Sealed,,0,0,,50,,Null,0,0,,76,Auckland,Traffic Signals,,,,,0,0,Urban,0,,,Fine,Null
1879036,5823813,822,,538201,1,,0,0,,North,2003/2004,CAMERON ROAD,FOURTH AVENUE,,Minor Crash,No,2004,,East,,0,,Flat,,,,,,Bright sun,1165200,1,0,1,4,,,0,,,,,,Bay of Plenty Region,Nil,2-way,Sealed,,0,0,,50,,Off,0,0,,23,Tauranga City,Nil,,,,,0,0,Urban,0,,,Fine,Null
1812493,5567581,823,,559220,0,0,0,0,0,South,2006/2007,SH 1N,TE HOUHOU ROAD,,Minor Crash,Yes,2006,0,South,1,0,0,Flat,0,,0,,0,Dark,1730000,1,0,0,2,0,1,0,0,0,,0,0,Manawatu-Wanganui Region,Nil,2-way,Sealed,0,0,0,0,100,0,None,1,0,,38,Rangitikei District,Nil,0,0,0,0,0,0,Open,0,0,0,Fine,Null
1757134,5919721,824,,514103,0,0,0,2,0,East,2006/2007,TURNER ST,QUEEN ST,,Non-Injury Crash,No,2007,0,West,0,0,0,Hill Road,0,,0,,0,Bright sun,436201,0,0,0,2,0,0,0,0,1,,0,0,Auckland Region,Nil,2-way,Sealed,0,0,0,0,50,0,Off,0,0,,76,Auckland,Unknown,0,0,0,0,0,0,Urban,0,0,0,Fine,Null
1822309,5529275,825,,562800,0,,0,2,,Null,1999/2000,FERGUSON ST,PRINCESS ST,,Non-Injury Crash,No,2000,,West,,0,,Flat,,,,,,Bright sun,1829900,0,0,0,3,,,0,,,,,,Manawatu-Wanganui Region,Nil,2-way,Sealed,,0,0,,50,,Null,0,0,,40,Palmerston North City,Stop,,,,,0,0,Urban,0,,,Fine,Null
1749620,5958528,826,,506613,0,0,0,1,0,North,2018/2019,SH 1N,HUNGRY CREEK ROAD,,Minor Crash,Yes,2018,0,North,1,0,0,Flat,0,,0,,0,Bright sun,147106,1,0,0,2,0,0,0,0,0,,0,0,Auckland Region,Nil,2-way,Sealed,0,0,0,0,100,0,Null,0,0,,76,Auckland,Unknown,0,0,0,0,0,0,Open,1,0,0,Fine,Null
1779147,5877346,827,,521131,0,,0,2,,North,2016/2017,SH 1N,FRASER ROAD,,Minor Crash,Yes,2016,,South,,0,,Hill Road,,,,,,Overcast,842402,1,0,0,2,,,0,,,,,,Waikato Region,Motorway ramp,1-way,Sealed,,0,0,,100,,Null,0,0,,13,Waikato District,Unknown,,,,,0,0,Open,0,,,Fine,Null
1719385,6042866,828,,503900,0,0,0,1,0,East,2018/2019,KIOREROA ROAD,LIMEBURNERS CRK,,Minor Crash,No,2018,0,North,0,0,0,Flat,0,,0,,0,Dark,74701,1,0,0,2,0,0,0,0,0,,0,1,Northland Region,Nil,2-way,Sealed,0,0,0,0,60,0,On,0,0,,2,Whangarei District,Unknown,0,1,0,1,0,0,Urban,0,0,0,Light rain,Null
1837419,5613414,829,,559210,0,0,0,0,0,South,2009/2010,SH 1N,SPOONERS HILL ROAD,,Non-Injury Crash,Yes,2009,1,North,0,0,0,Hill Road,0,Christmas New Year,0,,0,Dark,1755800,0,0,0,2,0,0,0,0,0,,0,0,Manawatu-Wanganui Region,Nil,2-way,Sealed,0,0,0,0,100,0,None,1,0,,38,Rangitikei District,Nil,0,0,0,0,0,0,Open,0,0,0,Light rain,Null