X,Y,OBJECTID,advisorySpeed,areaUnitID,bicycle,bridge,bus,carStationWagon,cliffBank,crashDirectionDescription,crashFinancialYear,crashLocation1,crashLocation2,crashRoadSideRoad,crashSeverity,crashSHDescription,crashYear,debris,directionRoleDescription,ditch,fatalCount,fence,flatHill,guardRail,holiday,houseOrBuilding,intersection,kerb,light,meshblockId,minorInjuryCount,moped,motorcycle,NumberOfLanes,objectThrownOrDropped,otherObject,otherVehicleType,overBank,parkedVehicle,pedestrian,phoneBoxEtc,postOrPole,region,roadCharacter,roadLane,roadSurface,roadworks,schoolBus,seriousInjuryCount,slipOrFlood,speedLimit,strayAnimal,streetLight,suv,taxi,temporarySpeedLimit,tlaId,tlaName,trafficControl,trafficIsland,trafficSign,train,tree,truck,unknownVehicleType,urban,vanOrUtility,vehicle,waterRiver,weatherA,weatherB
1756687,5918534,899,,515600,0,0,0,2,0,Null,2004/2005,NEW NORTH ROAD,RURU ST,,Minor Crash,No,2005,0,West,0,0,0,Hill Road,0,,0,,0,Dark,420700,1,0,0,4,0,0,0,0,0,,0,0,Auckland Region,Nil,2-way,Sealed,0,0,0,0,50,0,On,0,0,,76,Auckland,Give way,0,1,0,0,0,0,Urban,0,0,0,Light rain,Null
1754922,5445420,900,,571502,0,,0,2,,Null,2000/2001,SH 1N,THE RAMP ON NBD,,Non-Injury Crash,Yes,2000,,North,,0,,Flat,,,,,,Twilight,2056639,0,0,0,3,,,0,,,,,,Wellington Region,Nil,1-way,Sealed,,0,0,,100,,On,0,0,,44,Porirua City,Nil,,,,,0,0,Open,1,,,Fine,Null
1759612,5436312,901,,569100,0,0,0,2,0,North,2001/2002,HIGH ST,MARGARET ST,,Non-Injury Crash,No,2001,0,West,0,0,0,Flat,0,,0,,0,Bright sun,1967500,0,0,0,2,0,0,0,0,1,,0,0,Wellington Region,Nil,2-way,Sealed,0,0,0,0,50,0,Null,0,0,,46,Lower Hutt City,Nil,0,0,0,0,0,0,Urban,0,0,0,Fine,Null
1754676.45,5923822.057,902,,510500,0,0,0,1,0,East,2019/2020,HINEMOA STREET,MARITIME TERRACE,,Non-Injury Crash,No,2020,0,West,0,0,0,Hill Road,0,,0,,0,Dark,357000,0,0,0,2,0,0,0,0,0,,0,1,Auckland Region,Nil,2-way,Sealed,0,0,0,0,50,0,On,0,0,,76,Auckland,Nil,0,0,0,0,0,0,Urban,0,0,0,Fine,Null
1758124,5917827,903,,515700,0,,0,2,,North,2010/2011,SH 1N,GILLIES OBR,,Minor Crash,Yes,2011,,South,,0,,Flat,,Christmas New Year,,,,Dark,443200,1,0,0,4,,,0,,,,,,Auckland Region,Bridge,1-way,Sealed,,0,0,,100,,On,0,0,70,76,Auckland,Nil,,,,,0,0,Open,0,,,Fine,Null
1750412,5917995,904,,514801,0,,0,3,,East,2000/2001,SH 16,ROSEBANK OFF WBD,,Serious Crash,Yes,2000,,West,,0,,Flat,,,,,,Bright sun,390401,0,0,1,3,,,0,,,,,,Auckland Region,Nil,1-way,Sealed,,0,1,,100,,Off,0,0,,76,Auckland,Nil,,,,,0,0,Open,0,,,Fine,Null
1750904,5426593,905,,576800,0,0,0,1,0,South,2013/2014,TE ANAU ROAD,TE ANAU AVENUE,,Non-Injury Crash,No,2013,0,South,0,0,0,Hill Road,0,,0,,0,Bright sun,2183300,0,0,0,2,0,0,0,0,1,,0,0,Wellington Region,Nil,2-way,Sealed,0,0,0,0,50,0,Null,0,0,,47,Wellington City,Nil,0,0,0,0,1,0,Urban,0,0,0,Fine,Null
1884223,5825212,906,,536831,0,,0,2,,Null,2003/2004,SH 2,GIRVEN ROAD,,Non-Injury Crash,Yes,2003,,South,,0,,Flat,,Christmas New Year,,,,Overcast,1201300,0,0,0,2,,,0,,,,,,Bay of Plenty Region,Nil,2-way,Sealed,,0,0,,70,,Off,0,0,,23,Tauranga City,Give way,,,,,0,0,Urban,0,,,Fine,Null
1574019,5184051,907,,590505,1,,1,0,,North,1999/2000,LAKE TERRACE ROAD,TANGMERE PLACE,,Minor Crash,No,2000,,South,,0,,Flat,,,,,,Bright sun,2506308,1,0,0,2,,,0,,,,,,Canterbury Region,Nil,2-way,Sealed,,0,0,,50,,Null,0,0,,60,Christchurch City,Nil,,,,,0,0,Urban,0,,,Fine,Null
1780830,5447579,908,,567902,0,0,0,1,0,East,2010/2011,PLATEAU ROAD,MAYMORN ROAD,,Minor Crash,No,2010,0,South,0,0,0,Flat,0,,0,,0,Dark,1916202,1,0,0,2,0,0,0,0,0,,0,0,Wellington Region,Nil,2-way,Unsealed,0,0,0,0,50,0,None,0,0,,45,Upper Hutt City,Nil,0,1,0,0,0,0,Urban,0,0,0,Fine,Null
1931040,5616462,909,,547300,0,,0,2,,Null,2017/2018,MEEANEE ROAD,MURPHY ROAD,,Non-Injury Crash,No,2018,,West,,0,,Flat,,,,,,Dark,1459800,0,0,0,2,,,0,,,,,,Hawke's Bay Region,Nil,2-way,Sealed,,0,0,,50,,On,0,0,,31,Napier City,Traffic Signals,,,,,0,0,Urban,0,,,Light rain,Null
1349211,4901051,910,,607502,0,,0,2,,South,2012/2013,SH 8,WAITAHUNA CEMETERY ROAD,,Minor Crash,Yes,2012,,South,,0,,Hill Road,,,,,,Bright sun,3009100,2,0,0,2,,,0,,,,,,Otago Region,Nil,2-way,Sealed,,0,0,,100,,Null,0,0,,72,Clutha District,Unknown,,,,,0,0,Open,0,,,Fine,Null
1660309,6094099,911,,500801,0,0,0,0,0,North,2006/2007,SH 1N,RAHIRI ROAD,,Non-Injury Crash,Yes,2007,0,South,0,0,1,Flat,0,,0,,0,Overcast,21400,0,0,0,2,0,0,0,0,0,,0,0,Northland Region,Nil,2-way,Sealed,0,0,0,0,100,0,None,1,0,,1,Far North District,Nil,0,0,0,0,0,0,Open,0,0,0,Fine,Null
1824158,5462324,912,,578800,0,,0,1,,South,2000/2001,COLOMBO ROAD,WORKSOP ROAD,,Minor Crash,No,2001,,South,,0,,Flat,,,,,,Bright sun,2241800,1,0,0,2,,,0,,,,,,Wellington Region,Nil,2-way,Sealed,,0,0,,50,,Null,0,0,,48,Masterton District,Nil,,,,,0,0,Urban,1,,,Fine,Null
1625287,5430488,913,,582900,0,0,0,2,0,West,2001/2002,NILE ST,MILL ST,,Non-Injury Crash,No,2001,0,East,0,0,0,Hill Road,0,,0,,0,Dark,2323400,0,0,0,2,0,0,0,0,1,,0,0,Nelson Region,Nil,2-way,Sealed,0,0,0,0,50,0,On,0,0,,52,Nelson City,Nil,0,0,0,0,0,0,Urban,0,0,0,Mist or Fog,Null
1750605,5426427,914,,576800,0,0,0,3,0,South,2016/2017,HATAITAI ROAD,RAKAU ROAD,,Minor Crash,No,2017,0,South,0,0,0,Hill Road,0,,0,,0,Overcast,2184300,1,0,0,1,0,0,0,0,1,,0,0,Wellington Region,Nil,2-way,Sealed,0,0,0,0,50,0,Null,0,0,,47,Wellington City,Unknown,0,0,0,0,0,0,Urban,0,0,0,Light rain,Null
1820369,5528529,915,,563000,0,,0,1,,Null,2016/2017,BOTANICAL ROAD,CHURCH ST,,Non-Injury Crash,No,2016,,East,,0,,Flat,,,,,,Bright sun,1806000,0,0,0,2,,,0,,,,,,Manawatu-Wanganui Region,Nil,2-way,Sealed,,0,0,,50,,Null,0,0,,40,Palmerston North City,Give way,,,,,0,0,Urban,1,,,Fine,Null
1789303,5829168,916,,528200,0,0,0,3,0,West,2007/2008,WAINGARO ROAD,SAMPSON ST,,Non-Injury Crash,No,2008,0,West,0,0,0,Flat,0,,0,,1,Bright sun,855600,0,0,0,2,0,0,0,0,0,,0,0,Waikato Region,Bridge,2-way,Sealed,0,0,0,0,50,0,Null,0,0,,13,Waikato District,Unknown,0,0,0,0,0,0,Urban,0,0,0,Fine,Null
2035875,5709545,917,,544300,0,,0,3,,Null,2009/2010,GLADSTONE ROAD,DESMOND ROAD,,Non-Injury Crash,No,2009,,West,,0,,Flat,,,,,,Dark,1367300,0,0,0,2,,,0,,,,,,Gisborne Region,Nil,2-way,Sealed,,0,0,,50,,On,0,0,,28,Gisborne District,Give way,,,,,0,0,Urban,0,,,Light rain,Null
1209969,4949557,918,,612714,0,0,0,0,1,North,2016/2017,MAVORA LAKES ROAD,MARAROA ROAD,,Minor Crash,No,2016,0,West,0,0,0,Hill Road,0,,0,,0,Twilight,3172802,1,0,0,2,0,0,0,0,0,,0,0,Southland Region,Nil,2-way,Unsealed,0,0,0,0,100,0,None,0,0,,73,Southland District,Unknown,0,0,0,0,0,0,Open,1,0,0,Fine,Null
1755526,5922246,919,,515202,0,,0,3,,North,2005/2006,SH 1N,CURRAN ON NBD,,Non-Injury Crash,Yes,2006,,North,,0,,Hill Road,,,,,,Bright sun,423600,0,0,0,3,,,0,,,,,,Auckland Region,Bridge,1-way,Sealed,,0,0,,80,,Off,1,0,,76,Auckland,Nil,,,,,0,0,Open,0,,,Fine,Null
1574738,5181813,920,,592900,0,,0,1,,North,2014/2015,WAINONI ROAD,BICKERTON ST,,Serious Crash,No,2014,,South,,0,,Flat,,,,,,Overcast,2578600,0,0,0,2,,,0,,,1,,,Canterbury Region,Nil,2-way,Sealed,,0,1,,50,,Null,0,0,,60,Christchurch City,Unknown,,,,,0,0,Urban,0,,,Light rain,Null
1756206,5924187,921,,509800,0,,0,5,,South,2002/2003,SH 1N,ONEWA ON SBD,,Minor Crash,Yes,2003,,South,,0,,Flat,,,,,,Bright sun,361100,5,0,0,4,,,0,,,,,,Auckland Region,Nil,2-way,Sealed,,0,0,,80,,Off,0,0,,76,Auckland,Nil,,,,,0,0,Open,0,,,Fine,Null
1383751,4908052,922,,602500,0,,0,1,,East,2012/2013,SH 1S,HENLEY ROAD,,Non-Injury Crash,Yes,2012,,West,,0,,Flat,,,,,,Dark,2976000,0,0,0,2,,,0,,,,,,Otago Region,Bridge,2-way,Sealed,,0,0,,100,,None,0,0,,71,Dunedin City,Unknown,,,,,0,0,Open,0,,,Fine,Frost
1773947,5472653,923,,563703,0,,0,1,,Null,2003/2004,SH 1N,TE MOANA ROAD,,Minor Crash,Yes,2003,,North,,0,,Flat,,,,,,Overcast,1876400,1,0,0,4,,,0,,,,,,Wellington Region,Nil,2-way,Sealed,,0,0,,50,,Null,0,0,,43,Kapiti Coast District,Traffic Signals,,,,,0,0,Urban,1,,,Fine,Null
1750140,5916291,924,,514802,0,,0,2,,Null,2000/2001,ROSEBANK ROAD,EASTDALE ROAD,,Non-Injury Crash,No,2000,,South,,0,,Flat,,,,,,Dark,389800,0,0,0,4,,,0,,,,,,Auckland Region,Nil,2-way,Sealed,,0,0,,50,,On,0,0,,76,Auckland,Traffic Signals,,,,,0,0,Urban,0,,,Fine,Null
1776001,5903613,925,,525201,0,,0,1,,Null,2004/2005,BROOKBY ROAD,FITZPATRICK ROAD,,Serious Crash,No,2004,,East,,0,,Hill Road,,,,,,Bright sun,762000,0,0,1,2,,,0,,,,,,Auckland Region,Nil,2-way,Sealed,,0,1,,100,,None,0,0,,76,Auckland,Nil,,,,,0,0,Open,0,,,Fine,Null
1749634.187,5913887.556,926,,511303,0,,0,2,,West,2018/2019,GREAT NORTH RD (WAITAKERE),CLARK ST,,Non-Injury Crash,No,2018,,Null,,0,,Null,,,,,,Unknown,264901,0,0,0,0,,,0,,,,,,Auckland Region,Nil,Null,Sealed,,0,0,,50,,Null,0,0,,76,Auckland,Unknown,,,,,0,0,Urban,0,,,Null,Null
1243147,4850070,927,,611210,0,,0,2,,Null,2005/2006,YARROW ST,JED ST,,Serious Crash,No,2005,,West,,0,,Flat,,,,,,Bright sun,3106600,1,0,0,2,,,0,,,,,,Southland Region,Nil,2-way,Sealed,,0,1,,50,,Null,0,0,,75,Invercargill City,Stop,,,,,0,0,Urban,0,,,Fine,Null
1816545,5823298,928,,534500,0,0,0,1,0,South,2011/2012,SH 26,HARBOTTLE ROAD,,Non-Injury Crash,Yes,2011,0,South,0,0,1,Flat,0,,0,,0,Dark,1091200,0,0,0,2,0,0,0,0,0,,0,0,Waikato Region,Nil,2-way,Sealed,0,0,0,0,100,0,None,0,0,,15,Matamata-Piako District,Unknown,0,0,0,0,0,0,Open,0,0,0,Light rain,Null
1569069,5179136,929,,590900,0,,0,2,,West,2015/2016,MOORHOUSE AVENUE,LINCOLN ROAD,,Non-Injury Crash,No,2016,,East,,0,,Flat,,,,,,Overcast,2475900,0,0,0,4,,,0,,,,,,Canterbury Region,Nil,2-way,Sealed,,0,0,,50,,Null,0,0,,60,Christchurch City,Unknown,,,,,0,0,Urban,0,,,Light rain,Null
1769028,5911482,930,,523112,0,,0,2,,South,2009/2010,HARRIS ROAD,TI RAKAU DRIVE,,Non-Injury Crash,No,2009,,North,,0,,Flat,,,,,,Twilight,711404,0,0,0,4,,,0,,,,,,Auckland Region,Nil,2-way,Sealed,,0,0,,60,,Off,0,0,,76,Auckland,Nil,,,,,0,0,Urban,0,,,Fine,Null
1753833,5914179,931,,518801,0,0,0,2,0,Null,2010/2011,SH 20,SANDRINGHAM ROAD,,Non-Injury Crash,Yes,2011,0,West,0,0,0,Flat,0,,0,,0,Dark,578500,0,0,0,4,0,0,0,0,0,,0,0,Auckland Region,Nil,2-way,Sealed,0,0,0,0,50,0,On,0,0,30,76,Auckland,Give way,1,0,0,0,0,0,Urban,0,0,0,Fine,Null
1884859,5774007,932,,540410,0,,0,2,,East,2002/2003,PUKUATUA ST,AMOHIA ST,,Non-Injury Crash,No,2003,,East,,0,,Flat,,,,,,Bright sun,1233700,0,0,0,2,,,0,,,,,,Bay of Plenty Region,Nil,2-way,Sealed,,0,0,,50,,Off,0,0,,24,Rotorua District,Nil,,,,,0,0,Urban,0,,,Fine,Null
1673676,5407888,933,,580449,0,0,0,0,0,East,2008/2009,SH 62,JACKSONS ROAD,,Non-Injury Crash,Yes,2008,0,West,0,0,0,Flat,0,,0,,0,Dark,2277900,0,0,0,2,0,0,0,0,0,,0,1,Marlborough Region,Nil,2-way,Sealed,0,0,0,0,100,0,None,1,0,,53,Marlborough District,Nil,0,0,0,0,0,0,Open,0,0,0,Fine,Null
1760272,5915864,934,,516003,0,,1,2,,South,2016/2017,GREENLANE ON SBD,GREEN LANE EAST,,Minor Crash,Yes,2017,,South,,0,,Flat,,,,,,Twilight,494902,1,0,0,1,,,0,,,,,,Auckland Region,Nil,1-way,Sealed,,0,0,,100,,On,0,0,,76,Auckland,Unknown,,,,,0,0,Open,0,,,Fine,Null
1838301,5913958,935,55,533200,0,0,0,0,0,North,2016/2017,SH 25,COMERS ROAD,,Minor Crash,Yes,2017,0,North,0,0,1,Hill Road,0,,0,,0,Overcast,1046204,1,0,0,2,0,0,0,1,0,,0,0,Waikato Region,Nil,2-way,Sealed,0,0,0,0,100,0,Null,0,0,,11,Thames-Coromandel District,Unknown,0,0,0,0,0,0,Open,1,0,0,Heavy rain,Null
1769406,5900690,936,,524902,0,0,0,2,0,West,1999/2000,MCANNALLEY ST,FLEMING ST,,Non-Injury Crash,No,2000,0,West,0,0,0,Hill Road,0,,0,,0,Dark,758300,0,0,0,2,0,0,0,0,1,,0,0,Auckland Region,Nil,2-way,Sealed,0,0,0,0,50,0,On,0,0,,76,Auckland,Nil,0,0,0,0,0,0,Urban,0,0,0,Fine,Null
1801981,5815977,937,,530100,0,,0,2,,Null,2006/2007,ARGYLE ST,TE AROHA ST,,Non-Injury Crash,No,2007,,North,,0,,Flat,,,,,,Overcast,895200,0,0,0,2,,,0,,,,,,Waikato Region,Nil,2-way,Sealed,,0,0,,50,,Off,0,0,,16,Hamilton City,Stop,,,,,0,0,Urban,0,,,Fine,Null
1798990,5815065,938,,529000,0,,0,2,,South,2017/2018,SH 1N,MASSEY ST,,Non-Injury Crash,Yes,2017,,South,,0,,Flat,,,,,,Overcast,917800,0,0,0,2,,,0,,,,,,Waikato Region,Nil,2-way,Sealed,,0,0,,50,,Null,0,0,,16,Hamilton City,Unknown,,,,,0,0,Urban,0,,,Fine,Null
1797890,5814589,939,,528601,0,,0,1,,Null,2007/2008,SH 23,DINSDALE ROAD,,Non-Injury Crash,Yes,2008,,North,,0,,Flat,,,,,,Twilight,920302,0,0,0,2,,,0,,,,,,Waikato Region,Nil,2-way,Sealed,,0,0,,50,,Off,1,0,,16,Hamilton City,Give way,,,,,0,0,Urban,0,,,Fine,Null
1756312,5920927,940,,514101,0,,0,2,,North,2002/2003,BEAUMONT ST,FANSHAWE ST,,Non-Injury Crash,No,2003,,South,,0,,Flat,,,,,,Overcast,432400,0,0,0,2,,,0,,,,,,Auckland Region,Nil,2-way,Sealed,,0,0,,50,,Off,0,0,,76,Auckland,Nil,,,,,0,0,Urban,0,,,Fine,Null
1829720,5832010,941,,534604,0,0,0,1,0,North,2009/2010,SH 27,CUSSEN ROAD,,Non-Injury Crash,Yes,2010,0,North,1,0,1,Flat,0,,0,,0,Bright sun,1097200,0,0,0,2,0,0,0,0,0,,0,0,Waikato Region,Nil,2-way,Sealed,0,0,0,0,100,0,None,0,0,,15,Matamata-Piako District,Nil,0,0,0,0,0,0,Open,0,0,0,Light rain,Null
1756369,5920018,942,,514000,0,,0,2,,Null,2003/2004,HOWE ST,WELLINGTON ST,,Non-Injury Crash,No,2004,,North,,0,,Hill Road,,,,,,Overcast,413002,0,0,0,2,,,0,,,,,,Auckland Region,Nil,2-way,Sealed,,0,0,,50,,Null,0,0,,76,Auckland,Give way,,,,,0,0,Urban,0,,,Fine,Null
1768938,5900818,943,,525002,0,,0,4,,South,2016/2017,GREAT SOUTH ROAD,ALFRISTON ROAD,,Non-Injury Crash,No,2017,,North,,0,,Flat,,,,,,Bright sun,752802,0,0,0,4,,,0,,,,,,Auckland Region,Nil,2-way,Sealed,,0,0,,50,,Null,0,0,,76,Auckland,Nil,,,,,0,0,Urban,0,,,Fine,Null
1765912,5907201,944,,522301,0,,0,2,,Null,2002/2003,EAST TAMAKI ROAD,WINTERE ROAD,,Non-Injury Crash,No,2003,,East,,0,,Flat,,,,,,Overcast,667000,0,0,0,4,,,0,,,,,,Auckland Region,Nil,2-way,Sealed,,0,0,,50,,Off,0,0,,76,Auckland,Nil,,,,,0,0,Urban,0,,,Fine,Null
1757882,5919698,945,,514302,0,,0,2,,Null,2002/2003,GRAFTON ROAD,GRAFTON MEWS N,,Minor Crash,No,2003,,South,,0,,Flat,,,,,,Overcast,442200,1,0,0,2,,,0,,,,,,Auckland Region,Nil,1-way,Sealed,,0,0,,50,,Off,0,0,,76,Auckland,Stop,,,,,0,0,Urban,0,,,Heavy rain,Null
1864448,5720584,946,,541335,0,0,0,0,1,South,2006/2007,POIHIPI ROAD,ORUANUI ROAD,,Non-Injury Crash,No,2007,0,South,0,0,0,Hill Road,0,,0,,0,Bright sun,1278402,0,0,0,2,0,0,0,0,0,,0,0,Waikato Region,Nil,2-way,Sealed,0,0,0,0,100,0,None,0,0,,21,Taupo District,Nil,0,0,0,0,1,0,Open,0,0,0,Fine,Null
1763198,5911842,947,,519500,0,,0,3,,South,2003/2004,GREAT SOUTH ROAD,SYLVIA PARK ROAD,,Minor Crash,No,2003,,North,,0,,Hill Road,,,,,,Overcast,622800,1,0,0,2,,,0,,,,,,Auckland Region,Bridge,2-way,Sealed,,0,0,,50,,Off,0,0,,76,Auckland,Nil,,,,,1,0,Urban,0,,,Light rain,Null
1747616,5940224,948,,506300,0,0,0,1,1,North,2005/2006,DAIRY STREAM ROAD,BAWDEN ROAD,,Non-Injury Crash,No,2006,0,South,0,0,0,Flat,0,,0,,0,Overcast,175904,0,0,0,2,0,0,0,0,0,,0,0,Auckland Region,Nil,2-way,Sealed,0,0,0,0,100,0,None,0,0,,76,Auckland,Nil,0,0,0,0,0,0,Open,0,0,0,Fine,Null
1728855,5999532,949,,505010,0,0,0,2,0,South,2008/2009,SH 1N,MOUNTAIN ROAD,,Non-Injury Crash,Yes,2009,0,North,0,0,1,Flat,0,,0,,0,Twilight,134800,0,0,0,2,0,0,0,0,0,,0,0,Northland Region,Nil,2-way,Sealed,0,0,0,0,100,0,None,0,0,,3,Kaipara District,Nil,0,0,0,0,0,0,Open,0,0,0,Light rain,Null
1754573,5915332,950,,517702,0,,0,2,,Null,2013/2014,SANDRINGHAM ROAD,VANCOUVER AVENUE,,Non-Injury Crash,No,2013,,South,,0,,Flat,,,,,,Overcast,541400,0,0,0,2,,,0,,,,,,Auckland Region,Nil,2-way,Sealed,,0,0,,50,,On,0,0,,76,Auckland,Stop,,,,,0,0,Urban,0,,,Light rain,Null
1766664.189,5912913.022,951,,522920,0,,0,1,,Null,2019/2020,TI RAKAU DRIVE,PAKURANGA HIGHWAY,,Non-Injury Crash,No,2019,,North,,0,,Flat,,,,,,Overcast,683800,0,0,0,3,,,0,,,,,,Auckland Region,Nil,1-way,Sealed,,0,0,,60,,Off,1,0,,76,Auckland,Traffic Signals,,,,,0,0,Urban,0,,,Light rain,Null
1275917,4898176,952,,610032,0,0,0,1,0,West,2004/2005,SH 94,HATFIELD ROAD,,Serious Crash,Yes,2005,0,East,0,0,0,Flat,0,,0,,0,Dark,3052002,0,0,0,2,0,0,0,0,0,,0,0,Southland Region,Nil,2-way,Sealed,0,0,1,0,80,0,None,0,0,,74,Gore District,Unknown,0,0,0,0,0,0,Open,0,0,0,Fine,Null
1275622,4876297,953,55,610032,0,0,0,0,0,East,2016/2017,SH 96,MCGILL ROAD,,Non-Injury Crash,Yes,2017,0,South,0,0,0,Hill Road,0,,0,,0,Overcast,3053500,0,0,0,2,0,0,0,0,0,,0,1,Southland Region,Nil,2-way,Sealed,0,0,0,0,100,0,Null,1,0,,74,Gore District,Unknown,0,0,0,0,0,0,Open,0,0,0,Heavy rain,Strong wind
1757567,5918507,954,,514302,0,0,0,2,1,South,2001/2002,SH 1N,KHYBER PASS OBR,,Minor Crash,Yes,2001,0,South,0,0,0,Hill Road,0,,0,,0,Dark,442100,4,0,0,4,0,0,0,0,0,,0,1,Auckland Region,Nil,1-way,Sealed,0,0,0,0,100,0,On,0,0,,76,Auckland,Nil,0,0,0,0,0,0,Open,0,0,0,Fine,Null
1871174,5823477,955,,536503,0,0,0,1,1,East,2010/2011,SH 2,TE PUNA ROAD,,Non-Injury Crash,Yes,2011,0,East,0,0,0,Flat,0,,0,,0,Dark,1188103,0,0,0,2,0,0,0,0,0,,0,0,Bay of Plenty Region,Nil,2-way,Sealed,0,0,0,0,100,0,On,0,0,,22,Western Bay of Plenty District,Unknown,0,0,0,0,0,0,Open,0,0,0,Fine,Null
1758193,5913589,956,,518600,0,,0,2,,North,2003/2004,MANUKAU ROAD,TURAMA ROAD,,Non-Injury Crash,No,2004,,South,,0,,Flat,,,,,,Overcast,567300,0,0,0,2,,,0,,,,,,Auckland Region,Nil,2-way,Sealed,,0,0,,50,,Off,0,1,,76,Auckland,Give way,,,,,0,0,Urban,0,,,Fine,Null
1758571,5918627,957,,517400,0,0,0,1,0,Null,2010/2011,BROADWAY,DAVIS CRESCENT,,Non-Injury Crash,No,2010,0,North,0,0,0,Flat,0,,1,,0,Dark,451000,0,0,0,2,0,0,0,0,0,,0,0,Auckland Region,Nil,2-way,Sealed,0,0,0,0,50,0,On,0,0,,76,Auckland,Give way,0,0,0,0,0,0,Urban,1,0,0,Light rain,Null
1571370,5180041,958,,591700,0,,0,1,,Null,2005/2006,BARBADOES ST,HEREFORD ST,,Non-Injury Crash,No,2006,,South,,0,,Flat,,,,,,Dark,2658000,0,0,0,2,,,0,,,,,,Canterbury Region,Nil,2-way,Sealed,,0,0,,50,,On,0,0,,60,Christchurch City,Traffic Signals,,,,,0,0,Urban,1,,,Fine,Null
1473514,5267287,959,,585315,0,,0,0,,Null,2015/2016,SH 73,HARLEY CRK BR,,Minor Crash,Yes,2016,,East,,0,,Flat,,,,,,Bright sun,2422800,1,0,1,1,,,0,,,,,,West Coast Region,Bridge,1-way,Sealed,,0,0,,100,,Null,0,0,,57,Westland District,Give way,,,,,0,0,Open,0,,,Fine,Null
1617278,6131971,960,,500208,0,0,0,1,0,South,2015/2016,SH 1N,CAMP ROAD,,Non-Injury Crash,Yes,2016,0,North,0,0,0,Flat,0,,0,,0,Bright sun,1900,0,0,0,2,0,0,0,1,0,,0,0,Northland Region,Nil,2-way,Sealed,0,0,0,0,100,0,Null,0,0,,1,Far North District,Unknown,0,0,0,0,0,0,Open,0,0,0,Fine,Null
1789272,5831072,961,,526601,0,0,0,1,1,South,2017/2018,HAKARIMATA ROAD,MOREPORK LANE,,Non-Injury Crash,No,2017,0,North,0,0,0,Flat,0,,0,,0,Overcast,853900,0,0,0,2,0,0,0,0,0,,0,0,Waikato Region,Nil,2-way,Sealed,0,0,0,0,100,0,Null,0,0,,13,Waikato District,Unknown,0,0,0,0,0,0,Open,0,0,0,Heavy rain,Null
1769114,5905712,962,40,523712,0,,0,1,,West,2007/2008,DAWSON ROAD,CHAPEL ROAD,,Minor Crash,No,2007,,West,,0,,Flat,,,,,,Bright sun,713016,1,0,0,2,,,0,,,1,,,Auckland Region,Nil,2-way,Sealed,,0,0,,50,,Off,0,0,,76,Auckland,Nil,,,,,0,0,Urban,0,,,Fine,Null
1571380,5497351,963,,581601,0,,0,2,,Null,2004/2005,COLLINGWOOD-PUPONGA MAIN ,AORERE BR N,,Non-Injury Crash,No,2005,,South,,0,,Flat,,,,,,Overcast,2348300,0,0,0,1,,,0,,,,,,Tasman Region,Bridge,2-way,Sealed,,0,0,,100,,Null,0,0,,51,Tasman District,Give way,,,,,0,0,Open,0,,,Heavy rain,Null
1748798,5425867,964,,576500,0,,0,2,,Null,2009/2010,HANSON ST,DRUMMOND ST,,Non-Injury Crash,No,2009,,South,,0,,Flat,,,,,,Dark,2148201,0,0,0,2,,,0,,,,,,Wellington Region,Nil,2-way,Sealed,,0,0,,50,,On,0,0,,47,Wellington City,Pointsman,,,,,0,0,Urban,0,,,Fine,Null
1911561,5640195,965,,545912,0,,0,0,,East,1999/2000,HUIARANGI ROAD,HENDLEY ROAD,,Non-Injury Crash,No,2000,,West,,0,,Flat,,,,,,Bright sun,1412100,0,0,0,2,,,0,,,,,,Hawke's Bay Region,Nil,2-way,Unsealed,,0,0,,100,,Null,0,0,,30,Hastings District,Unknown,,,,,1,0,Open,1,,,Fine,Null
1840020,5604226,966,,559400,0,0,0,2,0,West,2011/2012,TUI ST,SH 1N HAUTAPU,,Non-Injury Crash,No,2011,0,West,0,0,0,Flat,0,,0,,0,Bright sun,1750000,0,0,0,2,0,0,0,0,1,,0,0,Manawatu-Wanganui Region,Nil,2-way,Sealed,0,0,0,0,50,0,Null,0,0,,38,Rangitikei District,Nil,0,0,0,0,0,0,Urban,0,0,0,Fine,Null
1738517,5696172,967,,550700,0,,0,1,,South,2009/2010,SH 3,OKAU ROAD,,Non-Injury Crash,Yes,2010,,North,,0,,Flat,,,,,,Overcast,1552600,0,0,0,2,,,0,,,,,,Taranaki Region,Nil,2-way,Sealed,,0,0,,100,,Null,0,0,,33,New Plymouth District,Nil,,,,,1,0,Open,0,,,Fine,Null
1757301,5921135,968,,514101,0,,0,2,,Null,2012/2013,LOWER HOBSON ST,QUAY ST,,Non-Injury Crash,No,2013,,North,,0,,Flat,,Easter,,,,Overcast,432800,0,0,0,3,,,0,,,,,,Auckland Region,Nil,2-way,Sealed,,0,0,,50,,Off,0,0,,76,Auckland,Traffic Signals,,,,,0,0,Urban,0,,,Fine,Null