X,Y,OBJECTID,advisorySpeed,areaUnitID,bicycle,bridge,bus,carStationWagon,cliffBank,crashDirectionDescription,crashFinancialYear,crashLocation1,crashLocation2,crashRoadSideRoad,crashSeverity,crashSHDescription,crashYear,debris,directionRoleDescription,ditch,fatalCount,fence,flatHill,guardRail,holiday,houseOrBuilding,intersection,kerb,light,meshblockId,minorInjuryCount,moped,motorcycle,NumberOfLanes,objectThrownOrDropped,otherObject,otherVehicleType,overBank,parkedVehicle,pedestrian,phoneBoxEtc,postOrPole,region,roadCharacter,roadLane,roadSurface,roadworks,schoolBus,seriousInjuryCount,slipOrFlood,speedLimit,strayAnimal,streetLight,suv,taxi,temporarySpeedLimit,tlaId,tlaName,trafficControl,trafficIsland,trafficSign,train,tree,truck,unknownVehicleType,urban,vanOrUtility,vehicle,waterRiver,weatherA,weatherB
1843794,5809916,1038,,535502,0,,0,1,,East,2012/2013,SH 27,HINUERA ROAD,,Non-Injury Crash,Yes,2013,,North,,0,,Flat,,,,,,Bright sun,1121200,0,0,1,2,,,0,,,,,,Waikato Region,Nil,2-way,Sealed,,0,0,,70,,Null,0,0,,15,Matamata-Piako District,Unknown,,,,,0,0,Urban,0,,,Fine,Null
1934464,5615639,1039,,545631,0,,0,1,,Null,2004/2005,MEEANEE ROAD,WILLOWBANK AVENUE,,Non-Injury Crash,No,2004,,West,,0,,Flat,,,,,,Dark,1403800,0,0,0,2,,,0,,,,,,Hawke's Bay Region,Nil,2-way,Sealed,,0,0,,70,,On,0,0,,31,Napier City,Give way,,,,,0,0,Urban,0,,,Light rain,Null
1773252,5577735,1040,,556300,0,,0,2,,West,2006/2007,FITZHERBERT AVENUE,CARLTON AVENUE,,Non-Injury Crash,No,2006,,West,,0,,Flat,,,,,,Bright sun,1722800,0,0,0,2,,,0,,,,,,Manawatu-Wanganui Region,Nil,2-way,Sealed,,0,0,,50,,Null,0,0,,37,Whanganui District,Nil,,,,,0,0,Urban,0,,,Fine,Null
1411940,5238482,1041,,585320,0,0,0,0,0,South,2009/2010,SH 6,FERGUSONS BR,,Minor Crash,Yes,2009,0,South,0,0,0,Flat,0,,0,,0,Dark,2418600,2,0,0,2,0,1,0,0,0,,0,0,West Coast Region,Nil,2-way,Sealed,0,0,0,0,100,0,None,0,0,,57,Westland District,Unknown,0,0,0,0,0,0,Open,1,0,0,Fine,Null
1611346,5426130,1042,,581726,0,,0,2,,Null,2002/2003,SH 60,LANSDOWNE ROAD,,Non-Injury Crash,Yes,2002,,South,,0,,Flat,,,,,,Overcast,2357201,0,0,0,3,,,0,,,,,,Tasman Region,Nil,2-way,Sealed,,0,0,,100,,Null,0,0,,51,Tasman District,Stop,,,,,0,0,Open,0,,,Fine,Null
1406425,4917006,1043,,603100,0,,0,1,,North,2006/2007,GREAT KING ST,MORAY PLACE,,Non-Injury Crash,No,2006,,South,,0,,Flat,,,,,,Overcast,2903000,0,0,0,2,,,0,,,1,,,Otago Region,Nil,2-way,Sealed,,0,0,,50,,Null,0,0,,71,Dunedin City,Nil,,,,,0,0,Urban,0,,,Fine,Null
1793398,5515570,1044,,561500,0,0,0,0,0,North,2016/2017,SH 1N,NEWTH ROAD,,Non-Injury Crash,Yes,2017,0,South,0,0,1,Flat,0,,0,,0,Overcast,1785302,0,0,0,2,0,0,0,0,0,,0,0,Manawatu-Wanganui Region,Nil,2-way,Sealed,0,0,0,0,100,0,Null,1,0,,42,Horowhenua District,Unknown,0,0,0,0,0,0,Open,0,0,0,Fine,Null
1782516,5879143,1045,,521135,0,0,0,1,0,East,2004/2005,SH 2,PINNACLE HILL ROAD,,Non-Injury Crash,Yes,2004,0,East,0,0,1,Flat,0,,0,,0,Bright sun,841801,0,0,0,2,0,0,0,0,0,,0,1,Waikato Region,Nil,2-way,Sealed,0,0,0,0,100,0,None,0,0,,13,Waikato District,Nil,0,0,0,0,0,0,Open,0,0,0,Null,Null
1754701,5921283,1046,,515201,0,0,0,1,0,East,2011/2012,SARSFIELD ST,SENTINEL ROAD,,Non-Injury Crash,No,2011,0,East,0,0,0,Flat,0,,0,,0,Bright sun,423300,0,0,0,2,0,0,0,0,1,,0,0,Auckland Region,Nil,2-way,Sealed,0,0,0,0,50,0,Off,0,0,,76,Auckland,Stop,0,0,0,0,0,0,Urban,1,0,0,Fine,Null
1770465.634,5902021.25,1047,,523814,0,,1,0,,South,2019/2020,STRATFORD ROAD,HILL ROAD,,Non-Injury Crash,No,2020,,North,,0,,Hill Road,,,,,,Overcast,759504,0,0,0,2,,,0,,,,,,Auckland Region,Nil,2-way,Sealed,,0,0,,50,,On,0,0,,76,Auckland,Nil,,,,,1,0,Urban,0,,,Light rain,Null
1674934,5405266,1048,,580449,0,0,0,1,0,East,2017/2018,OLD RENWICK ROAD,BURNSIDE AVENUE,,Minor Crash,No,2017,0,East,0,0,1,Flat,0,,0,,0,Overcast,2291600,1,0,0,2,0,0,0,0,0,,0,1,Marlborough Region,Nil,2-way,Sealed,0,0,0,0,100,0,Null,0,0,,53,Marlborough District,Unknown,0,0,0,1,0,0,Open,0,0,0,Fine,Null
1832487,5783272,1049,,535250,0,,0,0,,North,2017/2018,ARAPUNI ROAD,SANDERS ST,,Minor Crash,No,2017,,North,,0,,Flat,,Christmas New Year,,,,Bright sun,1126000,2,0,2,2,,,0,,,,,,Waikato Region,Nil,2-way,Sealed,,0,0,,50,,Null,0,0,,19,South Waikato District,Unknown,,,,,0,0,Urban,0,,,Fine,Null
1766163,5908216,1050,,523402,0,,0,2,,Null,2009/2010,BAIRDS ROAD,GILBERT ROAD,,Non-Injury Crash,No,2009,,West,,0,,Flat,,,,,,Bright sun,698100,0,0,0,2,,,0,,,,,,Auckland Region,Nil,2-way,Sealed,,0,0,,50,,Off,0,0,,76,Auckland,Give way,,,,,0,0,Urban,0,,,Fine,Null
1820306,5528642,1051,,562910,0,,0,2,,Null,2016/2017,PIONEER HIGHWAY,BOTANICAL ROAD,,Non-Injury Crash,No,2017,,West,,0,,Flat,,,,,,Dark,1801400,0,0,0,4,,,0,,,,,,Manawatu-Wanganui Region,Nil,2-way,Sealed,,0,0,,50,,On,0,0,,40,Palmerston North City,Traffic Signals,,,,,0,0,Urban,0,,,Fine,Null
1568150,5178350,1052,,590300,0,0,0,1,0,South,2005/2006,LINCOLN ROAD,TWIGGER ST,,Non-Injury Crash,No,2006,0,North,0,0,0,Flat,0,,0,,0,Twilight,2638500,0,0,0,2,0,0,0,0,0,,0,0,Canterbury Region,Nil,2-way,Sealed,0,0,0,0,50,0,On,0,0,,60,Christchurch City,Unknown,1,0,0,0,0,0,Urban,0,0,0,Fine,Null
1752460,5913848,1053,,514500,0,0,0,1,0,East,2011/2012,TREVOLA ST,PETER BUCK ROAD,,Non-Injury Crash,No,2012,0,West,0,0,1,Hill Road,0,,0,,0,Dark,374102,0,0,0,2,0,0,0,0,0,,0,0,Auckland Region,Nil,2-way,Sealed,0,0,0,0,50,0,On,0,0,,76,Auckland,Nil,0,0,0,0,0,0,Urban,0,0,0,Light rain,Null
1851487,5904679,1054,55,533200,0,0,0,0,0,East,2015/2016,SH 25,PAUL ROAD,,Non-Injury Crash,Yes,2016,0,South,0,0,0,Hill Road,0,,0,,0,Bright sun,1048002,0,0,0,2,0,0,0,0,0,,0,0,Waikato Region,Nil,2-way,Sealed,0,0,0,0,100,0,Null,0,0,,11,Thames-Coromandel District,Unknown,0,0,0,1,1,0,Open,0,0,0,Fine,Null
1767955,5904435,1055,,524604,0,0,0,1,0,North,2004/2005,SH 1N,REDOUBT OBR,,Non-Injury Crash,Yes,2005,0,North,0,0,0,Flat,0,,0,,0,Bright sun,780302,0,0,0,3,0,1,0,0,0,,0,0,Auckland Region,Nil,1-way,Sealed,0,0,0,0,100,0,Off,0,0,,76,Auckland,Nil,0,0,0,0,0,0,Open,0,0,0,Fine,Null
1257870,5004145,1056,,609304,0,0,0,0,0,North,2015/2016,LAKE ST,BEACH ST,,Non-Injury Crash,No,2015,0,South,0,0,0,Hill Road,0,,0,,0,Dark,3032701,0,0,0,2,0,1,0,0,0,,0,0,Otago Region,Nil,2-way,Sealed,0,0,0,0,50,0,None,1,0,,70,Queenstown-Lakes District,Unknown,0,0,0,0,0,0,Urban,0,0,0,Snow,Null
1757795,5917396,1057,,515700,0,,0,2,,Null,2000/2001,MOUNTAIN ROAD,ALBURY AVENUE,,Non-Injury Crash,No,2001,,South,,0,,Flat,,,,,,Bright sun,457600,0,0,0,2,,,0,,,,,,Auckland Region,Nil,2-way,Sealed,,0,0,,50,,Off,0,0,,76,Auckland,Give way,,,,,0,0,Urban,0,,,Fine,Null
1867809,5824794,1058,,536503,0,0,0,1,1,North,2015/2016,SH 2,TE KARAKA DRIVE,,Serious Crash,Yes,2015,0,South,0,0,0,Hill Road,0,,0,,0,Dark,1188001,1,0,0,2,0,0,0,0,0,,0,0,Bay of Plenty Region,Nil,2-way,Sealed,0,0,1,0,100,0,None,0,0,,22,Western Bay of Plenty District,Unknown,0,0,0,0,0,0,Open,0,0,0,Fine,Null
1714311.127,6101715.067,1059,,501620,0,,0,1,,North,2019/2020,RAWHITI ROAD (NORTH),KOKINGA POINT ROAD,,Fatal Crash,No,2019,,West,,1,,Flat,,,,,,Dark,48203,0,0,0,2,,,0,,,,,,Northland Region,Nil,2-way,Sealed,,0,0,,100,,None,0,0,,1,Far North District,Unknown,,,,,0,0,Open,0,,,Fine,Null
1758529,5446873,1060,,572200,0,,0,1,,Null,2004/2005,DISCOVERY DRIVE,THE SOUNDING,,Minor Crash,No,2004,,North,,0,,Flat,,,,,,Dark,2071601,1,0,0,2,,,0,,,1,,,Wellington Region,Nil,2-way,Sealed,,0,0,,50,,On,0,0,,44,Porirua City,Nil,,,,,0,0,Urban,0,,,Fine,Null
1770015,5870905,1061,,526701,0,0,0,1,0,North,2018/2019,TUAKAU BRIDGE-PORT WAIKAT,RIVER ROAD,,Non-Injury Crash,No,2018,0,East,0,0,0,Flat,0,,0,,0,Dark,845500,0,0,0,2,0,0,0,0,0,,0,0,Waikato Region,Nil,2-way,Sealed,0,0,0,0,100,0,None,0,0,,13,Waikato District,Unknown,0,0,0,0,0,0,Open,0,0,0,Fine,Null
1718899,6046070,1062,,503000,0,,0,2,,Null,2012/2013,SH 1N,SELWYN AVENUE,,Non-Injury Crash,Yes,2013,,East,,0,,Hill Road,,,,,,Bright sun,98100,0,0,0,4,,,0,,,,,,Northland Region,Nil,2-way,Sealed,,0,0,,50,,Off,0,0,,2,Whangarei District,Traffic Signals,,,,,0,0,Urban,1,,,Fine,Null
1751557,5915525,1063,,514401,0,,0,2,,Null,2002/2003,BLOCKHOUSE BAY ROAD,ROSEBANK ROAD,,Non-Injury Crash,No,2003,,North,,0,,Hill Road,,,,,,Bright sun,382104,0,0,0,2,,,0,,,,,,Auckland Region,Nil,2-way,Sealed,,0,0,,50,,Off,0,0,,76,Auckland,Give way,,,,,0,0,Urban,0,,,Fine,Null
1291203,4894747,1064,55,610032,0,0,0,1,0,East,2011/2012,MORRISON ROAD,CHITTOCK ROAD,,Non-Injury Crash,No,2012,0,West,0,0,0,Hill Road,0,,0,,0,Overcast,3051701,0,0,0,1,0,1,0,0,0,,0,0,Southland Region,Nil,2-way,Unsealed,0,0,0,0,100,0,Null,0,0,,74,Gore District,Unknown,0,0,0,0,0,0,Open,0,0,0,Fine,Null
1399741,4912642,1065,,602422,0,0,0,0,0,South,2001/2002,BRIGHTON ROAD,WEIR ST,,Non-Injury Crash,No,2002,0,South,1,0,0,Hill Road,0,,0,,0,Bright sun,2980700,0,0,0,2,0,0,0,0,0,,0,0,Otago Region,Nil,2-way,Sealed,0,0,0,0,80,0,Null,0,0,,71,Dunedin City,Unknown,0,0,0,0,1,0,Open,0,0,0,Fine,Null
1746910,5919847,1066,,512300,0,0,0,1,0,West,2003/2004,SH 16,TE ATATU OBR,,Minor Crash,Yes,2004,0,East,0,0,0,Flat,1,Easter,0,,0,Dark,251700,1,0,0,2,0,0,0,0,0,,0,0,Auckland Region,Nil,1-way,Sealed,0,0,0,0,100,0,On,0,0,,76,Auckland,Nil,0,0,0,0,0,0,Open,0,0,0,Fine,Null
1295337,5124489,1067,,585325,0,0,0,0,1,West,2013/2014,SH 6,ROARING SWINE CRK BR,,Fatal Crash,Yes,2013,0,North,0,1,0,Flat,0,,0,,0,Bright sun,2416603,0,0,1,2,0,0,0,0,0,,0,0,West Coast Region,Nil,2-way,Sealed,0,0,0,0,100,0,Null,0,0,,57,Westland District,Nil,0,0,0,0,0,0,Open,0,0,0,Fine,Null
1801664,5815646,1068,,530100,0,,0,3,,South,2017/2018,GREY ST,TE AROHA ST,,Non-Injury Crash,No,2017,,North,,0,,Hill Road,,,,,,Bright sun,895500,0,0,0,2,,,0,,,,,,Waikato Region,Nil,2-way,Sealed,,0,0,,50,,Null,0,0,,16,Hamilton City,Unknown,,,,,0,0,Urban,0,,,Fine,Null
1757030,5916813,1069,,518202,0,,0,2,,Null,2008/2009,MOUNT EDEN ROAD,STOKES ROAD,,Non-Injury Crash,No,2009,,South,,0,,Flat,,,,,,Bright sun,550200,0,0,0,4,,,0,,,,,,Auckland Region,Nil,2-way,Sealed,,0,0,,50,,Null,0,0,,76,Auckland,Traffic Signals,,,,,0,0,Urban,0,,,Fine,Null
1750869,5949348,1070,40,505805,0,0,0,1,0,South,2003/2004,LAKESIDE DRIVE,DENHAM WAY,,Non-Injury Crash,No,2003,0,South,0,0,0,Flat,0,,0,,0,Dark,171909,0,0,0,2,0,0,0,0,0,,0,0,Auckland Region,Nil,2-way,Sealed,0,0,0,0,50,0,On,0,0,,76,Auckland,Nil,0,0,0,1,0,0,Urban,0,0,0,Fine,Null
1731791.688,6040884.825,1071,,501818,0,0,0,1,0,North,2019/2020,WHANGAREI HEADS ROAD,WHARF ROAD,,Non-Injury Crash,No,2019,0,North,0,0,0,Hill Road,0,,0,,0,Dark,73601,0,0,0,2,0,0,0,0,0,,0,0,Northland Region,Nil,2-way,Sealed,0,0,0,0,100,0,On,0,0,,2,Whangarei District,Give way,0,0,0,1,0,0,Open,0,0,0,Fine,Null
1561689,5178744,1072,,587400,0,,0,2,,Null,2001/2002,SH 1S CARMEN,MAIN SOUTH ROAD,,Minor Crash,Yes,2001,,South,,0,,Flat,,,,,,Twilight,2489400,1,0,0,3,,,0,,,,,,Canterbury Region,Nil,2-way,Sealed,,0,0,,50,,On,0,0,,60,Christchurch City,Traffic Signals,,,,,0,0,Urban,0,,,Light rain,Null
1759854,5911800,1073,,520000,0,,0,2,,Null,2014/2015,NEILSON ST,ALFRED ST,,Serious Crash,No,2014,,South,,0,,Flat,,,,,,Dark,607700,1,0,0,4,,,0,,,,,,Auckland Region,Nil,2-way,Sealed,,0,2,,50,,On,0,0,,76,Auckland,Stop,,,,,0,0,Urban,0,,,Fine,Null
1773939,5445378,1074,,567100,0,,0,2,,West,2007/2008,MAIN ST,RUSSELL ST,,Non-Injury Crash,No,2007,,East,,0,,Flat,,,,,,Overcast,1906400,0,0,0,2,,,0,,,,,,Wellington Region,Nil,2-way,Sealed,,0,0,,50,,Null,0,0,,45,Upper Hutt City,Nil,,,,,0,0,Urban,0,,,Fine,Null
1755044,5929206,1075,,508420,0,,0,2,,Null,2007/2008,TARGET ROAD,WAIRAU ROAD,,Non-Injury Crash,No,2007,,South,,0,,Hill Road,,,,,,Dark,183800,0,0,0,6,,,0,,,,,,Auckland Region,Nil,2-way,Sealed,,0,0,,50,,On,0,0,,76,Auckland,Traffic Signals,,,,,0,0,Urban,0,,,Light rain,Null
1756166,5918793,1076,,515500,0,,0,1,,West,2001/2002,SH 16,NEWTON OBR,,Non-Injury Crash,Yes,2002,,East,,0,,Flat,,,,,,Overcast,417600,0,0,0,4,,,0,,,,,,Auckland Region,Nil,2-way,Sealed,,0,0,,100,,Off,0,0,,76,Auckland,Nil,,,,,0,0,Open,1,,,Heavy rain,Null
1786047,5488735,1077,,564021,0,,0,3,,North,2010/2011,SH 1N,ATKINS ROAD,,Non-Injury Crash,Yes,2011,,South,,0,,Flat,,,,,,Overcast,1882404,0,0,0,2,,,0,,,,,,Manawatu-Wanganui Region,Nil,2-way,Sealed,,0,0,,100,,Null,0,0,,42,Horowhenua District,Nil,,,,,0,0,Open,0,,,Heavy rain,Null
1420274,5248489,1078,,585309,0,,0,0,,West,2014/2015,SH 6,WOOLHOUSE ROAD W,,Non-Injury Crash,Yes,2015,,East,,0,,Flat,,,,,,Bright sun,2419400,0,0,0,2,,,0,,,,,,West Coast Region,Nil,2-way,Sealed,,0,0,,100,,Null,0,0,,57,Westland District,Unknown,,,,,0,0,Open,1,,,Fine,Null
1756475,5443884,1079,,571100,0,,0,2,,Null,2007/2008,MUNGAVIN AVENUE,BEDFORD ST E,,Non-Injury Crash,No,2008,,West,,0,,Flat,,,,,,Bright sun,2048300,0,0,0,2,,,0,,,,,,Wellington Region,Nil,2-way,Sealed,,0,0,,50,,Null,0,0,,44,Porirua City,Give way,,,,,0,0,Urban,0,,,Fine,Null
1930510,5604594,1080,,548100,0,,0,1,,Null,2006/2007,WILLOWPARK ROAD NORTH,ST AUBYN ST EAST,,Minor Crash,No,2007,,North,,0,,Flat,,,,,,Bright sun,1500800,1,1,0,2,,,0,,,,,,Hawke's Bay Region,Nil,2-way,Sealed,,0,0,,50,,Null,0,0,,30,Hastings District,Give way,,,,,0,0,Urban,0,,,Fine,Null
1748435,5427077,1081,,573101,0,,0,0,,West,2014/2015,SH 1N,VICTORIA ST,,Non-Injury Crash,Yes,2015,,East,,0,,Flat,,,,,,Bright sun,2131600,0,0,0,2,,,0,,,1,,,Wellington Region,Nil,2-way,Sealed,,0,0,,50,,Null,0,0,,47,Wellington City,Traffic Signals,,,,,0,0,Urban,1,,,Fine,Null
1771052,5908192,1082,,523115,0,,0,2,,West,2015/2016,BAVERSTOCK ROAD,COACHMAN DRIVE,,Non-Injury Crash,No,2016,,East,,0,,Flat,,,,,,Bright sun,712123,0,0,0,2,,,0,,,,,,Auckland Region,Nil,2-way,Sealed,,0,0,,50,,Null,0,0,,76,Auckland,Nil,,,,,0,0,Urban,0,,,Fine,Null
1752023,5432185,1083,,574002,0,,0,2,,North,2008/2009,SH 2,SH 1N,,Non-Injury Crash,Yes,2009,,South,,0,,Flat,,,,,,Overcast,2078302,0,0,0,2,,,0,,,,,,Wellington Region,Nil,1-way,Sealed,,0,0,,100,,Null,0,0,,47,Wellington City,Nil,,,,,0,0,Open,0,,,Fine,Null
1396231,4917470,1084,,602412,0,,0,2,,Null,2010/2011,FACTORY ROAD,GUY ROAD,,Non-Injury Crash,No,2010,,West,,0,,Flat,,,,,,Bright sun,2978000,0,0,0,2,,,0,,,,,,Otago Region,Nil,2-way,Sealed,,0,0,,100,,Null,0,0,,71,Dunedin City,Give way,,,,,0,0,Open,0,,,Fine,Null
1762203,5913613,1085,,520500,0,,0,1,,South,2013/2014,SH 1N,PENROSE OBR,,Non-Injury Crash,Yes,2013,,North,,0,,Flat,,,,,,Overcast,637100,0,0,0,3,,,0,,,,,,Auckland Region,Nil,1-way,Sealed,,0,0,,100,,Off,1,0,,76,Auckland,Nil,,,,,0,0,Open,0,,,Fine,Null
1747281,5921508,1086,,512202,0,,0,2,,North,2015/2016,TE ATATU ROAD,TAIKATA ROAD,,Non-Injury Crash,No,2015,,South,,0,,Flat,,,,,,Bright sun,248800,0,0,0,2,,,0,,,,,,Auckland Region,Nil,2-way,Sealed,,0,0,,50,,Off,0,0,,76,Auckland,Unknown,,,,,0,0,Urban,0,,,Fine,Null
1767310,5472026,1087,,565903,0,,0,0,,North,2014/2015,NATHAN AVENUE,FALLA ST,,Serious Crash,No,2015,,South,,0,,Flat,,,,,,Bright sun,2001900,0,1,0,2,,,0,,,,,,Wellington Region,Nil,2-way,Sealed,,0,1,,50,,Null,0,0,,43,Kapiti Coast District,Nil,,,,,0,0,Urban,0,,,Fine,Null
1763441,5912769,1088,,520500,0,,0,3,,Null,2008/2009,SH 1N,MT WGTN OFF SBD,,Minor Crash,Yes,2009,,South,,0,,Hill Road,,,,,,Bright sun,637400,1,0,0,3,,,0,,,,,,Auckland Region,Nil,1-way,Sealed,,0,0,,100,,Off,0,0,,76,Auckland,Nil,,,,,0,0,Open,0,,,Fine,Null
1720287,5937054,1089,,506642,0,,0,0,,East,2002/2003,Z BCH MURIWAI,COAST ROAD,,Minor Crash,No,2003,,South,,0,,Flat,,,,,,Bright sun,210600,2,0,0,0,,,0,,,,,,Auckland Region,Nil,Off road,Unsealed,,0,0,,100,,None,0,0,,76,Auckland,Nil,,,,,0,0,Open,1,,,Fine,Null
1569999,5183239,1090,,592300,0,0,0,2,0,North,2016/2017,KNOWLES ST,RUTLAND ST,,Non-Injury Crash,No,2017,0,North,0,0,0,Flat,0,,0,,0,Overcast,2685100,0,0,0,2,0,0,0,0,1,,0,0,Canterbury Region,Nil,2-way,Sealed,0,0,0,0,50,0,Null,0,0,,60,Christchurch City,Unknown,0,0,0,0,0,0,Urban,1,0,0,Fine,Null
1720721,6050309,1091,,502201,0,,0,1,,Null,2007/2008,KIRIPAKA ROAD,BOUNDARY ROAD,,Non-Injury Crash,No,2008,,East,,0,,Flat,,,,,,Bright sun,61804,0,0,0,3,,,0,,,,,,Northland Region,Nil,2-way,Sealed,,0,0,,50,,Off,0,0,,2,Whangarei District,Give way,,,,,0,0,Urban,1,,,Fine,Null
1258793.17,5004307.854,1092,,609302,0,0,0,1,0,South,2018/2019,HALLENSTEIN STREET,YORK STREET,,Non-Injury Crash,No,2019,0,North,0,0,0,Flat,0,,1,,0,Bright sun,3034100,0,0,0,2,0,0,0,0,1,,0,0,Otago Region,Nil,2-way,Sealed,0,0,0,0,50,0,Off,0,0,,70,Queenstown-Lakes District,Unknown,0,0,0,0,0,0,Urban,1,0,0,Fine,Null
1271172,5015421,1093,,609200,0,0,0,1,0,West,2008/2009,BUCKINGHAM ST,WILTSHIRE ST,,Non-Injury Crash,No,2008,0,East,0,0,0,Flat,0,,0,,0,Dark,3034904,0,0,0,1,0,0,0,0,1,,0,0,Otago Region,Nil,1-way,Sealed,0,0,0,0,50,0,On,1,0,,70,Queenstown-Lakes District,Nil,0,0,0,0,0,0,Urban,0,0,0,Fine,Null
1751016,5427925,1094,,576700,0,0,0,1,1,Null,2006/2007,EVANS BAY PARADE,ORIENTAL PARADE,,Minor Crash,No,2007,0,West,0,0,0,Flat,0,,0,,0,Twilight,2186500,1,0,0,2,0,0,0,0,0,,0,0,Wellington Region,Nil,2-way,Sealed,0,0,0,0,50,0,On,0,0,,47,Wellington City,Nil,0,0,0,0,0,0,Urban,0,0,0,Light rain,Null
1623002,5430283,1095,,582700,0,,0,1,,North,2014/2015,VANGUARD ST,NORTHESK ST,,Non-Injury Crash,No,2015,,West,,0,,Flat,,,,,,Twilight,2332000,0,0,0,2,,,0,,,,,,Nelson Region,Nil,2-way,Sealed,,0,0,,50,,Off,1,0,,52,Nelson City,Nil,,,,,0,0,Urban,0,,,Fine,Null
1756431,5927790,1096,,507900,0,,0,1,,Null,2014/2015,TAHAROTO ROAD,SHAKESPEARE ROAD,,Non-Injury Crash,No,2015,,North,,0,,Flat,,,,,,Bright sun,305202,0,0,0,6,,,1,,,,,,Auckland Region,Nil,2-way,Sealed,,0,0,,50,,Off,0,0,,76,Auckland,Traffic Signals,,,,,0,0,Urban,0,,,Fine,Null
1754270,5928182,1097,,508310,0,,0,1,,West,2003/2004,CHIVALRY ROAD,CHARTWELL AVENUE,,Minor Crash,No,2004,,East,,0,,Flat,,,,,,Overcast,200200,1,0,0,2,,,0,,,1,,,Auckland Region,Nil,2-way,Sealed,,0,0,,50,,Off,0,0,,76,Auckland,Nil,,,,,0,0,Urban,0,,,Fine,Null
1891501,5813810,1098,,538501,0,,0,1,,South,2003/2004,JELLICOE ST,NO 3 ROAD,,Non-Injury Crash,No,2003,,North,,0,,Flat,,,,,,Dark,1213900,0,0,0,2,,,0,,,,,,Bay of Plenty Region,Nil,2-way,Sealed,,0,0,,70,,On,0,0,,22,Western Bay of Plenty District,Nil,,,,,1,0,Urban,0,,,Fine,Null
1797256,5817255,1099,,528406,0,,0,2,,Null,2011/2012,ROTOKAURI ROAD,BRECKONS AVENUE,,Minor Crash,No,2012,,East,,0,,Flat,,,,,,Dark,907601,2,0,0,2,,,0,,,,,,Waikato Region,Nil,2-way,Sealed,,0,0,,50,,On,0,0,,16,Hamilton City,Give way,,,,,0,0,Urban,0,,,Fine,Null
1791447,5498249,1100,,564012,0,,0,1,,South,2016/2017,SH 1N,BOULTON ROAD,,Non-Injury Crash,Yes,2017,,South,,0,,Flat,,,,,,Bright sun,1858700,0,0,0,2,,,0,,,,,,Manawatu-Wanganui Region,Nil,2-way,Sealed,,0,0,,100,,Null,0,0,,42,Horowhenua District,Nil,,,,,1,0,Open,0,,,Fine,Null
1763283,5907073,1101,,524301,0,,0,1,,Null,2007/2008,HAIN AVENUE,EARLSWORTH ROAD,,Non-Injury Crash,No,2008,,North,,0,,Flat,,,,,,Bright sun,747000,0,0,0,2,,,0,,,,,,Auckland Region,Nil,2-way,Sealed,,0,0,,50,,Null,0,0,,76,Auckland,Give way,,,,,0,0,Urban,1,,,Fine,Null
1267573.771,5008626.714,1102,,609034,0,,0,2,,South,2018/2019,HOWARDS DRIVE,FRANKTON-LADIES MILE HIGHWAY,,Non-Injury Crash,No,2019,,North,,0,,Flat,,,,,,Bright sun,3039713,0,0,0,2,,,0,,,,,,Otago Region,Nil,2-way,Sealed,,0,0,,50,,Off,0,0,,70,Queenstown-Lakes District,Nil,,,,,0,0,Urban,0,,,Fine,Strong wind
1749965,5422272,1103,,576100,0,0,0,1,0,North,2005/2006,QUEENS DRIVE,HUNGERFORD ROAD,,Minor Crash,No,2005,0,South,0,0,0,Flat,0,,0,,1,Dark,2195601,1,0,0,2,0,0,0,0,0,,0,1,Wellington Region,Nil,2-way,Sealed,0,0,0,0,50,0,On,0,0,,47,Wellington City,Nil,0,0,0,0,0,0,Urban,0,0,0,Fine,Null
1950044,5789582,1104,,542440,0,0,0,1,0,Null,2001/2002,MARY HENRY PLACE,DOUGLAS ST,,Non-Injury Crash,No,2002,0,East,0,0,0,Flat,0,Easter,0,,1,Bright sun,1308900,0,0,0,2,0,0,0,0,0,,0,0,Bay of Plenty Region,Nil,2-way,Sealed,0,0,0,0,50,0,Off,0,0,,25,Whakatane District,Nil,0,0,0,1,0,0,Urban,0,0,0,Fine,Null
1803927,5790618,1105,,531002,0,,0,2,,West,2013/2014,ALEXANDRA ST,CHURCHILL ST,,Non-Injury Crash,No,2014,,East,,0,,Flat,,,,,,Twilight,973000,0,0,0,2,,,0,,,,,,Waikato Region,Nil,2-way,Sealed,,0,0,,50,,Off,0,0,,17,Waipa District,Nil,,,,,0,0,Urban,0,,,Fine,Null
1742500,5926461,1106,,513410,0,,0,2,,Null,2003/2004,BRIGHAM CREEK ROAD,SH 16,,Minor Crash,No,2004,,West,,0,,Flat,,,,,,Overcast,223100,1,0,0,2,,,0,,,,,,Auckland Region,Nil,2-way,Sealed,,0,0,,80,,Off,0,0,,76,Auckland,Give way,,,,,0,0,Open,0,,,Fine,Null