X,Y,OBJECTID,advisorySpeed,areaUnitID,bicycle,bridge,bus,carStationWagon,cliffBank,crashDirectionDescription,crashFinancialYear,crashLocation1,crashLocation2,crashRoadSideRoad,crashSeverity,crashSHDescription,crashYear,debris,directionRoleDescription,ditch,fatalCount,fence,flatHill,guardRail,holiday,houseOrBuilding,intersection,kerb,light,meshblockId,minorInjuryCount,moped,motorcycle,NumberOfLanes,objectThrownOrDropped,otherObject,otherVehicleType,overBank,parkedVehicle,pedestrian,phoneBoxEtc,postOrPole,region,roadCharacter,roadLane,roadSurface,roadworks,schoolBus,seriousInjuryCount,slipOrFlood,speedLimit,strayAnimal,streetLight,suv,taxi,temporarySpeedLimit,tlaId,tlaName,trafficControl,trafficIsland,trafficSign,train,tree,truck,unknownVehicleType,urban,vanOrUtility,vehicle,waterRiver,weatherA,weatherB
1888920,5774200,1176,,538741,0,0,0,0,0,Null,2011/2012,SH 30,OWHATA ROAD,,Non-Injury Crash,Yes,2011,0,East,0,0,0,Flat,0,,0,,1,Dark,1254410,0,0,0,2,0,0,0,0,0,,0,1,Bay of Plenty Region,Nil,2-way,Sealed,0,0,0,0,60,0,On,1,0,,24,Rotorua District,Give way,0,0,0,0,0,0,Urban,0,0,0,Light rain,Null
1929730,5605184,1177,,548200,0,0,0,1,0,West,2015/2016,KING ST NORTH,QUEEN ST WEST,,Non-Injury Crash,No,2016,0,West,0,0,0,Flat,0,,0,,0,Bright sun,1490700,0,0,0,2,0,0,0,0,1,,0,0,Hawke's Bay Region,Nil,2-way,Sealed,0,0,0,0,50,0,Null,0,0,,30,Hastings District,Unknown,0,0,0,0,0,0,Urban,1,0,0,Fine,Null
1769807,5901370,1178,,523814,0,,0,2,,North,2006/2007,SH 1N,ALFRISTON OBR,,Non-Injury Crash,Yes,2007,,South,,0,,Hill Road,,Easter,,,,Bright sun,759510,0,0,0,2,,,0,,,,,,Auckland Region,Nil,1-way,Sealed,,0,0,,100,,Off,0,0,,76,Auckland,Nil,,,,,0,0,Open,0,,,Fine,Null
1949480,5790760,1179,,542430,0,0,0,2,0,West,2011/2012,STEWART ST,SPENCE LANE,,Non-Injury Crash,No,2012,0,East,0,0,0,Flat,0,,0,,0,Dark,1310900,0,0,0,2,0,0,0,0,1,,0,0,Bay of Plenty Region,Nil,2-way,Sealed,0,0,0,0,50,0,On,0,0,,25,Whakatane District,Unknown,0,0,0,0,0,0,Urban,0,0,0,Fine,Null
1577401,5230563,1180,,585803,0,0,0,0,0,West,2010/2011,GEORGES ROAD,SH 1S,,Minor Crash,No,2010,0,East,0,0,0,Flat,0,,0,,0,Dark,2440600,1,0,0,2,0,0,0,0,0,,0,0,Canterbury Region,Nil,2-way,Unsealed,0,0,0,0,100,0,None,0,0,,58,Hurunui District,Unknown,0,0,0,1,0,0,Open,1,0,0,Fine,Frost
1523573,5157424,1181,75,597506,0,,0,1,,Null,2018/2019,SH 1S,RAKAIA OBR,,Non-Injury Crash,Yes,2018,,North,,0,,Flat,,,,,,Dark,2726900,0,0,0,2,,,0,,,,,,Canterbury Region,Bridge,2-way,Sealed,,0,0,,100,,On,0,0,,62,Selwyn District,Unknown,,,,,1,0,Open,0,,,Fine,Null
1753423,5932984,1182,,508807,0,,0,1,,South,2008/2009,SH 1N,GREVILLE OBR,,Non-Injury Crash,Yes,2008,,North,,0,,Flat,,,,,,Bright sun,180811,0,0,0,2,,,0,,,,,,Auckland Region,Nil,2-way,Sealed,,0,0,,100,,Null,1,0,,76,Auckland,Unknown,,,,,0,0,Open,0,,,Fine,Null
1217064,4863505,1183,,612740,0,0,0,1,0,South,2011/2012,RIVERTON-OTAUTAU ROAD,MURRAY ROAD,,Minor Crash,No,2011,0,North,1,0,0,Flat,0,,0,,0,Twilight,3186500,1,0,0,2,0,0,0,0,0,,0,0,Southland Region,Nil,2-way,Sealed,0,0,0,0,100,0,None,0,0,,73,Southland District,Unknown,0,0,0,0,0,0,Open,0,0,0,Fine,Null
1289376,5007385,1184,55,609031,0,0,0,0,1,West,2008/2009,SH 6,CARDRONA-ROARING MEG PACK,,Minor Crash,Yes,2008,0,South,0,0,0,Hill Road,0,,0,,0,Dark,3039900,1,0,0,2,0,0,0,0,0,,0,0,Otago Region,Nil,2-way,Sealed,0,0,0,0,100,0,None,0,0,,70,Queenstown-Lakes District,Unknown,0,0,0,0,0,0,Open,1,0,0,Fine,Null
1949198.885,5789832.692,1185,,542430,0,0,0,0,0,North,2019/2020,ARAWA ROAD,CUTLER CRESCENT,,Non-Injury Crash,No,2019,0,South,0,0,1,Flat,1,,0,,0,Dark,1311900,0,0,0,2,0,0,0,0,0,,0,1,Bay of Plenty Region,Nil,2-way,Sealed,0,0,0,0,50,0,On,0,0,,25,Whakatane District,Nil,0,0,0,1,0,0,Urban,1,0,0,Fine,Null
1838668,5825083,1186,,534604,0,,0,1,,Null,2009/2010,SH 27,GIVEN ROAD,,Fatal Crash,Yes,2009,,North,,1,,Flat,,,,,,Dark,1098100,0,0,0,2,,,0,,,,,,Waikato Region,Nil,2-way,Sealed,,0,0,,100,,None,0,0,,15,Matamata-Piako District,Nil,,,,,1,0,Open,0,,,Fine,Null
1770716,5576896,1187,,555800,0,,0,1,,Null,2017/2018,PURIRI ST,MOSSTON ROAD,,Minor Crash,No,2017,,East,,0,,Flat,,,,,,Overcast,1714900,2,0,0,2,,,0,,,,,,Manawatu-Wanganui Region,Nil,2-way,Sealed,,0,0,,50,,Null,0,0,,37,Whanganui District,Give way,,,,,0,0,Urban,1,,,Fine,Null
1754032,5935863,1188,,508704,0,,0,1,,West,2006/2007,OTEHA VALLEY ROAD,HARROWGLEN DRIVE,,Minor Crash,No,2007,,West,,0,,Hill Road,,,,,,Overcast,178607,1,0,0,2,,,0,,,,,,Auckland Region,Nil,2-way,Sealed,,0,0,,50,,Off,1,0,,76,Auckland,Nil,,,,,0,0,Urban,1,,,Fine,Null
1793743,5559781,1189,,559230,0,0,0,0,1,West,2008/2009,SH 3,UNION LINE,,Non-Injury Crash,Yes,2009,0,West,0,0,0,Flat,0,,0,,0,Overcast,1733000,0,0,0,2,0,0,0,0,0,,0,0,Manawatu-Wanganui Region,Nil,2-way,Sealed,0,0,0,0,100,0,Null,0,0,,38,Rangitikei District,Nil,0,0,0,0,0,0,Open,1,0,0,Fine,Null
1884336,5826018,1190,,536831,0,0,0,2,0,North,2009/2010,CONCORD AVENUE,CRANE ST,,Non-Injury Crash,No,2009,0,South,0,0,0,Flat,0,,0,,0,Dark,1200500,0,0,0,2,0,0,0,0,1,,0,0,Bay of Plenty Region,Nil,2-way,Sealed,0,0,0,0,50,0,None,0,0,,23,Tauranga City,Unknown,0,0,0,0,0,0,Urban,0,0,0,Fine,Strong wind
1800014,5818959,1191,,529401,0,0,0,1,1,Null,2015/2016,WYMER TERRACE,CHEQUERS AVENUE,,Non-Injury Crash,No,2016,0,South,0,0,0,Flat,0,,0,,0,Dark,879500,0,0,0,2,0,0,0,0,0,,0,0,Waikato Region,Nil,2-way,Sealed,0,0,0,0,40,0,On,0,0,,16,Hamilton City,Nil,0,0,0,0,0,0,Urban,0,0,0,Fine,Null
1765187.869,5900917.489,1192,,524821,0,0,0,1,0,South,2019/2020,FINLAYSON AVENUE,KOPARA PLACE,,Non-Injury Crash,No,2020,0,South,0,0,1,Hill Road,0,,0,,0,Dark,774411,0,0,0,2,0,1,0,0,0,,0,0,Auckland Region,Nil,2-way,Sealed,0,0,0,0,50,0,On,0,0,,76,Auckland,Nil,0,0,0,1,0,0,Urban,0,0,0,Fine,Null
1564945,5183624,1193,,588900,0,0,0,2,0,East,2009/2010,KENDAL AVENUE,BURNSIDE CRESCENT E,,Non-Injury Crash,No,2009,0,East,0,0,0,Flat,0,,0,,0,Overcast,2518000,0,0,0,2,0,0,0,0,1,,0,0,Canterbury Region,Nil,2-way,Sealed,0,0,0,0,50,0,Null,0,0,,60,Christchurch City,Unknown,0,0,0,0,0,0,Urban,0,0,0,Fine,Null
1822073,5529623,1194,,562800,0,0,0,1,0,South,2010/2011,MAIN ST,PRINCESS ST,,Non-Injury Crash,No,2010,0,North,0,0,0,Flat,0,,0,,0,Dark,1829200,0,0,1,2,0,0,0,0,0,,0,0,Manawatu-Wanganui Region,Nil,2-way,Sealed,0,0,0,0,50,0,On,0,0,,40,Palmerston North City,Nil,0,0,0,0,0,0,Urban,0,1,0,Light rain,Null
1932662,5600545,1195,,548821,0,0,0,1,0,Null,2017/2018,IONA ROAD,WOODFORD HEIGHTS,,Non-Injury Crash,No,2017,0,East,0,0,0,Hill Road,0,,0,,0,Dark,1506500,0,0,0,2,0,0,0,0,0,,0,1,Hawke's Bay Region,Nil,2-way,Sealed,0,0,0,0,50,0,On,0,0,,30,Hastings District,Nil,0,0,0,0,0,0,Urban,0,0,0,Fine,Null
1745903,5923788,1196,,513522,0,,0,2,,East,1999/2000,LUCKENS ROAD,MATISSE DRIVE,,Non-Injury Crash,No,2000,,West,,0,,Hill Road,,,,,,Bright sun,224251,0,0,0,2,,,0,,,,,,Auckland Region,Nil,2-way,Sealed,,0,0,,50,,Off,0,0,,76,Auckland,Nil,,,,,0,0,Urban,0,,,Fine,Null
1756492,5932335,1197,,507400,0,0,0,2,0,West,2016/2017,NEWHAVEN TERRACE,BEACH ROAD,,Non-Injury Crash,No,2017,0,East,0,0,0,Flat,0,,0,,0,Twilight,150000,0,0,0,1,0,0,0,0,1,,0,0,Auckland Region,Nil,2-way,Sealed,0,0,0,0,50,0,Off,0,0,,76,Auckland,Unknown,0,0,0,0,0,0,Urban,0,0,0,Fine,Null
1924933,5601720,1198,,545842,0,0,0,1,0,West,2003/2004,MANGAROA ROAD,SH 50A,,Non-Injury Crash,No,2003,0,West,1,0,0,Flat,0,,0,,0,Dark,1470213,0,0,0,2,0,0,0,0,0,,0,0,Hawke's Bay Region,Nil,2-way,Sealed,0,0,0,0,100,0,None,0,0,,30,Hastings District,Nil,0,0,0,0,0,0,Open,0,0,0,Fine,Null
1756465,5919997,1199,,514000,0,,1,1,,Null,2009/2010,WELLINGTON ST,WELLINGTON ON NBD,,Non-Injury Crash,No,2010,,West,,0,,Hill Road,,,,,,Overcast,417400,0,0,0,1,,,0,,,,,,Auckland Region,Motorway ramp,2-way,Sealed,,0,0,,50,,Off,0,0,,76,Auckland,Give way,,,,,0,0,Urban,0,,,Fine,Null
1767428,5907636,1200,,523602,0,,0,2,,Null,2007/2008,EAST TAMAKI ROAD,FERGUSON ROAD,,Non-Injury Crash,No,2007,,West,,0,,Flat,,,,,,Overcast,709900,0,0,0,2,,,0,,,,,,Auckland Region,Nil,2-way,Sealed,,0,0,,50,,Off,0,0,,76,Auckland,Give way,,,,,0,0,Urban,0,,,Heavy rain,Null
1803780,5790691,1201,,531002,0,,0,1,,Null,2015/2016,ALEXANDRA ST,MUTU ST,,Non-Injury Crash,No,2016,,South,,0,,Flat,,,,,,Dark,971300,0,0,0,2,,,0,,,,,,Waikato Region,Nil,2-way,Sealed,,0,0,,50,,On,0,0,,17,Waipa District,Give way,,,,,0,0,Urban,1,,,Fine,Null
1243659,4847375,1202,,611700,0,,0,2,,Null,2012/2013,ELLES ROAD,OHARA ST,,Minor Crash,No,2013,,South,,0,,Flat,,,,,,Overcast,3114100,1,0,0,2,,,0,,,,,,Southland Region,Nil,2-way,Sealed,,0,0,,50,,Null,0,0,,75,Invercargill City,Give way,,,,,0,0,Urban,0,,,Light rain,Null
1719697,6045702,1203,,503100,0,,0,1,,North,2004/2005,WALTON ST,ROBERT ST,,Non-Injury Crash,No,2004,,North,,0,,Flat,,,,,,Overcast,99904,0,0,0,2,,,0,,,,,,Northland Region,Nil,2-way,Sealed,,0,0,,50,,Off,0,0,,2,Whangarei District,Nil,,,,,0,0,Urban,1,,,Fine,Null
1842924,5807459,1204,,535242,1,,0,0,,South,2006/2007,SH 27,BURWOOD ROAD,,Fatal Crash,Yes,2007,,South,,1,,Flat,,,,,,Bright sun,1115600,0,0,0,2,,,0,,,,,,Waikato Region,Nil,2-way,Sealed,,0,0,,100,,None,1,0,,15,Matamata-Piako District,Nil,,,,,0,0,Open,0,,,Fine,Null
1761057,5449398,1205,,565601,0,0,0,1,0,North,2011/2012,PAEKAKARIKI HILL ROAD,JONES DEVIATION,,Non-Injury Crash,No,2011,0,South,0,0,1,Flat,0,,0,,0,Bright sun,2071700,0,0,0,2,0,0,0,0,0,,0,0,Wellington Region,Nil,2-way,Sealed,0,0,0,0,100,0,Null,0,0,,44,Porirua City,Nil,0,0,0,0,0,0,Open,0,0,0,Fine,Null
1757654,5926295,1206,,508020,0,,0,1,,East,2001/2002,ESMONDE ROAD,BARRYS POINT ROAD,,Minor Crash,No,2001,,West,,0,,Flat,,,,,,Bright sun,325402,1,0,0,3,,,0,,,,,,Auckland Region,Nil,2-way,Sealed,,0,0,,50,,Off,0,0,,76,Auckland,Nil,,,,,0,0,Urban,1,,,Fine,Null
1803849,5814029,1207,,530700,0,,0,2,,South,2007/2008,CAMBRIDGE ROAD,HILLCREST ROAD,,Non-Injury Crash,No,2008,,South,,0,,Flat,,,,,,Bright sun,888800,0,0,0,2,,,0,,,,,,Waikato Region,Nil,2-way,Sealed,,0,0,,50,,Null,0,0,,16,Hamilton City,Unknown,,,,,0,0,Urban,0,,,Fine,Null
1755615,5919021,1208,,515420,0,,0,2,,Null,2015/2016,TURAKINA ST,CRUMMER ROAD,,Minor Crash,No,2016,,South,,0,,Hill Road,,,,,,Overcast,410000,2,0,0,2,,,0,,,,,,Auckland Region,Nil,2-way,Sealed,,0,0,,50,,Null,0,0,,76,Auckland,Stop,,,,,0,0,Urban,0,,,Fine,Null
1800963,5818648,1209,,529402,0,0,0,2,0,East,2006/2007,TONGARIRO ST,BELLMONT AVENUE,,Non-Injury Crash,No,2006,0,West,0,0,0,Flat,0,,0,,0,Overcast,878401,0,0,0,2,0,0,0,0,1,,0,0,Waikato Region,Nil,2-way,Sealed,0,0,0,0,50,0,Null,0,0,,16,Hamilton City,Unknown,0,0,0,0,0,0,Urban,0,0,0,Fine,Null
1765072,5910269,1210,,521803,0,,0,2,,North,2003/2004,SH 1N,PRINCES OBR,,Non-Injury Crash,Yes,2004,,South,,0,,Flat,,,,,,Bright sun,790000,0,0,0,3,,,0,,,,,,Auckland Region,Nil,2-way,Sealed,,0,0,,100,,Null,0,0,,76,Auckland,Give way,,,,,0,0,Open,0,,,Fine,Null
1325712,5054606,1211,45,608302,0,0,0,0,0,Null,2009/2010,SH 8,DIP CRK BR,,Serious Crash,Yes,2009,0,South,0,0,0,Hill Road,1,Christmas New Year,0,,0,Bright sun,3028500,0,0,1,2,0,0,0,0,0,,0,0,Otago Region,Bridge,2-way,Sealed,0,0,1,0,100,0,Null,0,0,,69,Central Otago District,Unknown,0,0,0,0,0,0,Open,0,0,0,Fine,Null
1754006.705,5915287.099,1212,,518801,0,0,0,1,0,Null,2019/2020,BEAGLE AVENUE,TYBURNIA AVENUE,,Minor Crash,No,2019,0,South,0,0,0,Flat,0,,0,,0,Bright sun,574800,1,0,0,2,0,0,0,0,0,,0,0,Auckland Region,Nil,1-way,Sealed,0,0,0,0,50,0,Off,0,0,,76,Auckland,Stop,0,0,0,1,0,0,Urban,0,0,0,Fine,Null
1806593,5634236,1213,,555000,0,,0,2,,North,2003/2004,GOLDFINCH ST,AYR ST,,Non-Injury Crash,No,2003,,West,,0,,Flat,,,,,,Bright sun,1676800,0,0,0,2,,,0,,,,,,Manawatu-Wanganui Region,Nil,2-way,Sealed,,0,0,,50,,Null,0,0,,36,Ruapehu District,Nil,,,,,0,0,Urban,0,,,Fine,Null
1751858,5432069,1214,,574002,0,,0,2,,North,2009/2010,SH 2,SH 1N,,Non-Injury Crash,Yes,2009,,North,,0,,Flat,,,,,,Dark,2078302,0,0,0,3,,,0,,,,,,Wellington Region,Nil,1-way,Sealed,,0,0,,100,,On,0,0,,47,Wellington City,Nil,,,,,0,0,Open,0,,,Fine,Null
1765090.204,5902858.858,1215,,524604,0,,0,3,,Null,2018/2019,WIRI STATION ROAD,ROSCOMMON ROAD,,Non-Injury Crash,No,2019,,West,,0,,Flat,,,,,,Dark,781302,0,0,0,4,,,0,,,,,,Auckland Region,Nil,2-way,Sealed,,0,0,,60,,On,0,0,,76,Auckland,Traffic Signals,,,,,0,0,Urban,0,,,Fine,Null
1763482,5459801,1216,,566200,0,,0,1,,South,2009/2010,SH 1N,AMES ST,,Non-Injury Crash,Yes,2010,,South,,0,,Hill Road,,,,,,Twilight,2009701,0,0,0,2,,,0,,,,,,Wellington Region,Nil,2-way,Sealed,,0,0,,70,,Off,0,0,,43,Kapiti Coast District,Nil,,,,,0,0,Urban,2,,,Light rain,Null
1570465.305,5178625.5,1217,,594600,0,,0,2,,Null,2019/2020,WORDSWORTH STREET,DEWSBURY LANE,,Non-Injury Crash,No,2019,,East,,0,,Flat,,,,,,Bright sun,2617400,0,0,0,4,,,0,,,,,,Canterbury Region,Nil,2-way,Sealed,,0,0,,50,,Off,0,0,,60,Christchurch City,Nil,,,,,0,0,Urban,1,,,Fine,Null
1242557,4849671,1218,,611210,0,,0,2,,West,2015/2016,ESK ST,CAMBRIDGE PLACE,,Non-Injury Crash,No,2016,,East,,0,,Flat,,,,,,Overcast,3108500,0,0,0,1,,,0,,,,,,Southland Region,Nil,1-way,Sealed,,0,0,,20,,Null,0,0,,75,Invercargill City,Unknown,,,,,0,0,Urban,0,,,Fine,Null
1754902,5923570,1219,,510500,0,,0,2,,East,2002/2003,HINEMOA ST,NIAGARA PLACE,,Non-Injury Crash,No,2003,,East,,0,,Hill Road,,,,,,Overcast,358300,0,0,0,2,,,0,,,,,,Auckland Region,Nil,2-way,Sealed,,0,0,,50,,Off,0,0,,76,Auckland,Nil,,,,,0,0,Urban,0,,,Fine,Null
1740416,5916033,1220,,513020,0,,0,1,,East,2006/2007,WELSH HILLS ROAD,CHRISTIAN ROAD,,Serious Crash,No,2007,,West,,0,,Hill Road,,,,,,Overcast,279900,0,0,1,0,,,0,,,,,,Auckland Region,Nil,Off road,Sealed,,0,1,,100,,None,0,0,,76,Auckland,Nil,,,,,0,0,Open,0,,,Light rain,Null
1698718,5633757,1221,,553500,0,0,0,1,0,North,2002/2003,MANAIA ROAD,ALAMEIN ST,,Fatal Crash,No,2003,0,South,1,1,0,Flat,0,,0,,0,Dark,1638100,1,0,0,2,0,0,0,0,0,,0,0,Taranaki Region,Nil,2-way,Sealed,0,0,0,0,100,0,None,0,0,,35,South Taranaki District,Nil,0,0,0,1,0,0,Open,0,0,0,Fine,Null
1718283,6043846,1222,,503500,0,,0,2,,Null,2004/2005,SH 1N,OTAIKA ROAD SERVICE LANE,,Non-Injury Crash,Yes,2005,,South,,0,,Flat,,,,,,Dark,108600,0,0,0,2,,,0,,,,,,Northland Region,Nil,2-way,Sealed,,0,0,,50,,On,0,0,,2,Whangarei District,Stop,,,,,0,0,Urban,0,,,Fine,Null
1545455,5201249,1223,,586605,0,,0,1,,Null,2006/2007,POYNTZS ROAD,NORTH EYRE ROAD,,Serious Crash,No,2006,,East,,0,,Flat,,,,,,Overcast,2457301,0,0,0,2,,,1,,,,,,Canterbury Region,Nil,2-way,Sealed,,0,1,,100,,Null,0,0,,59,Waimakariri District,Give way,,,,,0,0,Open,0,,,Light rain,Null
1749005,5424757,1224,,576301,0,0,0,2,0,East,2005/2006,NORMANBY ST,RIDDIFORD ST,,Non-Injury Crash,No,2005,0,East,0,0,0,Flat,0,,0,,0,Bright sun,2165500,0,0,0,2,0,0,0,0,1,,0,0,Wellington Region,Nil,2-way,Sealed,0,0,0,0,50,0,Null,0,0,,47,Wellington City,Nil,0,0,0,0,0,0,Urban,0,0,0,Fine,Null
1402721,4914770,1225,,604130,0,1,0,1,0,West,2005/2006,TOWNLEYS ROAD,KAIKORAI VALLEY ROAD,,Minor Crash,No,2005,0,East,0,0,0,Hill Road,0,,0,,0,Dark,2918000,1,0,0,2,0,0,0,0,0,,0,0,Otago Region,Nil,2-way,Sealed,0,0,0,0,50,0,None,0,0,,71,Dunedin City,Unknown,0,0,0,0,0,0,Urban,0,0,0,Mist or Fog,Null
1813546,5798914,1226,,527934,0,0,0,1,0,South,2010/2011,CAMBRIDGE ROAD,MCLARNON ROAD,,Non-Injury Crash,No,2010,0,South,1,0,0,Flat,0,,0,,0,Dark,988100,0,0,0,2,0,0,0,0,0,,0,0,Waikato Region,Nil,2-way,Sealed,0,0,0,0,100,0,None,0,0,,17,Waipa District,Unknown,0,0,0,0,0,0,Open,0,0,0,Heavy rain,Null
1638527,5307866,1227,,581500,0,0,0,0,0,West,2008/2009,INLAND KAIKOURA ROAD,DAIRY FARM ROAD,,Non-Injury Crash,No,2009,0,West,0,0,0,Flat,0,,0,,0,Bright sun,2311600,0,0,0,2,0,0,0,1,0,,0,0,Canterbury Region,Nil,2-way,Sealed,0,0,0,0,100,0,Null,0,0,,54,Kaikoura District,Unknown,0,0,0,1,0,0,Open,1,0,0,Fine,Null
1758546,5447943,1228,,572200,0,,0,1,,North,2004/2005,SH 58,SPINNAKER DRIVE,,Minor Crash,Yes,2005,,East,,0,,Flat,,,,,,Overcast,2071201,1,0,0,1,,,0,,,,,,Wellington Region,Nil,1-way,Sealed,,0,0,,100,,Null,0,0,,44,Porirua City,Nil,,,,,0,0,Open,1,,,Fine,Null
1730332,6031816,1229,,501811,0,0,0,1,0,West,2016/2017,MCEWAN ROAD,PYLE ROAD EAST,,Minor Crash,No,2016,0,East,0,0,0,Flat,0,,0,,0,Bright sun,79101,1,0,0,2,0,0,0,0,0,,0,0,Northland Region,Nil,2-way,Sealed,0,0,0,0,100,0,None,0,0,,2,Whangarei District,Unknown,0,0,0,1,0,0,Open,0,0,0,Fine,Null
1760766,5915413,1230,,520201,0,,0,2,,South,2006/2007,SH 1N,GREENLANE OFF NBD,,Non-Injury Crash,Yes,2007,,North,,0,,Flat,,,,,,Bright sun,613000,0,0,0,4,,,0,,,,,,Auckland Region,Nil,1-way,Sealed,,0,0,,100,,Off,0,0,,76,Auckland,Nil,,,,,0,0,Open,0,,,Fine,Null
1569149,5200547,1231,,586129,0,,0,2,,North,2002/2003,SH 71,MULCOCKS ROAD,,Fatal Crash,Yes,2003,,South,,1,,Flat,,,,,,Bright sun,2449600,1,0,0,2,,,0,,,,,,Canterbury Region,Nil,2-way,Sealed,,0,0,,100,,Null,0,0,,59,Waimakariri District,Unknown,,,,,1,0,Open,0,,,Fine,Null
1749664,5431074,1232,,574500,1,,0,1,,Null,2010/2011,KAIWHARAWHARA ROAD,OLD PORIRUA ROAD,,Serious Crash,No,2011,,East,,0,,Hill Road,,,,,,Bright sun,2093600,0,0,0,3,,,0,,,,,,Wellington Region,Nil,2-way,Sealed,,0,1,,50,,Null,0,0,,47,Wellington City,Nil,,,,,0,0,Urban,0,,,Fine,Null
1800809,5813463,1233,,529100,0,0,0,3,0,South,2006/2007,PEMBROKE ST,SELWYN ST,,Non-Injury Crash,No,2006,0,South,0,0,0,Hill Road,0,,0,,0,Bright sun,930102,0,0,0,2,0,0,0,0,1,,0,0,Waikato Region,Nil,2-way,Sealed,0,0,0,0,50,0,Off,0,0,,16,Hamilton City,Nil,0,0,0,0,0,0,Urban,0,0,0,Fine,Null
1924586,5607275,1234,,548612,0,,0,1,,North,2008/2009,CHATHAM ROAD,SCOTT DRIVE,,Serious Crash,No,2009,,South,,0,,Flat,,,,,,Bright sun,1474400,0,0,0,2,,,0,,,1,,,Hawke's Bay Region,Nil,2-way,Sealed,,0,1,,50,,Null,0,0,,30,Hastings District,Nil,,,,,0,0,Urban,0,,,Fine,Null
1571514.732,5178584.856,1235,,594500,0,,0,0,,East,2019/2020,SHAKESPEARE ROAD,WALTHAM ROAD,,Minor Crash,No,2020,,West,,0,,Flat,,,,,,Dark,2624301,1,0,0,2,,,0,,,1,,,Canterbury Region,Nil,2-way,Sealed,,0,0,,50,,On,1,0,,60,Christchurch City,Nil,,,,,0,0,Urban,0,,,Fine,Null
1759981,5916040,1236,,516002,0,,0,2,,North,2010/2011,SH 1N,GREENLANE INT N,,Non-Injury Crash,Yes,2010,,North,,0,,Flat,,,,,,Twilight,492100,0,0,0,3,,,0,,,,,,Auckland Region,Nil,1-way,Sealed,,0,0,,100,,Off,0,0,,76,Auckland,Nil,,,,,0,0,Open,0,,,Heavy rain,Null
1673583,5632395,1237,,553200,0,,0,2,,Null,2002/2003,ALLISON ST,FOX ST,,Non-Injury Crash,No,2002,,North,,0,,Flat,,,,,,Overcast,1632900,0,0,0,2,,,0,,,,,,Taranaki Region,Nil,2-way,Sealed,,0,0,,50,,None,0,0,,35,South Taranaki District,Give way,,,,,0,0,Urban,0,,,Fine,Null
1699960,6073644,1238,,501620,0,,0,0,,South,2008/2009,SH 1N,CALLAGHAN ROAD,,Non-Injury Crash,Yes,2009,,East,,0,,Hill Road,,,,,,Bright sun,45100,0,0,0,2,,,0,,,,,,Northland Region,Nil,2-way,Sealed,,0,0,,100,,Null,1,0,,1,Far North District,Nil,,,,,0,0,Open,1,,,Fine,Null
1765036,5905791,1239,,522202,0,,0,1,,West,2009/2010,ST GEORGE ST,KOLMAR ROAD,,Non-Injury Crash,No,2010,,West,,0,,Flat,,,,,,Dark,663400,0,0,0,2,,,0,,,,,,Auckland Region,Nil,2-way,Sealed,,0,0,,50,,On,0,0,,76,Auckland,Nil,,,,,0,0,Urban,1,,,Fine,Null
1728707,5999843,1240,,505010,0,,0,2,,South,2004/2005,SH 1N,MOUNTAIN ROAD,,Minor Crash,Yes,2005,,South,,0,,Hill Road,,,,,,Overcast,134800,1,0,0,2,,,0,,,,,,Northland Region,Nil,2-way,Sealed,,0,0,,100,,None,0,0,,3,Kaipara District,Nil,,,,,0,0,Open,0,,,Light rain,Null
1804191,5814577,1241,,530700,0,0,0,1,0,South,2005/2006,AURORA TERRACE,DOROTHY PLACE,,Non-Injury Crash,No,2006,0,South,0,0,0,Flat,0,,0,,0,Bright sun,888000,0,0,0,2,0,0,0,0,1,,0,0,Waikato Region,Nil,2-way,Sealed,0,0,0,0,50,0,Off,0,0,,16,Hamilton City,Nil,0,0,0,0,1,0,Urban,0,0,0,Fine,Null
1758463,5945596,1242,,505902,0,,0,2,,Null,2009/2010,WHANGAPARAOA ROAD,CAPITOL ROAD,,Minor Crash,No,2010,,North,,0,,Hill Road,,,,,,Bright sun,174802,1,0,0,2,,,0,,,,,,Auckland Region,Nil,2-way,Sealed,,0,0,,50,,Off,0,0,,76,Auckland,Nil,,,,,0,0,Urban,0,,,Fine,Null
1779753,5902063,1243,,525201,0,,0,2,,East,2001/2002,CLEVEDON-TAKANINI ROAD,PAPAKURA-CLEVEDON ROAD,,Non-Injury Crash,No,2002,,East,,0,,Hill Road,,,,,,Overcast,763300,0,0,0,2,,,0,,,,,,Auckland Region,Nil,2-way,Sealed,,0,0,,70,,None,0,0,,76,Auckland,Nil,,,,,0,0,Urban,0,,,Fine,Null
1759757,5429820,1244,,570300,0,0,0,2,0,North,2005/2006,MARINE DRIVE,RANGIURU ROAD,,Non-Injury Crash,No,2005,0,North,0,0,0,Flat,0,,0,,0,Dark,1982303,0,0,0,2,0,0,0,0,1,,0,0,Wellington Region,Nil,2-way,Sealed,0,0,0,0,70,0,On,0,0,,46,Lower Hutt City,Nil,0,0,0,0,0,0,Urban,0,0,0,Fine,Null