X,Y,OBJECTID,advisorySpeed,areaUnitID,bicycle,bridge,bus,carStationWagon,cliffBank,crashDirectionDescription,crashFinancialYear,crashLocation1,crashLocation2,crashRoadSideRoad,crashSeverity,crashSHDescription,crashYear,debris,directionRoleDescription,ditch,fatalCount,fence,flatHill,guardRail,holiday,houseOrBuilding,intersection,kerb,light,meshblockId,minorInjuryCount,moped,motorcycle,NumberOfLanes,objectThrownOrDropped,otherObject,otherVehicleType,overBank,parkedVehicle,pedestrian,phoneBoxEtc,postOrPole,region,roadCharacter,roadLane,roadSurface,roadworks,schoolBus,seriousInjuryCount,slipOrFlood,speedLimit,strayAnimal,streetLight,suv,taxi,temporarySpeedLimit,tlaId,tlaName,trafficControl,trafficIsland,trafficSign,train,tree,truck,unknownVehicleType,urban,vanOrUtility,vehicle,waterRiver,weatherA,weatherB
1885153,5773133,1245,,540600,0,,0,2,,Null,2018/2019,FENTON ST,MALFROY ROAD,,Non-Injury Crash,No,2018,,North,,0,,Flat,,,,,,Dark,1243100,0,0,0,2,,,0,,,,,,Bay of Plenty Region,Nil,1-way,Sealed,,0,0,,50,,On,0,0,,24,Rotorua District,Give way,,,,,0,0,Urban,0,,,Fine,Null
1585953,5291853,1246,,585502,0,0,0,1,0,South,2002/2003,AMURI AVENUE,LEAMINGTON ST,,Non-Injury Crash,No,2003,0,South,0,0,0,Hill Road,0,,0,,1,Dark,2427500,0,0,0,2,0,0,0,0,0,,0,0,Canterbury Region,Nil,2-way,Sealed,0,0,0,0,50,0,On,0,0,,58,Hurunui District,Unknown,0,0,0,0,0,0,Urban,0,0,0,Fine,Null
1573951,5186528,1247,,590501,0,0,0,1,0,Null,2006/2007,ALPINE VIEW LANE,WAITIKIRI DRIVE,,Non-Injury Crash,No,2007,0,East,0,0,0,Flat,0,,0,,0,Overcast,2503702,0,0,0,2,0,0,0,0,0,,0,1,Canterbury Region,Nil,2-way,Sealed,0,0,0,0,50,0,Null,0,0,,60,Christchurch City,Give way,0,0,0,0,0,0,Urban,0,0,0,Fine,Null
1589091.569,5457832.282,1248,,581832,0,0,0,0,1,East,2019/2020,TAKAKA HILL HIGHWAY,TAKAKA SUM,,Non-Injury Crash,Yes,2019,0,East,0,0,0,Hill Road,0,,0,,0,Overcast,2366600,0,0,0,2,0,0,0,0,0,,0,0,Tasman Region,Nil,2-way,Sealed,0,0,0,0,100,0,None,1,0,,51,Tasman District,Nil,0,0,0,1,0,0,Open,0,0,0,Heavy rain,Null
1242270,4850409,1249,,610800,0,0,0,1,0,North,2015/2016,LIFFEY ST,VICTORIA AVENUE,,Minor Crash,No,2015,0,South,0,0,1,Flat,0,,0,,0,Dark,3115500,1,0,0,2,0,0,0,0,0,,0,0,Southland Region,Nil,2-way,Sealed,0,0,0,0,50,0,On,0,0,,75,Invercargill City,Nil,0,0,0,0,0,0,Urban,0,0,0,Fine,Null
1754703,5912634,1250,,518803,0,0,0,1,0,North,2004/2005,DOMINION ROAD,RICHARDSON ROAD,,Non-Injury Crash,No,2004,0,South,0,0,0,Flat,0,,0,,0,Twilight,583500,0,0,0,2,0,0,0,0,0,,0,1,Auckland Region,Nil,2-way,Sealed,0,0,0,0,50,0,Off,0,0,,76,Auckland,Nil,0,0,0,0,0,0,Urban,0,0,0,Fine,Null
1271748,5010631,1251,,609028,0,0,0,1,1,East,2002/2003,SH 6,MORVEN FERRY ROAD,,Minor Crash,Yes,2003,0,East,0,0,0,Flat,0,,0,,0,Dark,3039805,2,0,0,2,0,0,0,0,0,,0,0,Otago Region,Nil,2-way,Sealed,0,0,0,0,100,0,None,0,0,,70,Queenstown-Lakes District,Unknown,0,0,0,0,0,0,Open,0,0,0,Fine,Null
1755113,5434427,1252,,569800,0,,0,2,,West,2012/2013,SH 2,HOROKIWI ROAD,,Non-Injury Crash,Yes,2012,,South,,0,,Flat,,,,,,Bright sun,1922202,0,0,0,2,,,0,,,,,,Wellington Region,Nil,2-way,Sealed,,0,0,,100,,Null,0,0,,46,Lower Hutt City,Nil,,,,,0,0,Open,0,,,Fine,Null
1767132.51,5442669.164,1253,,568101,0,,0,1,,West,2018/2019,EASTERN HUTT ROAD,REYNOLDS BACH DRIVE,,Non-Injury Crash,No,2019,,South,,0,,Flat,,,,,,Dark,1930400,0,0,0,3,,,0,,,,,,Wellington Region,Nil,2-way,Sealed,,0,0,,70,,On,0,0,,46,Lower Hutt City,Unknown,,,,,0,0,Urban,0,,,Fine,Null
2037005,5710555,1254,,544200,0,0,0,1,0,North,2012/2013,OSWALD ST,PATITI ST,,Minor Crash,No,2012,0,North,0,0,0,Flat,0,,0,,0,Bright sun,1377502,1,0,0,2,0,0,0,0,1,,0,0,Gisborne Region,Nil,2-way,Sealed,0,0,0,0,50,0,Null,0,0,,28,Gisborne District,Nil,0,0,0,0,0,0,Urban,1,0,0,Fine,Null
1757180,5919858,1255,,514103,0,,0,2,,Null,2002/2003,QUEEN ST,MAYORAL DRIVE,,Non-Injury Crash,No,2002,,South,,0,,Hill Road,,,,,,Dark,436100,0,0,0,4,,,0,,,,,,Auckland Region,Nil,2-way,Sealed,,0,0,,50,,On,0,0,,76,Auckland,Traffic Signals,,,,,0,0,Urban,0,,,Fine,Null
1757315,5920216,1256,,514103,0,,0,1,,Null,2009/2010,WELLESLEY ST,QUEEN ST,,Serious Crash,No,2010,,East,,0,,Flat,,,,,,Bright sun,437101,0,0,0,3,,,0,,,,,,Auckland Region,Nil,2-way,Sealed,,0,1,,50,,Off,0,0,,76,Auckland,Traffic Signals,,,,,0,0,Urban,1,,,Fine,Null
1790674,5838005,1257,,527111,0,,0,1,,West,2017/2018,SH 1N,TAUPIRI CEMETERY DVWY,,Minor Crash,Yes,2017,,South,,0,,Flat,,,,,,Bright sun,941002,1,0,0,3,,,0,,,,,,Waikato Region,Nil,2-way,Sealed,,0,0,,100,,Null,0,0,,13,Waikato District,Unknown,,,,,1,0,Open,0,,,Fine,Null
1463911,5340570,1258,,584411,0,,0,0,,Null,2014/2015,SH 6,IRIMAHUWHERO LOOKOUT,,Non-Injury Crash,Yes,2015,,North,,0,,Hill Road,,,,,,Bright sun,2388300,0,0,0,2,,,0,,,,,,West Coast Region,Nil,2-way,Sealed,,0,0,,100,,Null,0,0,,55,Buller District,Unknown,,,,,1,0,Open,1,,,Fine,Null
1821730,5529901,1259,,562800,0,,0,3,,West,2008/2009,SH 3,NGATA ST,,Minor Crash,Yes,2008,,West,,0,,Flat,,,,,,Overcast,1830900,1,0,0,2,,,0,,,,,,Manawatu-Wanganui Region,Nil,2-way,Sealed,,0,0,,50,,Null,0,0,,40,Palmerston North City,Nil,,,,,0,0,Urban,1,,,Fine,Null
1285182,4885757,1260,,610240,0,0,0,1,0,South,2016/2017,ROBERTSON ST,PUKAKI ST,,Non-Injury Crash,No,2016,0,South,0,0,0,Flat,0,,0,,0,Overcast,3056300,0,0,0,2,0,0,0,0,1,,0,0,Southland Region,Nil,2-way,Sealed,0,0,0,0,50,0,Null,0,0,,74,Gore District,Unknown,0,0,0,0,0,0,Urban,0,0,0,Fine,Null
1795344,5532352,1261,,561422,0,0,0,1,0,West,2017/2018,OMANUKA ROAD,SH 1N,,Minor Crash,No,2018,0,West,0,0,1,Flat,0,,0,,0,Dark,1791600,1,0,0,2,0,0,0,0,0,,0,1,Manawatu-Wanganui Region,Nil,2-way,Unsealed,0,0,0,0,100,0,None,0,0,,39,Manawatu District,Unknown,0,0,0,0,0,0,Open,0,0,0,Fine,Frost
1767153,5912368,1262,,522920,0,,0,2,,Null,2003/2004,TI RAKAU DRIVE,MARRIOTT ROAD,,Non-Injury Crash,No,2004,,North,,0,,Flat,,,,,,Bright sun,686900,0,0,0,4,,,0,,,,,,Auckland Region,Nil,2-way,Sealed,,0,0,,50,,Null,0,0,,76,Auckland,Nil,,,,,0,0,Urban,0,,,Fine,Null
1457818,5084803,1263,,598202,0,,0,2,,North,2005/2006,Z DWY MOUNTAINVIEW,PAGES ROAD,,Non-Injury Crash,No,2006,,South,,0,,Flat,,,,,,Overcast,2778200,0,0,0,0,,,0,,,,,,Canterbury Region,Nil,Off road,Sealed,,0,0,,50,,Null,0,0,,64,Timaru District,Nil,,,,,0,0,Urban,0,,,Fine,Null
1803563,5814131,1264,,530700,0,,0,2,,Null,2004/2005,CAMBRIDGE ROAD,KNIGHTON ROAD,,Non-Injury Crash,No,2005,,East,,0,,Hill Road,,,,,,Overcast,887300,0,0,0,2,,,0,,,,,,Waikato Region,Nil,2-way,Sealed,,0,0,,50,,Null,0,0,,16,Hamilton City,Give way,,,,,0,0,Urban,0,,,Fine,Null
1878840,5823449,1265,20,538201,0,0,0,3,0,North,1999/2000,CAMERON ROAD,EIGHTH AVENUE,,Non-Injury Crash,No,2000,0,West,0,0,0,Flat,0,,0,,0,Overcast,1166300,0,0,0,4,0,0,0,0,1,,0,0,Bay of Plenty Region,Nil,2-way,Sealed,0,0,0,0,50,0,Off,0,0,,23,Tauranga City,Nil,0,0,0,0,0,0,Urban,0,0,0,Light rain,Null
1692901,5676048,1266,,551800,0,0,0,2,0,North,2010/2011,BROUGHAM ST,VIVIAN ST,,Non-Injury Crash,No,2011,0,South,0,0,0,Flat,0,,0,,0,Overcast,1592800,0,0,0,2,0,0,0,0,1,,0,0,Taranaki Region,Nil,2-way,Sealed,0,0,0,0,50,0,Null,0,0,,33,New Plymouth District,Nil,0,0,0,0,0,0,Urban,0,0,0,Fine,Null
1997980,5668867,1267,,545302,0,0,0,1,0,West,1999/2000,SH 2,KOHATU PAOPAO ROAD,,Non-Injury Crash,Yes,2000,0,West,1,0,0,Hill Road,0,,0,,0,Overcast,1398400,0,0,0,2,0,0,0,0,0,,0,0,Hawke's Bay Region,Nil,2-way,Sealed,0,0,0,0,100,0,Null,0,0,,29,Wairoa District,Unknown,0,0,0,0,0,0,Open,0,0,0,Light rain,Null
1568831,5183123,1268,,592100,0,0,0,1,0,South,2009/2010,PAPANUI ROAD,TOMES ROAD,,Non-Injury Crash,No,2009,0,South,0,0,0,Flat,0,,0,,1,Twilight,2672300,0,0,0,2,0,0,0,0,0,,1,0,Canterbury Region,Nil,2-way,Sealed,0,0,0,0,50,0,Off,0,0,,60,Christchurch City,Unknown,0,1,0,0,0,0,Urban,0,0,0,Fine,Null
1574077,5178357,1269,,594100,0,0,0,1,0,Null,2016/2017,FERRY ROAD,HARGOOD ST,,Non-Injury Crash,No,2017,0,West,0,0,0,Flat,0,,0,,0,Bright sun,2588000,0,0,0,4,0,0,0,0,0,,0,0,Canterbury Region,Nil,2-way,Sealed,0,0,0,0,50,0,Null,0,0,,60,Christchurch City,Traffic Signals,1,1,0,0,0,0,Urban,0,0,0,Fine,Null
1728602,5686799,1270,75,550700,0,0,0,1,1,North,2006/2007,SH 3,MANGAMAIO ROAD,,Non-Injury Crash,Yes,2006,0,North,0,0,0,Flat,0,,0,,0,Dark,1551500,0,0,0,2,0,0,0,0,0,,0,0,Taranaki Region,Nil,2-way,Sealed,0,0,0,0,100,0,None,0,0,,33,New Plymouth District,Nil,0,0,0,0,0,0,Open,0,0,0,Light rain,Null
1816259,5871320,1271,,533901,0,0,0,1,0,East,2004/2005,SH 2,CENTRAL ROAD,,Non-Injury Crash,Yes,2005,0,East,1,0,0,Flat,0,,0,,0,Bright sun,1063100,0,0,0,2,0,0,0,0,0,,0,0,Waikato Region,Nil,2-way,Sealed,0,0,0,0,100,0,Null,0,0,,12,Hauraki District,Unknown,0,0,0,0,0,0,Open,0,0,0,Fine,Null
1545104,5307894,1272,,584703,0,,0,2,,Null,2008/2009,SH 7,MARUIA SPRINGS HOTEL,,Non-Injury Crash,Yes,2008,,East,,0,,Flat,,,,,,Overcast,2398300,0,0,0,3,,,0,,,,,,West Coast Region,Nil,2-way,Sealed,,0,0,,100,,Null,0,0,,55,Buller District,Nil,,,,,0,0,Open,0,,,Fine,Null
1812790,5790729,1273,,527934,0,,0,0,,West,2016/2017,CHAMBERLAIN ROAD,PARKLANDS ROAD,,Non-Injury Crash,No,2017,,West,,0,,Flat,,,,,,Dark,987300,0,0,0,2,,,1,,,,,,Waikato Region,Nil,2-way,Sealed,,0,0,,100,,None,0,0,,17,Waipa District,Nil,,,,,0,0,Open,1,,,Fine,Null
1936330,5611122,1274,,545730,0,,0,2,,East,2014/2015,SH 2,WILLIAMSON ROAD,,Minor Crash,Yes,2015,,East,,0,,Flat,,,,,,Bright sun,1405500,2,0,0,2,,,0,,,,,,Hawke's Bay Region,Nil,2-way,Sealed,,0,0,,80,,Null,0,0,,30,Hastings District,Nil,,,,,0,0,Open,0,,,Fine,Null
1755309.948,5913322.636,1275,,518803,0,,0,1,,Null,2018/2019,SOUTH-WESTERN MOTORWAY,DOMINION ROAD OFF RAMP,,Non-Injury Crash,Yes,2018,,Null,,0,,Flat,,,,,,Bright sun,582700,0,0,0,3,,,0,,,,,,Auckland Region,Motorway ramp,1-way,Sealed,,0,0,,100,,Null,0,0,,76,Auckland,Nil,,,,,0,1,Open,0,,,Fine,Null
1757415,5434545,1276,,570100,0,,0,2,,East,2007/2008,JACKSON ST,RICHMOND ST,,Minor Crash,No,2007,,East,,0,,Flat,,,,,,Overcast,2031400,1,0,0,2,,,0,,,,,,Wellington Region,Nil,2-way,Sealed,,0,0,,50,,Null,0,0,,46,Lower Hutt City,Nil,,,,,0,0,Urban,0,,,Light rain,Null
1747899,5427008,1277,,573200,0,0,0,2,0,West,2017/2018,ESSEX ST,DEVON ST,,Non-Injury Crash,No,2018,0,East,0,0,0,Hill Road,0,,1,,0,Overcast,2157300,0,0,0,2,0,0,0,0,1,,0,0,Wellington Region,Nil,2-way,Sealed,0,0,0,0,50,0,Null,0,0,,47,Wellington City,Give way,0,0,0,0,0,0,Urban,0,0,0,Fine,Null
1731625,5938766,1278,,506648,0,0,0,1,0,North,2007/2008,INLAND ROAD,JOANNA LEE LANE,,Minor Crash,No,2007,0,North,1,0,0,Hill Road,0,,0,,0,Bright sun,212001,3,0,0,1,0,0,0,0,0,,0,0,Auckland Region,Nil,2-way,Unsealed,0,0,0,0,100,0,None,0,0,,76,Auckland,Nil,0,0,0,0,0,0,Open,0,0,0,Fine,Null
1793303,5499607,1279,,564232,0,,0,1,,Null,2006/2007,LIVERPOOL ST,HINEMOA ST,,Non-Injury Crash,No,2007,,East,,0,,Flat,,,,,,Dark,1872703,0,0,0,2,,,0,,,,,,Manawatu-Wanganui Region,Nil,2-way,Sealed,,0,0,,50,,On,0,0,,42,Horowhenua District,Nil,,,,,0,0,Urban,1,,,Fine,Null
1789899.082,5827980.346,1280,,528200,0,0,0,1,0,North,2019/2020,WHATAWHATA AVENUE,HAVELOCK ROAD,,Non-Injury Crash,No,2019,0,North,0,0,0,Flat,0,,0,,0,Bright sun,856700,0,0,0,2,0,0,0,0,0,,0,0,Waikato Region,Nil,1-way,Sealed,0,0,0,0,50,0,Off,0,0,,13,Waikato District,Nil,1,0,0,1,0,0,Urban,0,0,0,Fine,Null
1563897,5180612,1281,,587812,0,,0,2,,South,2017/2018,RACECOURSE ROAD,YALDHURST ROAD,,Non-Injury Crash,No,2017,,South,,0,,Flat,,,,,,Bright sun,2495401,0,0,0,2,,,0,,,,,,Canterbury Region,Nil,2-way,Sealed,,0,0,,50,,Null,0,0,,60,Christchurch City,Unknown,,,,,0,0,Urban,0,,,Fine,Null
1760013,5916037,1282,,516002,0,,0,2,,South,2015/2016,SH 1N,GREENLANE OFF SBD,,Non-Injury Crash,Yes,2016,,South,,0,,Flat,,,,,,Bright sun,492100,0,0,0,4,,,0,,,,,,Auckland Region,Nil,1-way,Sealed,,0,0,,100,,Null,0,0,,76,Auckland,Unknown,,,,,0,0,Open,0,,,Fine,Null
1749357,5427203,1283,,573101,0,,0,0,,East,2013/2014,WAKEFIELD ST,BLAIR ST,,Non-Injury Crash,No,2013,,West,,0,,Flat,,,,,,Twilight,2135500,0,0,2,4,,,0,,,,,,Wellington Region,Nil,2-way,Sealed,,0,0,,50,,None,0,0,,47,Wellington City,Traffic Signals,,,,,0,0,Urban,0,,,Fine,Null
1763410,5910610,1284,,521901,0,0,0,2,0,West,2010/2011,PORTAGE ROAD,SALEYARDS ROAD,,Non-Injury Crash,No,2010,0,West,0,0,0,Flat,0,,0,,0,Bright sun,781800,0,0,0,2,0,0,0,0,1,,0,0,Auckland Region,Nil,2-way,Sealed,0,0,0,0,50,0,Off,0,0,,76,Auckland,Nil,0,0,0,0,0,0,Urban,0,0,0,Fine,Null
1823534,5829434,1285,,534902,0,,0,2,,East,2007/2008,THAMES ST,VICTORIA AVENUE,,Non-Injury Crash,No,2008,,West,,0,,Flat,,,,,,Dark,1090400,0,0,0,2,,,0,,,,,,Waikato Region,Nil,2-way,Sealed,,0,0,,50,,On,0,0,,15,Matamata-Piako District,Unknown,,,,,0,0,Urban,0,,,Fine,Null
1751907,5436631,1286,,573514,0,0,1,0,0,North,2005/2006,MIDDLETON ROAD,HALSWATER DRIVE,,Non-Injury Crash,No,2006,0,East,0,0,0,Flat,0,,1,,0,Dark,2086204,0,0,0,2,0,1,0,0,0,,0,0,Wellington Region,Nil,2-way,Sealed,0,0,0,0,50,0,On,0,0,,47,Wellington City,Nil,0,0,0,0,0,0,Urban,0,0,0,Heavy rain,Null
1823088.411,5828660.062,1287,,534901,0,0,0,0,0,Null,2018/2019,CURETON STREET,SEVILLE CRESCENT,,Non-Injury Crash,No,2019,0,East,0,0,1,Flat,0,,1,,0,Overcast,1088900,0,0,0,2,0,0,0,0,0,,0,0,Waikato Region,Nil,2-way,Sealed,0,0,0,0,50,0,On,0,0,,15,Matamata-Piako District,Unknown,0,0,0,0,0,0,Urban,1,0,0,Fine,Null
1817337.28,5543505.371,1288,,560720,0,,0,1,,South,2018/2019,AWAHURI ROAD,ANTREE COURT,,Serious Crash,No,2019,,North,,0,,Flat,,,,,,Overcast,1767200,0,0,0,2,,,0,,,,,,Manawatu-Wanganui Region,Nil,2-way,Sealed,,0,1,,50,,Off,0,0,,39,Manawatu District,Unknown,,,,,1,0,Urban,0,,,Fine,Null
1933522,5614520,1289,65,545631,0,0,0,1,0,North,2017/2018,SANDY ROAD,BROOKFIELDS ROAD,,Minor Crash,No,2018,0,North,1,0,0,Flat,0,,0,,0,Dark,1403800,1,0,0,2,0,0,0,0,0,,0,0,Hawke's Bay Region,Nil,2-way,Sealed,0,0,0,0,100,0,None,0,0,,31,Napier City,Unknown,0,0,0,0,0,0,Open,0,0,0,Light rain,Null
1931788,5618875,1290,,547002,0,,0,0,,North,2002/2003,WESTMINSTER AVENUE,WHARERANGI ROAD,,Non-Injury Crash,No,2002,,North,,0,,Flat,,,,,,Overcast,1452800,0,0,0,2,,,0,,,,,,Hawke's Bay Region,Nil,2-way,Sealed,,0,0,,50,,Null,0,0,,31,Napier City,Nil,,,,,2,0,Urban,0,,,Fine,Null
1774419,5579040,1291,,556800,0,,0,2,,Null,2001/2002,LONDON ST,HARRISON ST,,Non-Injury Crash,No,2002,,North,,0,,Flat,,,,,,Bright sun,1702900,0,0,0,2,,,0,,,,,,Manawatu-Wanganui Region,Nil,2-way,Sealed,,0,0,,50,,Null,0,0,,37,Whanganui District,Give way,,,,,0,0,Urban,0,,,Fine,Null
1820013.238,5534692.032,1292,,561811,0,0,0,2,1,Null,2018/2019,KAIRANGA BUNNYTHORPE ROAD,MILSON LINE,,Minor Crash,Yes,2018,0,North,0,0,0,Flat,0,,0,,0,Bright sun,1794301,2,0,0,2,0,0,0,0,0,,0,1,Manawatu-Wanganui Region,Nil,2-way,Sealed,0,0,0,0,100,0,Null,1,0,,40,Palmerston North City,Stop,0,0,0,0,0,0,Open,0,0,0,Fine,Null
1882057,5773271,1293,,539500,0,0,0,1,0,North,2005/2006,PANDORA AVENUE,PHOEBE PLACE,,Non-Injury Crash,No,2006,0,North,0,0,0,Hill Road,0,,0,,0,Dark,1229901,0,0,0,2,0,0,0,0,0,,1,0,Bay of Plenty Region,Nil,2-way,Sealed,0,0,0,0,50,0,On,0,0,,24,Rotorua District,Unknown,0,0,0,0,0,0,Urban,0,0,0,Fine,Null
1856444.366,5863340.903,1294,45,534200,0,0,0,1,0,North,2020/2021,WAIHI WHANGAMATA ROAD,GOLDEN VALLEY ROAD,,Non-Injury Crash,Yes,2020,0,South,0,0,0,Hill Road,0,,0,,0,Bright sun,1082800,0,0,0,2,0,0,0,0,0,,0,0,Waikato Region,Nil,2-way,Sealed,0,0,0,0,100,0,Off,0,0,,12,Hauraki District,Nil,0,0,0,1,0,0,Open,0,0,0,Fine,Strong wind
1572671,5199961,1295,,586129,0,,0,1,,Null,2018/2019,SH 1S,WILLIAMS ST,,Minor Crash,Yes,2018,,South,,0,,Flat,,,,,,Bright sun,2447900,1,0,0,2,,,0,,,,,,Canterbury Region,Nil,2-way,Sealed,,0,0,,100,,Null,0,0,70,59,Waimakariri District,Stop,,,,,0,0,Open,1,,,Fine,Strong wind
1837292,5862926,1296,65,534200,0,,0,2,,South,2009/2010,SH 26,HUBBARD ROAD,,Non-Injury Crash,Yes,2010,,South,,0,,Flat,,,,,,Bright sun,1075000,0,0,0,2,,,0,,,,,,Waikato Region,Nil,2-way,Sealed,,0,0,,100,,Off,0,0,,12,Hauraki District,Nil,,,,,0,0,Open,0,,,Fine,Null
1290846,5009281,1297,,608302,0,0,0,1,1,East,2000/2001,SH 6,ROARING MEG,,Non-Injury Crash,Yes,2001,0,West,0,0,0,Flat,0,,0,,0,Overcast,3031200,0,0,0,2,0,0,0,0,0,,0,0,Otago Region,Nil,2-way,Sealed,0,0,0,0,100,0,Null,0,0,,69,Central Otago District,Unknown,0,0,0,0,0,0,Open,0,0,0,Fine,Frost
1566905.375,5177327.61,1298,,595300,0,,0,1,,Null,2018/2019,HALSWELL ROAD,TANKERVILLE ROAD,,Non-Injury Crash,Yes,2019,,North,,0,,Flat,,,,,,Overcast,2629302,0,0,0,2,,,0,,,,,,Canterbury Region,Nil,2-way,Sealed,,0,0,,50,,Off,1,0,,60,Christchurch City,Give way,,,,,0,0,Urban,0,,,Fine,Null
1804603,5790300,1299,,531004,0,0,0,1,0,South,2018/2019,HAZELMERE CRESCENT,PARK ROAD,,Non-Injury Crash,No,2018,0,North,0,0,0,Flat,0,,0,,0,Overcast,974100,0,0,0,2,0,0,0,0,0,,0,1,Waikato Region,Nil,2-way,Sealed,0,0,0,0,50,0,Null,0,0,,17,Waipa District,Unknown,0,0,0,0,0,0,Urban,0,0,0,Heavy rain,Null
1459417,5082632,1300,,599400,0,,0,2,,East,2005/2006,CHURCH ST,AVENUE ROAD,,Non-Injury Crash,No,2005,,West,,0,,Flat,,,,,,Overcast,2790400,0,0,0,2,,,0,,,,,,Canterbury Region,Nil,2-way,Sealed,,0,0,,50,,Null,0,0,,64,Timaru District,Unknown,,,,,0,0,Urban,0,,,Fine,Null
1504330,5390442,1301,,584404,0,0,0,1,0,Null,2001/2002,SH 67,DOMAIN ROAD,,Minor Crash,Yes,2002,0,South,0,0,0,Flat,0,,0,,0,Dark,2385600,1,0,0,2,0,0,0,0,0,,0,0,West Coast Region,Rail xing,2-way,Sealed,0,0,0,0,50,0,On,0,0,,55,Buller District,Stop,0,1,0,0,0,0,Urban,0,0,0,Fine,Null
1884867,5772323,1302,,540510,0,,0,2,,Null,2018/2019,LYTTON ST,SUMNER ST,,Non-Injury Crash,No,2018,,North,,0,,Flat,,,,,,Bright sun,1242600,0,0,0,2,,,0,,,,,,Bay of Plenty Region,Nil,2-way,Sealed,,0,0,,50,,Null,0,0,,24,Rotorua District,Stop,,,,,0,0,Urban,0,,,Fine,Null
1574856,5184406,1303,,592820,0,0,0,2,0,South,2015/2016,PARNWELL ST,SH 74,,Non-Injury Crash,No,2015,0,North,0,0,0,Flat,0,,0,,0,Dark,2604200,0,0,0,2,0,0,0,0,1,,0,0,Canterbury Region,Nil,2-way,Sealed,0,0,0,0,50,0,On,0,0,,60,Christchurch City,Unknown,0,0,0,0,0,0,Urban,0,0,0,Fine,Null
1775025,5887231,1304,,521132,0,0,0,1,0,South,2012/2013,SH 1N,ARARIMU OBR,,Non-Injury Crash,Yes,2012,0,South,0,0,0,Flat,0,,0,,0,Dark,814200,0,0,0,2,0,0,0,0,0,,0,1,Auckland Region,Nil,1-way,Sealed,0,0,0,0,100,0,On,0,0,,76,Auckland,Nil,0,0,0,0,0,0,Open,0,0,0,Heavy rain,Null
1761506,5915958,1305,,516003,0,,0,1,,East,2002/2003,ABBOTTS WAY,LADIES MILE,,Non-Injury Crash,No,2002,,West,,0,,Hill Road,,,,,,Overcast,494803,0,0,0,3,,,0,,,,,,Auckland Region,Nil,2-way,Sealed,,0,0,,50,,Off,0,0,,76,Auckland,Nil,,,,,0,0,Urban,1,,,Fine,Null
1758227,5913409,1306,,519710,0,,0,2,,Null,2014/2015,MANUKAU ROAD,CAMPBELL ROAD,,Non-Injury Crash,No,2014,,North,,0,,Flat,,,,,,Bright sun,596300,0,0,0,2,,,0,,,,,,Auckland Region,Nil,2-way,Sealed,,0,0,,50,,Null,0,0,,76,Auckland,Give way,,,,,0,0,Urban,0,,,Fine,Null
1404004,4917377,1307,,604120,0,0,0,2,0,South,2005/2006,KAIKORAI VALLEY ROAD,BROCKVILLE ROAD,,Minor Crash,No,2005,0,North,0,0,0,Flat,0,,0,,0,Bright sun,2922601,1,0,0,2,0,0,0,0,2,,0,0,Otago Region,Nil,2-way,Sealed,0,0,0,0,50,0,Null,0,0,,71,Dunedin City,Unknown,0,0,0,0,1,0,Urban,0,0,0,Fine,Null
1755514,5924738,1308,,509800,0,,0,2,,North,2013/2014,LAKE ROAD,ONEWA ROAD,,Non-Injury Crash,No,2013,,South,,0,,Hill Road,,,,,,Bright sun,360200,0,0,0,3,,,0,,,,,,Auckland Region,Nil,2-way,Sealed,,0,0,,50,,Off,0,0,,76,Auckland,Nil,,,,,0,0,Urban,0,,,Fine,Null
1412919,4943912,1309,,601603,0,0,0,1,1,West,2003/2004,SH 1S,APES ROAD,,Non-Injury Crash,Yes,2003,0,West,0,0,0,Flat,0,,0,,0,Overcast,2857300,0,0,0,2,0,0,0,0,0,,0,0,Otago Region,Nil,2-way,Sealed,0,0,0,0,100,0,Null,0,0,,71,Dunedin City,Unknown,0,0,0,0,0,0,Open,0,0,0,Fine,Null
1600693,5451065,1310,,581850,0,,0,0,,East,2010/2011,Z MOTUEKA STOP BANK ROAD,SH 60/LODDER LANE,,Non-Injury Crash,No,2011,,West,,0,,Flat,,,,,,Overcast,2369400,0,0,0,0,,,0,,,,,,Tasman Region,Nil,Off road,Unsealed,,0,0,,50,,Null,1,0,,51,Tasman District,Nil,,,,,0,0,Urban,0,,,Fine,Null
1752589,5933605,1311,30,508701,0,,0,1,,Null,2005/2006,DON MCKINNON DRIVE,MERCARI WAY,,Non-Injury Crash,No,2005,,East,,0,,Flat,,,,,,Bright sun,178900,0,0,0,4,,,0,,,,,,Auckland Region,Nil,2-way,Sealed,,0,0,,50,,Off,0,0,,76,Auckland,Give way,,,,,0,0,Urban,1,,,Fine,Null
1882500,5773883,1312,,539600,0,0,0,1,0,East,2005/2006,SUNSET ROAD,FORD ROAD,,Non-Injury Crash,No,2005,0,West,0,0,0,Hill Road,0,,0,,0,Bright sun,1227700,0,0,0,2,0,0,0,0,0,,0,1,Bay of Plenty Region,Nil,2-way,Sealed,0,0,0,0,50,0,Null,0,0,,24,Rotorua District,Unknown,0,0,0,0,0,0,Urban,0,0,0,Fine,Null