X,Y,OBJECTID,advisorySpeed,areaUnitID,bicycle,bridge,bus,carStationWagon,cliffBank,crashDirectionDescription,crashFinancialYear,crashLocation1,crashLocation2,crashRoadSideRoad,crashSeverity,crashSHDescription,crashYear,debris,directionRoleDescription,ditch,fatalCount,fence,flatHill,guardRail,holiday,houseOrBuilding,intersection,kerb,light,meshblockId,minorInjuryCount,moped,motorcycle,NumberOfLanes,objectThrownOrDropped,otherObject,otherVehicleType,overBank,parkedVehicle,pedestrian,phoneBoxEtc,postOrPole,region,roadCharacter,roadLane,roadSurface,roadworks,schoolBus,seriousInjuryCount,slipOrFlood,speedLimit,strayAnimal,streetLight,suv,taxi,temporarySpeedLimit,tlaId,tlaName,trafficControl,trafficIsland,trafficSign,train,tree,truck,unknownVehicleType,urban,vanOrUtility,vehicle,waterRiver,weatherA,weatherB
1761448,5912318,1313,,519500,0,0,0,0,0,South,2013/2014,NEILSON ST,CHURCH ST,,Non-Injury Crash,No,2014,0,North,0,0,0,Flat,0,,0,,0,Bright sun,622300,0,0,0,2,0,0,0,0,1,,0,0,Auckland Region,Nil,2-way,Sealed,0,0,0,0,50,0,Null,0,0,,76,Auckland,Unknown,0,0,0,0,1,0,Urban,1,0,0,Fine,Null
1710427,5683015,1314,,550700,0,,0,2,,East,2017/2018,SH 3,OTARAOA ROAD,,Serious Crash,Yes,2018,,East,,0,,Flat,,,,,,Bright sun,1550600,2,0,0,3,,,0,,,,,,Taranaki Region,Nil,2-way,Sealed,,0,2,,100,,Null,0,0,,33,New Plymouth District,Unknown,,,,,0,0,Open,1,,,Fine,Null
1755972,5918580,1315,,515500,0,,0,2,,West,2001/2002,SH 16,NEWTON OFF EBD,,Non-Injury Crash,Yes,2002,,East,,0,,Flat,,,,,,Bright sun,418600,0,0,0,4,,,0,,,,,,Auckland Region,Nil,2-way,Sealed,,0,0,,100,,Off,0,0,,76,Auckland,Nil,,,,,0,0,Open,0,,,Fine,Null
1831740,5826842,1316,30,534604,0,0,0,1,1,West,2000/2001,KEREONE ROAD,CUSSEN ROAD,,Non-Injury Crash,No,2001,0,East,0,0,0,Flat,0,,0,,0,Dark,1098604,0,0,0,2,0,0,0,0,0,,0,0,Waikato Region,Nil,2-way,Unsealed,0,0,0,0,100,0,None,0,0,,15,Matamata-Piako District,Nil,0,0,0,0,0,0,Open,0,0,0,Fine,Frost
1871210,5823442,1317,80,536503,0,0,0,1,0,East,2001/2002,SH 2,TE PUNA ROAD,,Non-Injury Crash,Yes,2002,0,East,0,0,0,Hill Road,0,,0,,0,Overcast,1188103,0,0,0,2,0,0,0,0,0,,0,0,Bay of Plenty Region,Nil,2-way,Sealed,0,0,0,0,100,0,Off,0,0,,22,Western Bay of Plenty District,Nil,0,0,0,0,0,0,Open,1,1,0,Light rain,Null
1684862.164,6090756.699,1318,,501633,0,0,0,1,0,South,2019/2020,OLD BAY ROAD,TE AHU AHU ROAD,,Minor Crash,No,2020,0,North,1,0,0,Hill Road,0,,0,,0,Bright sun,34500,1,0,0,2,0,0,0,0,0,,0,0,Northland Region,Nil,2-way,Sealed,0,0,0,0,100,0,None,0,0,,1,Far North District,Nil,0,0,0,0,0,0,Open,0,0,0,Fine,Null
1453355,5299228,1319,,585110,0,,0,1,,Null,2010/2011,BRIGHT ST,SH 6,,Non-Injury Crash,Yes,2010,,West,,0,,Flat,,,,,,Overcast,2403100,0,0,0,3,,,0,,,,,,West Coast Region,Nil,2-way,Sealed,,0,0,,50,,Null,0,0,,56,Grey District,Give way,,,,,1,0,Urban,0,,,Light rain,Null
1748774,5913253,1320,,511401,0,,0,2,,South,2017/2018,TITIRANGI ROAD,NORTHALL ROAD,,Serious Crash,No,2017,,South,,0,,Hill Road,,,,,,Overcast,262600,1,0,0,2,,,0,,,,,,Auckland Region,Nil,2-way,Sealed,,0,1,,50,,Null,0,0,,76,Auckland,Stop,,,,,0,0,Urban,0,,,Fine,Null
1753834,5930197,1321,,508420,0,0,0,1,0,Null,2000/2001,TARGET ROAD,SUNSET ROAD,,Non-Injury Crash,No,2001,0,East,0,0,0,Flat,0,,0,,1,Dark,182710,0,0,0,2,0,0,0,0,0,,0,0,Auckland Region,Nil,2-way,Sealed,0,0,0,0,50,0,On,0,0,,76,Auckland,Give way,0,0,0,0,0,0,Urban,0,0,0,Fine,Null
1441246,5006179,1322,,601010,0,,0,1,,North,2012/2013,SH 1S,FROME ST,,Non-Injury Crash,Yes,2013,,North,,0,,Flat,,,,,,Overcast,2846700,0,0,0,2,,,0,,,,,,Otago Region,Nil,2-way,Sealed,,0,0,,50,,Null,0,0,,68,Waitaki District,Unknown,,,,,1,0,Urban,0,,,Light rain,Null
1813306,5804505,1323,,527133,0,,0,1,,South,2001/2002,SH 1N,FORREST ROAD,,Non-Injury Crash,Yes,2001,,South,,0,,Flat,,,,,,Bright sun,959904,0,0,0,2,,,0,,,,,,Waikato Region,Nil,2-way,Sealed,,0,0,,100,,None,0,0,,17,Waipa District,Nil,,,,,0,0,Open,1,,,Fine,Null
1316990,4982365,1324,,608500,1,,0,1,,Null,2005/2006,SH 85,TARBERT ST,,Minor Crash,Yes,2005,,West,,0,,Flat,,,,,,Bright sun,3023900,1,0,0,2,,,0,,,,,,Otago Region,Nil,2-way,Sealed,,0,0,,50,,Null,0,0,,69,Central Otago District,Give way,,,,,0,0,Urban,0,,,Fine,Null
1738387,5693592,1325,35,550700,0,,0,2,,South,2002/2003,SH 3,MT MESSENGER SUM,,Non-Injury Crash,Yes,2002,,South,,0,,Hill Road,,,,,,Overcast,1552000,0,0,0,2,,,0,,,,,,Taranaki Region,Nil,2-way,Sealed,,0,0,,100,,Null,0,0,,33,New Plymouth District,Unknown,,,,,0,0,Open,0,,,Light rain,Strong wind
1769179,5879463,1326,,525922,0,0,0,1,0,Null,2000/2001,KITCHENER ROAD,JOHN ST,,Serious Crash,No,2001,0,East,1,0,0,Hill Road,0,,0,,0,Overcast,823500,1,0,0,2,0,0,0,0,0,,0,0,Auckland Region,Nil,2-way,Sealed,0,0,1,0,70,0,None,0,0,,76,Auckland,Nil,0,0,0,0,0,0,Urban,1,0,0,Fine,Null
1754339.104,5927959.113,1327,,508310,0,,0,2,,Null,2018/2019,CHARTWELL AVENUE,BENTLEY AVENUE,,Non-Injury Crash,No,2019,,North,,0,,Flat,,,,,,Overcast,200600,0,0,0,4,,,0,,,,,,Auckland Region,Nil,2-way,Sealed,,0,0,,50,,Off,0,0,,76,Auckland,Give way,,,,,0,0,Urban,0,,,Fine,Null
1846623,5736697,1328,,541320,0,0,0,1,0,North,2017/2018,KAAHU ROAD,POIHIPI ROAD,,Non-Injury Crash,No,2017,0,North,1,0,0,Hill Road,0,,0,,0,Dark,1293100,0,0,0,1,0,0,0,0,0,,0,0,Waikato Region,Nil,2-way,Sealed,0,0,0,0,100,0,None,0,0,,21,Taupo District,Unknown,0,0,0,0,0,0,Open,0,0,0,Light rain,Null
1876786,5819629,1329,,537601,0,,0,1,,South,2006/2007,FRASER ST,WAIMAPU ST,,Minor Crash,No,2006,,North,,0,,Flat,,,,,,Bright sun,1176000,1,0,0,2,,,0,,,1,,,Bay of Plenty Region,Nil,2-way,Sealed,,0,0,,50,,Null,0,0,,23,Tauranga City,Unknown,,,,,0,0,Urban,0,,,Fine,Null
1757834,5918169,1330,,515700,0,,0,1,,South,2009/2010,SH 1N,KHYBER PASS ON SBD,,Non-Injury Crash,Yes,2010,,South,,0,,Flat,,,,,,Bright sun,443200,0,0,0,3,,,0,,,,,,Auckland Region,Nil,1-way,Sealed,,0,0,,80,,Null,0,0,,76,Auckland,Unknown,,,,,1,0,Open,0,,,Fine,Null
1820010,5526882,1331,,562922,0,,0,1,,Null,2005/2006,SLACKS ROAD,TRUSCOTT GROVE,,Non-Injury Crash,No,2005,,East,,0,,Flat,,Labour Weekend,,,,Dark,1805200,0,0,0,2,,,0,,,,,,Manawatu-Wanganui Region,Nil,2-way,Sealed,,0,0,,50,,On,0,0,,40,Palmerston North City,Nil,,,,,0,0,Urban,0,,,Fine,Null
1764013,5904340,1332,,522100,0,,0,2,,East,2015/2016,SH 20,PUHINUI OFF SBD,,Non-Injury Crash,Yes,2016,,South,,0,,Flat,,,,,,Bright sun,781001,0,0,0,3,,,0,,,,,,Auckland Region,Motorway ramp,1-way,Sealed,,0,0,,100,,Null,0,0,,76,Auckland,Unknown,,,,,0,0,Open,0,,,Fine,Null
1566792,5187773,1333,,588402,0,,0,1,,Null,2010/2011,GARDINERS ROAD,HUSSEY ROAD,,Non-Injury Crash,No,2011,,West,,0,,Flat,,,,,,Bright sun,2528502,0,0,0,2,,,0,,,,,,Canterbury Region,Nil,2-way,Sealed,,0,0,,50,,Null,0,0,,60,Christchurch City,Give way,,,,,1,0,Urban,0,,,Fine,Null
1773679,5445494,1334,,567100,0,,0,1,,Null,2009/2010,PINE AVENUE,QUEEN ST,,Non-Injury Crash,No,2010,,South,,0,,Flat,,,,,,Bright sun,1905500,0,0,0,2,,,0,,,,,,Wellington Region,Nil,2-way,Sealed,,0,0,,50,,Null,0,0,,45,Upper Hutt City,Give way,,,,,0,0,Urban,1,,,Fine,Null
1763438,5910622,1335,,521901,0,,0,2,,Null,2003/2004,PORTAGE ROAD,SALEYARDS ROAD,,Non-Injury Crash,No,2004,,West,,0,,Flat,,,,,,Overcast,781900,0,0,0,4,,,0,,,,,,Auckland Region,Nil,2-way,Sealed,,0,0,,50,,Null,0,0,,76,Auckland,Stop,,,,,0,0,Urban,0,,,Fine,Null
1817054,5803341,1336,,527503,0,,0,2,,Null,2002/2003,SH 1N,LAKE ST,,Non-Injury Crash,Yes,2002,,East,,0,,Flat,,,,,,Overcast,962602,0,0,0,2,,,0,,,,,,Waikato Region,Nil,2-way,Sealed,,0,0,,50,,Off,0,0,,17,Waipa District,Stop,,,,,0,0,Urban,0,,,Fine,Null
1768375,5900613,1337,,525101,0,,0,2,,West,2017/2018,WEYMOUTH ROAD,RUSSELL ROAD,,Non-Injury Crash,No,2017,,West,,0,,Flat,,,,,,Bright sun,771100,0,0,0,2,,,0,,,,,,Auckland Region,Nil,2-way,Sealed,,0,0,,50,,Null,0,0,,76,Auckland,Unknown,,,,,0,0,Urban,0,,,Fine,Null
1571367,5180405,1338,,591700,0,,0,2,,Null,2000/2001,BARBADOES ST,ARMAGH ST,,Non-Injury Crash,No,2001,,South,,0,,Flat,,,,,,Bright sun,2656800,0,0,0,4,,,0,,,,,,Canterbury Region,Nil,1-way,Sealed,,0,0,,50,,Null,0,0,,60,Christchurch City,Traffic Signals,,,,,0,0,Urban,0,,,Fine,Null
1942003,5790363,1339,,542530,0,,0,0,,West,2011/2012,MCLEAN ROAD,POWDRELL ROAD,,Minor Crash,No,2011,,East,,0,,Flat,,,,,,Overcast,1300600,1,0,1,2,,,0,,,,,,Bay of Plenty Region,Bridge,2-way,Sealed,,0,0,,100,,Null,0,0,,25,Whakatane District,Unknown,,,,,0,0,Open,0,,,Fine,Null
1801972,5815974,1340,,530100,0,,0,2,,West,2017/2018,TE AROHA ST,ARGYLE ST,,Minor Crash,No,2017,,East,,0,,Flat,,,,,,Bright sun,895600,1,0,0,2,,,0,,,,,,Waikato Region,Nil,2-way,Sealed,,0,0,,50,,Null,1,0,,16,Hamilton City,Give way,,,,,0,0,Urban,0,,,Fine,Null
1811656.356,5454332.741,1341,,579700,0,,0,0,,North,2020/2021,HIGH STREET SOUTH,MORETON ROAD,,Non-Injury Crash,Yes,2020,,North,,0,,Flat,,,,,,Overcast,2260800,0,0,0,2,,,0,,,,,,Wellington Region,Nil,2-way,Sealed,,0,0,,50,,Off,1,0,,49,Carterton District,Unknown,,,,,0,0,Urban,0,,,Fine,Null
1760143.824,5915905.608,1342,,516003,0,,0,1,,Null,2018/2019,GREEN LANE EAST OFF RAMP,GREEN LANE EAST,,Non-Injury Crash,No,2019,,North,,0,,Null,,,,,,Bright sun,494902,0,0,0,2,,,0,,,,,,Auckland Region,Motorway ramp,1-way,Sealed,,0,0,,50,,Off,1,0,,76,Auckland,Give way,,,,,0,0,Urban,0,,,Fine,Null
1410788,4934668,1343,,601605,0,0,0,1,0,North,2000/2001,SH 1S,COAST ROAD,,Serious Crash,Yes,2000,0,South,0,0,0,Hill Road,1,,0,,0,Overcast,2858000,0,0,0,3,0,0,0,0,0,,0,0,Otago Region,Nil,2-way,Sealed,0,0,2,0,100,0,Null,0,0,,71,Dunedin City,Unknown,0,0,0,0,0,0,Open,0,0,0,Fine,Null
1754816,5933532,1344,,508804,0,,0,1,,Null,2002/2003,BROWNS BAY ROAD,EAST COAST ROAD,,Non-Injury Crash,No,2002,,West,,0,,Hill Road,,,,,,Overcast,156502,0,0,0,2,,,0,,,,,,Auckland Region,Nil,2-way,Sealed,,0,0,,50,,Off,0,0,,76,Auckland,Traffic Signals,,,,,0,0,Urban,1,,,Light rain,Null
1822856,5530080,1345,,562402,0,,0,2,,North,2005/2006,ALBERT ST,SH 3,,Non-Injury Crash,No,2006,,South,,0,,Flat,,,,,,Dark,1835100,0,0,0,4,,,0,,,,,,Manawatu-Wanganui Region,Nil,2-way,Sealed,,0,0,,50,,On,1,0,,40,Palmerston North City,Nil,,,,,0,0,Urban,0,,,Fine,Null
1747965,5912510,1346,,511902,0,,0,2,,Null,2000/2001,TITIRANGI ROAD,PLEASANT ROAD,,Non-Injury Crash,No,2000,,North,,0,,Flat,,,,,,Dark,292103,0,0,0,2,,,0,,,,,,Auckland Region,Nil,2-way,Sealed,,0,0,,50,,On,0,0,,76,Auckland,Traffic Signals,,,,,0,0,Urban,0,,,Heavy rain,Null
1821892.803,5849667.76,1347,,534603,0,0,0,1,0,West,2019/2020,PIONEER ROAD,SH 27,,Non-Injury Crash,No,2019,0,North,1,0,0,Flat,1,,0,,0,Dark,1093600,0,0,0,4,0,1,0,0,0,,0,0,Waikato Region,Nil,1-way,Sealed,0,0,0,0,80,0,None,0,0,,15,Matamata-Piako District,Unknown,0,0,0,0,0,0,Open,0,0,0,Fine,Null
1803932,5541939,1348,,561422,0,0,0,0,0,South,2000/2001,SH 1N,SPEEDY ROAD,,Minor Crash,Yes,2001,0,South,1,0,0,Flat,0,,0,,0,Dark,1788000,2,0,0,2,0,0,0,0,0,,0,1,Manawatu-Wanganui Region,Nil,2-way,Sealed,0,0,0,0,100,0,None,0,0,,39,Manawatu District,Nil,0,0,0,0,0,0,Open,1,0,0,Fine,Null
1719301,6048120,1349,,502700,0,0,0,2,0,North,2012/2013,KEYTE ST,KAUMATUA CRESCENT,,Non-Injury Crash,No,2012,0,South,0,0,0,Flat,0,,0,,0,Bright sun,90600,0,0,0,2,0,0,0,0,1,,0,0,Northland Region,Nil,2-way,Sealed,0,0,0,0,50,0,None,0,0,,2,Whangarei District,Nil,1,0,0,0,0,0,Urban,0,0,0,Fine,Null
1757503,5918656,1350,,514302,0,,0,2,,North,2008/2009,SH 1N,KHYBER PASS OBR,,Minor Crash,Yes,2008,,North,,0,,Flat,,,,,,Bright sun,442500,1,0,0,4,,,0,,,,,,Auckland Region,Nil,2-way,Sealed,,0,0,,80,,Off,1,0,,76,Auckland,Nil,,,,,0,0,Open,1,,,Fine,Null
1886553,5772471,1351,,538722,0,0,0,1,0,West,2005/2006,SH 30,HAMIORA PLACE,,Minor Crash,Yes,2005,0,East,0,0,0,Flat,0,,0,,1,Dark,1257600,1,0,0,4,0,0,0,0,0,,0,1,Bay of Plenty Region,Nil,2-way,Sealed,0,0,0,0,70,0,On,0,0,,24,Rotorua District,Nil,0,0,0,0,0,0,Urban,0,0,0,Light rain,Null
1769681,5883072,1352,,525910,0,0,0,1,0,North,2011/2012,CAPE HILL ROAD,VALLEY ROAD,,Minor Crash,No,2012,0,North,0,0,1,Flat,0,,0,,0,Dark,816521,1,0,0,2,0,0,0,0,0,,0,0,Auckland Region,Nil,2-way,Sealed,0,0,0,0,100,0,None,0,0,,76,Auckland,Nil,0,0,0,0,0,0,Open,0,0,0,Heavy rain,Null
1242707,4849680,1353,,611210,0,,0,2,,East,2007/2008,ESK ST,KELVIN ST,,Non-Injury Crash,No,2007,,West,,0,,Flat,,,,,,Bright sun,3108800,0,0,0,2,,,0,,,,,,Southland Region,Nil,2-way,Sealed,,0,0,,50,,Null,0,0,,75,Invercargill City,Nil,,,,,0,0,Urban,0,,,Fine,Null
1567919.536,5179475.7,1354,,590800,0,,0,2,,Null,2019/2020,BLENHEIM RD 4 NORTH,CLARENCE STREET,,Non-Injury Crash,No,2019,,East,,0,,Flat,,,,,,Overcast,2474200,0,0,0,4,,,0,,,,,,Canterbury Region,Nil,2-way,Sealed,,0,0,,60,,Off,0,0,,60,Christchurch City,Traffic Signals,,,,,0,0,Urban,0,,,Fine,Null
1518691,5317535,1355,,584701,0,,0,1,,East,2001/2002,SH 7,CRATE CRK BR,,Non-Injury Crash,Yes,2002,,East,,0,,Hill Road,,Easter,,,,Overcast,2398000,0,0,0,2,,,0,,,,,,West Coast Region,Nil,2-way,Sealed,,0,0,,100,,Null,0,0,,55,Buller District,Unknown,,,,,0,0,Open,0,,,Light rain,Null
1755327,5929598,1356,,508510,0,,0,2,,North,2017/2018,SH 1N,TRISTRAM OFF SBD,,Minor Crash,Yes,2018,,South,,0,,Flat,,,,,,Bright sun,194405,2,0,0,2,,,0,,,,,,Auckland Region,Nil,1-way,Sealed,,0,0,,100,,Null,0,0,,76,Auckland,Unknown,,,,,0,0,Open,1,,,Fine,Null
1631737,5392828,1357,,580450,0,0,0,0,0,West,2004/2005,SH 63,LARKINS ROAD,,Non-Injury Crash,Yes,2004,0,West,0,0,0,Flat,0,,0,,0,Dark,2287400,0,0,0,2,0,0,0,0,0,,0,0,Marlborough Region,Nil,2-way,Sealed,0,0,0,0,100,0,None,0,0,,53,Marlborough District,Nil,0,0,0,0,0,0,Open,1,0,0,Light rain,Null
1560681,5204466,1358,,586121,0,,0,1,,West,2016/2017,OXFORD ROAD,LILLY ROAD,,Non-Injury Crash,No,2016,,West,,0,,Flat,,,,,,Dark,2450101,0,0,0,2,,,0,,,,,,Canterbury Region,Nil,2-way,Sealed,,0,0,,100,,None,0,0,,59,Waimakariri District,Unknown,,,,,0,0,Open,1,,,Fine,Null
2009724,5707718,1359,,544002,0,0,0,1,0,West,2012/2013,TINIROTO ROAD,PEHIRI ROAD,,Non-Injury Crash,No,2013,0,East,0,0,1,Flat,0,,0,,0,Overcast,1364000,0,0,0,2,0,0,0,0,0,,0,1,Gisborne Region,Nil,2-way,Sealed,0,0,0,0,100,0,Null,0,0,,28,Gisborne District,Nil,0,0,0,0,0,0,Open,0,0,0,Fine,Null
1571127,5179918,1360,,591500,0,,0,2,,Null,2003/2004,MADRAS ST,CASHEL ST,,Non-Injury Crash,No,2004,,North,,0,,Flat,,,,,,Overcast,2651800,0,0,0,1,,,0,,,,,,Canterbury Region,Nil,2-way,Sealed,,0,0,,50,,Null,0,0,,60,Christchurch City,Traffic Signals,,,,,0,0,Urban,0,,,Light rain,Null
1883805,5773607,1361,,540420,0,,0,2,,East,2006/2007,PERERIKA ST,SH 5,,Minor Crash,No,2007,,East,,0,,Flat,,,,,,Bright sun,1235301,1,0,0,2,,,0,,,,,,Bay of Plenty Region,Nil,2-way,Sealed,,0,0,,50,,Off,0,0,,24,Rotorua District,Nil,,,,,0,0,Urban,0,,,Fine,Null
1757907,5920937,1362,,514101,0,,0,1,,Null,2016/2017,BRITOMART PLACE,QUAY ST,,Non-Injury Crash,No,2016,,South,,0,,Flat,,,,,,Dark,438103,0,0,0,3,,,0,,,,,,Auckland Region,Nil,2-way,Sealed,,0,0,,50,,On,0,0,,76,Auckland,Traffic Signals,,,,,0,0,Urban,0,,,Light rain,Null
1570656,5178095,1363,,594600,0,,0,2,,Null,2005/2006,COLOMBO ST,WALTON ST,,Non-Injury Crash,No,2005,,South,,0,,Flat,,,,,,Dark,2621400,0,0,0,2,,,0,,,,,,Canterbury Region,Nil,2-way,Sealed,,0,0,,50,,On,0,0,,60,Christchurch City,Give way,,,,,0,0,Urban,0,,,Fine,Null
1755419,5922012,1364,,515202,0,,0,2,,North,2000/2001,SH 1N,SHELLY OFF SBD,,Non-Injury Crash,Yes,2000,,South,,0,,Hill Road,,,,,,Bright sun,423600,0,0,0,3,,,0,,,,,,Auckland Region,Bridge,1-way,Sealed,,0,0,,80,,Off,0,0,,76,Auckland,Nil,,,,,0,0,Open,0,,,Fine,Null
1775412,5577451,1365,,557100,0,,0,2,,Null,2014/2015,ST HILL ST,RIDGWAY ST,,Non-Injury Crash,No,2014,,East,,0,,Flat,,,,,,Overcast,1698800,0,0,0,3,,,0,,,,,,Manawatu-Wanganui Region,Nil,2-way,Sealed,,0,0,,50,,On,0,0,,37,Whanganui District,Traffic Signals,,,,,0,0,Urban,0,,,Fine,Null
1949876.316,5791306.345,1366,,542430,0,,0,1,,Null,2018/2019,LANDING ROAD,KING STREET,,Non-Injury Crash,No,2018,,East,,0,,Flat,,,,,,Dark,1310000,0,0,0,2,,,0,,,,,,Bay of Plenty Region,Nil,2-way,Sealed,,0,0,,50,,On,0,0,,25,Whakatane District,Give way,,,,,0,0,Urban,1,,,Fine,Null
1717121,5613238,1367,,554120,0,0,0,1,0,East,2000/2001,SH 3,HUNTS ROAD,,Non-Injury Crash,Yes,2001,0,West,0,0,0,Flat,0,,0,,0,Dark,1651300,0,0,0,2,0,0,0,0,0,,0,0,Taranaki Region,Nil,2-way,Sealed,0,0,0,0,100,0,None,0,0,,35,South Taranaki District,Nil,0,1,0,0,0,0,Open,0,0,0,Fine,Null
1817845,5570221,1368,45,559220,0,,0,0,,West,2015/2016,PUTORINO ROAD,RANGATIRA ROAD,,Minor Crash,No,2015,,South,,0,,Flat,,,,,,Overcast,1729500,1,0,0,2,,,0,,,,,,Manawatu-Wanganui Region,Nil,2-way,Sealed,,0,0,,100,,Null,0,0,,38,Rangitikei District,Unknown,,,,,0,0,Open,1,,,Fine,Null
1821799,5461404,1369,,578301,0,0,0,2,0,Null,2003/2004,SOUTH BELT,SOUTH ROAD,,Non-Injury Crash,No,2003,0,South,0,0,0,Flat,0,,0,,0,Bright sun,2257000,0,0,0,2,0,0,0,0,1,,0,0,Wellington Region,Nil,2-way,Sealed,0,0,0,0,50,0,Null,0,0,,48,Masterton District,Give way,0,0,0,0,0,0,Urban,0,0,0,Fine,Null
1796672.775,5820013.078,1370,,528403,0,,0,2,,North,2019/2020,TE RAPA ROAD,THE BASE PARADE,,Non-Injury Crash,No,2019,,South,,0,,Flat,,,,,,Bright sun,907401,0,0,0,3,,,0,,,,,,Waikato Region,Nil,1-way,Sealed,,0,0,,60,,Off,0,0,,16,Hamilton City,Nil,,,,,1,0,Urban,0,,,Fine,Null
1747725,5969860,1371,,505500,0,0,0,1,0,North,2017/2018,MANSEL DRIVE,WOODCOCKS ROAD,,Non-Injury Crash,No,2018,0,North,0,0,0,Hill Road,0,,0,,0,Overcast,146002,0,0,0,2,0,0,0,0,0,,0,0,Auckland Region,Nil,2-way,Sealed,0,0,0,0,100,0,Null,0,0,,76,Auckland,Nil,0,0,0,1,0,0,Open,0,0,0,Light rain,Null
1679553,5403482,1372,,581240,0,0,0,1,0,South,2016/2017,MAXWELL ROAD,HODSON ST,,Non-Injury Crash,No,2016,0,South,0,0,0,Flat,0,,0,,0,Bright sun,2298600,0,0,0,2,0,0,0,0,1,,0,0,Marlborough Region,Nil,2-way,Sealed,0,0,0,0,50,0,Null,1,0,,53,Marlborough District,Nil,0,0,0,0,0,0,Urban,0,0,0,Fine,Null
1687572,6007824,1373,75,505010,0,,0,1,,South,2002/2003,SH 12,TOKATOKA ROAD,,Non-Injury Crash,Yes,2002,,South,,0,,Flat,,,,,,Dark,125900,0,0,0,2,,,0,,,,,,Northland Region,Nil,2-way,Sealed,,0,0,,100,,None,0,0,,3,Kaipara District,Nil,,,,,0,0,Open,1,,,Fine,Null
1571222,5176578,1374,,595500,0,,0,2,,Null,2008/2009,SANDWICH ROAD,NORWOOD ST,,Non-Injury Crash,No,2008,,South,,0,,Flat,,,,,,Dark,2627500,0,0,0,2,,,0,,,,,,Canterbury Region,Nil,2-way,Sealed,,0,0,,50,,On,0,0,,60,Christchurch City,Give way,,,,,0,0,Urban,0,,,Mist or Fog,Null
1763858,5913201,1375,,520500,0,0,0,1,0,West,2016/2017,SILVIA PARK ACCESSWAY,STUD WAY,,Non-Injury Crash,No,2017,0,North,0,0,0,Flat,0,,0,,0,Overcast,637500,0,0,0,2,0,0,0,0,0,,0,1,Auckland Region,Nil,2-way,Sealed,0,0,0,0,30,0,Null,0,0,,76,Auckland,Unknown,0,0,0,0,0,0,Urban,0,0,0,Heavy rain,Null
1755417,5922008,1376,,515202,0,0,0,1,0,Null,2001/2002,SH 1N,SHELLY OFF SBD,,Non-Injury Crash,Yes,2002,0,South,0,0,0,Hill Road,1,,0,,0,Dark,423600,0,0,0,5,0,0,0,0,0,,0,0,Auckland Region,Bridge,1-way,Sealed,0,0,0,0,80,0,On,0,0,,76,Auckland,Nil,0,0,0,0,0,0,Open,0,0,0,Light rain,Null
1406661,4918022,1377,,603602,0,,0,2,,Null,2015/2016,GEORGE ST,UNION ST WEST,,Non-Injury Crash,No,2015,,South,,0,,Flat,,,,,,Overcast,2864500,0,0,0,2,,,0,,,,,,Otago Region,Nil,2-way,Sealed,,0,0,,50,,Null,0,0,,71,Dunedin City,Give way,,,,,0,0,Urban,0,,,Light rain,Null
1800006,5816011,1378,,529700,0,,0,2,,Null,2016/2017,MILL ST,TRISTRAM ST,,Minor Crash,No,2016,,South,,0,,Flat,,,,,,Bright sun,909100,1,0,0,4,,,0,,,,,,Waikato Region,Nil,2-way,Sealed,,0,0,,50,,Null,0,0,,16,Hamilton City,Traffic Signals,,,,,0,0,Urban,0,,,Fine,Null
1798488,5874613,1379,,527221,0,,0,0,,West,2018/2019,SH 2,MONUMENT ROAD,,Fatal Crash,Yes,2018,,West,,1,,Flat,,,,,,Dark,932900,0,0,0,2,,,0,,,1,,,Waikato Region,Nil,2-way,Sealed,,0,0,,100,,None,0,0,,13,Waikato District,Unknown,,,,,1,0,Open,0,,,Mist or Fog,Null
1571178,5179798,1380,,591500,0,0,0,3,0,East,2017/2018,LICHFIELD ST,MADRAS ST,,Non-Injury Crash,No,2018,0,East,0,0,0,Flat,0,,0,,0,Overcast,2649900,0,0,0,2,0,0,0,0,2,,0,0,Canterbury Region,Nil,1-way,Sealed,0,0,0,0,50,0,Null,0,0,,60,Christchurch City,Unknown,1,0,0,0,0,0,Urban,0,0,0,Fine,Null
1615372.026,5423660.447,1381,,584201,0,0,0,1,0,North,2019/2020,QUEEN STREET,CAMBRIDGE STREET,,Non-Injury Crash,No,2020,0,Null,0,0,0,Flat,0,,0,,0,Overcast,2361300,0,0,0,2,0,0,0,0,1,,0,0,Tasman Region,Nil,2-way,Sealed,0,0,0,0,30,0,Off,0,0,,51,Tasman District,Nil,0,0,0,0,0,0,Urban,0,0,0,Light rain,Strong wind