X,Y,OBJECTID,advisorySpeed,areaUnitID,bicycle,bridge,bus,carStationWagon,cliffBank,crashDirectionDescription,crashFinancialYear,crashLocation1,crashLocation2,crashRoadSideRoad,crashSeverity,crashSHDescription,crashYear,debris,directionRoleDescription,ditch,fatalCount,fence,flatHill,guardRail,holiday,houseOrBuilding,intersection,kerb,light,meshblockId,minorInjuryCount,moped,motorcycle,NumberOfLanes,objectThrownOrDropped,otherObject,otherVehicleType,overBank,parkedVehicle,pedestrian,phoneBoxEtc,postOrPole,region,roadCharacter,roadLane,roadSurface,roadworks,schoolBus,seriousInjuryCount,slipOrFlood,speedLimit,strayAnimal,streetLight,suv,taxi,temporarySpeedLimit,tlaId,tlaName,trafficControl,trafficIsland,trafficSign,train,tree,truck,unknownVehicleType,urban,vanOrUtility,vehicle,waterRiver,weatherA,weatherB
1820933,5462241,1589,,578901,0,0,0,1,0,East,2007/2008,WINDSOR ST,MARGARET ST,,Non-Injury Crash,No,2007,0,East,0,0,1,Flat,0,,0,,0,Dark,2230400,0,0,0,2,0,0,0,0,0,,0,0,Wellington Region,Nil,2-way,Sealed,0,0,0,0,50,0,On,0,0,,48,Masterton District,Nil,0,0,0,0,0,0,Urban,0,0,0,Fine,Null
1769037,5468683,1590,,566000,0,,0,2,,Null,2003/2004,SH 1N,KAPITI ROAD,,Serious Crash,Yes,2004,,North,,0,,Flat,,,,,,Bright sun,2003709,1,0,0,5,,,0,,,,,,Wellington Region,Nil,2-way,Sealed,,0,1,,50,,Null,0,0,,43,Kapiti Coast District,Traffic Signals,,,,,0,0,Urban,1,,,Fine,Null
1756944,5920220,1591,,514102,0,,0,2,,South,2016/2017,HOBSON ST,PACIFIC PLACE,,Minor Crash,No,2016,,South,,0,,Flat,,,,,,Dark,434200,1,0,0,5,,,0,,,,,,Auckland Region,Nil,1-way,Sealed,,0,0,,50,,On,0,0,,76,Auckland,Unknown,,,,,0,0,Urban,0,,,Light rain,Null
1756759,5919874,1592,,514102,0,,0,0,,Null,2016/2017,UNION ST,HOBSON ON SBD,,Non-Injury Crash,No,2017,,East,,0,,Flat,,,,,,Bright sun,435500,0,0,0,7,,,0,,,,,,Auckland Region,Motorway ramp,2-way,Sealed,,0,0,,50,,Null,0,0,,76,Auckland,Traffic Signals,,,,,1,0,Urban,1,,,Fine,Null
1404646,4915599,1593,,604110,0,,0,0,,Null,2011/2012,GLEN ROAD,NEIDPATH ROAD,,Serious Crash,No,2012,,East,,0,,Hill Road,,,,,,Bright sun,2920900,0,0,1,2,,,0,,,,,,Otago Region,Nil,2-way,Sealed,,0,1,,50,,Null,0,0,,71,Dunedin City,Give way,,,,,0,0,Urban,0,,,Fine,Null
1684783,6098412,1594,,500900,0,,0,2,,Null,2000/2001,SH 10,KERIKERI ROAD,,Non-Injury Crash,Yes,2000,,West,,0,,Flat,,,,,,Twilight,49700,0,0,0,2,,,0,,,,,,Northland Region,Nil,2-way,Sealed,,0,0,,100,,On,0,0,,1,Far North District,Give way,,,,,0,0,Open,0,,,Fine,Null
1887354,5822412,1595,,536512,0,,0,3,,North,2005/2006,SH 2,BRUCE ROAD,,Minor Crash,Yes,2005,,North,,0,,Flat,,,,,,Overcast,1206704,1,0,0,3,,,0,,,,,,Bay of Plenty Region,Nil,2-way,Sealed,,0,0,,100,,Null,0,0,,23,Tauranga City,Unknown,,,,,0,0,Open,0,,,Light rain,Null
1756682,5926662,1596,,507900,0,0,0,0,0,South,2006/2007,SH 1N,NORTHCOTE OBR,,Non-Injury Crash,Yes,2007,0,South,0,0,0,Hill Road,1,,0,,0,Overcast,303902,0,0,0,3,0,0,0,0,0,,0,0,Auckland Region,Nil,1-way,Sealed,0,0,0,0,80,0,Off,0,0,,76,Auckland,Nil,0,0,0,0,1,0,Open,0,0,0,Light rain,Null
1758157,5917922,1597,,515700,0,,0,2,,North,2016/2017,GILLIES AVENUE,GILLIES OFF SBD,,Minor Crash,No,2016,,North,,0,,Null,,,,,,Dark,443200,1,0,0,3,,,0,,,,,,Auckland Region,Nil,2-way,Sealed,,0,0,,50,,On,0,0,,76,Auckland,Nil,,,,,0,0,Urban,0,,,Fine,Null
1788316,5879102,1598,,521135,0,0,0,1,0,West,2004/2005,MANGATAWHIRI ROAD,MCKENZIE ROAD,,Minor Crash,No,2004,0,West,0,0,1,Flat,0,,0,,0,Dark,843401,1,0,0,2,0,0,0,0,0,,0,0,Waikato Region,Nil,2-way,Sealed,0,0,0,0,80,0,On,0,0,,13,Waikato District,Nil,0,0,0,0,0,0,Open,0,0,0,Light rain,Null
1951066,5769331,1599,,542562,0,0,0,1,0,South,2001/2002,RUATOKI VALLEY ROAD,MISSION ROAD,,Non-Injury Crash,No,2001,0,North,0,0,0,Flat,0,,0,,0,Dark,1302900,0,0,0,1,0,0,0,0,0,,0,0,Bay of Plenty Region,Nil,2-way,Sealed,0,0,0,0,100,0,None,0,0,,25,Whakatane District,Nil,0,0,0,0,0,0,Open,0,0,0,Fine,Null
1570542,5190282,1600,,590400,0,0,0,1,0,South,2011/2012,SH 1S,DICKEYS ROAD,,Non-Injury Crash,Yes,2011,0,South,0,0,0,Flat,0,Christmas New Year,0,,0,Bright sun,2514000,0,0,0,4,0,0,0,0,0,,0,1,Canterbury Region,Nil,2-way,Sealed,0,0,0,0,60,0,Null,0,0,,60,Christchurch City,Unknown,1,0,0,0,0,0,Urban,0,0,0,Fine,Null
1764256,5909783,1601,,521901,0,,0,2,,Null,2008/2009,ATKINSON AVENUE,CRITERION ST,,Minor Crash,No,2008,,North,,0,,Flat,,,,,,Overcast,784000,1,0,0,5,,,0,,,,,,Auckland Region,Nil,2-way,Sealed,,0,0,,50,,Off,0,0,,76,Auckland,Nil,,,,,0,0,Urban,0,,,Fine,Null
1682146,6012935,1602,,504400,0,0,0,1,0,North,2016/2017,POUTO ROAD,HOSPITAL ROAD,,Non-Injury Crash,No,2016,0,South,1,0,0,Flat,0,,0,,0,Dark,125600,0,0,0,2,0,0,0,0,0,,0,0,Northland Region,Nil,2-way,Unsealed,0,0,0,0,100,0,None,0,0,50,3,Kaipara District,Unknown,0,0,0,0,0,0,Open,0,0,0,Fine,Null
1768189,5902430,1603,,524602,0,,0,1,,Null,2005/2006,GREAT SOUTH ROAD,BROWNS ROAD,,Minor Crash,No,2005,,North,,0,,Flat,,,,,,Dark,780700,3,0,0,5,,,0,,,,,,Auckland Region,Nil,2-way,Sealed,,0,0,,50,,On,1,0,,76,Auckland,Traffic Signals,,,,,0,0,Urban,0,,,Light rain,Null
1415685,4917050,1604,,604902,0,,0,1,,East,2007/2008,HIGHCLIFF ROAD,CAMP ROAD,,Non-Injury Crash,No,2008,,West,,0,,Flat,,,,,,Overcast,2945600,0,0,1,2,,,0,,,,,,Otago Region,Nil,2-way,Sealed,,0,0,,60,,Null,0,0,,71,Dunedin City,Unknown,,,,,0,0,Urban,0,,,Fine,Null
1750004,5425064,1605,,576903,0,,0,1,,West,2004/2005,SH 1N,WALMER ST,,Non-Injury Crash,Yes,2004,,West,,0,,Flat,,,,,,Bright sun,2180300,0,0,0,2,,,0,,,,,,Wellington Region,Nil,2-way,Sealed,,0,0,,50,,Null,0,0,,47,Wellington City,Nil,,,,,0,0,Urban,1,,,Fine,Null
1785958,5860996,1606,,527210,0,,0,2,,North,2013/2014,SH 1N,WHANGAMARINO ROAD,,Non-Injury Crash,Yes,2014,,South,,0,,Hill Road,,,,,,Dark,935700,0,0,0,2,,,0,,,,,,Waikato Region,Nil,1-way,Sealed,,0,0,,100,,None,0,0,,13,Waikato District,Nil,,,,,0,0,Open,0,,,Fine,Null
1768703,5900476,1607,,525002,0,,0,2,,Null,2009/2010,ROGERS ROAD,BLOSSOM LANE,,Minor Crash,No,2010,,South,,0,,Flat,,,,,,Bright sun,753000,2,0,0,2,,,0,,,,,,Auckland Region,Nil,2-way,Sealed,,0,0,,50,,Off,0,0,,76,Auckland,Give way,,,,,0,0,Urban,0,,,Fine,Null
1764087,5911564,1608,,520500,0,,0,1,,Null,2001/2002,MOUNT WELLINGTON HIGHWAY,PANAMA ROAD,,Serious Crash,No,2002,,South,,0,,Hill Road,,,,,,Twilight,637900,0,0,1,4,,,0,,,,,,Auckland Region,Nil,2-way,Sealed,,0,1,,50,,Off,0,0,,76,Auckland,Traffic Signals,,,,,0,0,Urban,0,,,Fine,Null
1821910,5530457,1609,,562401,0,,0,2,,West,2016/2017,FEATHERSTON ST,WARD ST,,Non-Injury Crash,No,2017,,West,,0,,Flat,,,,,,Bright sun,1832100,0,0,0,2,,,0,,,,,,Manawatu-Wanganui Region,Nil,2-way,Sealed,,0,0,,50,,Null,0,0,,40,Palmerston North City,Unknown,,,,,0,0,Urban,1,,,Fine,Null
1575884,5181690,1610,,593800,0,0,0,1,0,West,2007/2008,PAGES ROAD,BREEZES ROAD,,Non-Injury Crash,No,2007,0,East,0,0,0,Flat,0,,0,,0,Dark,2570400,0,0,0,2,0,1,0,0,0,,0,0,Canterbury Region,Nil,2-way,Sealed,0,0,0,0,50,0,On,0,0,,60,Christchurch City,Unknown,0,0,0,0,0,0,Urban,0,0,0,Light rain,Null
1804936,5632814,1611,,554900,0,0,0,1,0,East,2016/2017,RAETIHI OHAKUNE ROAD,LAKES ROAD,,Non-Injury Crash,No,2017,0,West,0,0,0,Flat,0,Queens Birthday,0,,0,Dark,1674301,0,0,0,2,0,0,0,0,0,,0,0,Manawatu-Wanganui Region,Nil,2-way,Sealed,0,0,0,0,100,0,None,0,0,,36,Ruapehu District,Give way,0,1,0,1,0,0,Open,0,0,0,Fine,Null
1753340,5914253,1612,,514500,0,,0,0,,Null,2000/2001,RICHARDSON ROAD,MAIORO ST,,Non-Injury Crash,No,2001,,North,,0,,Flat,,,,,,Bright sun,376800,0,0,0,3,,,0,,,1,,,Auckland Region,Nil,2-way,Sealed,,0,0,,50,,Off,0,0,,76,Auckland,Traffic Signals,,,,,0,0,Urban,1,,,Fine,Null
1805702,5814485,1613,,527124,0,,0,2,,East,2005/2006,SH 26,SILVERDALE ROAD,,Non-Injury Crash,Yes,2006,,West,,0,,Flat,,,,,,Twilight,955204,0,0,0,2,,,0,,,,,,Waikato Region,Nil,2-way,Sealed,,0,0,,80,,Off,0,0,,16,Hamilton City,Nil,,,,,0,0,Open,0,,,Fine,Null
1460580,5080878,1614,,599800,0,,0,1,,South,2008/2009,SH 1S,TAYLOR ST,,Minor Crash,Yes,2008,,North,,0,,Hill Road,,,,,,Bright sun,2802800,2,0,0,2,,,0,,,,,,Canterbury Region,Nil,2-way,Sealed,,0,0,,50,,Null,1,0,,64,Timaru District,Unknown,,,,,0,0,Urban,0,,,Fine,Null
1876208.828,5824756.98,1615,,537100,1,0,0,0,0,East,2018/2019,SHERWOOD STREET,CROMBIE STREET,,Minor Crash,No,2019,0,North,0,0,0,Hill Road,0,,0,,1,Bright sun,1158700,1,0,1,2,0,0,0,0,0,,0,0,Bay of Plenty Region,Nil,2-way,Sealed,0,0,0,0,50,0,Off,0,0,,23,Tauranga City,Unknown,0,0,0,0,0,0,Urban,0,0,0,Fine,Null
1881766,5780328,1616,,538601,0,0,0,2,0,West,2003/2004,HALL ROAD,NGONGOTAHA ROAD,,Non-Injury Crash,No,2003,0,North,0,0,0,Flat,0,,0,,0,Dark,1247000,0,0,0,2,0,0,0,0,1,,0,0,Bay of Plenty Region,Nil,2-way,Sealed,0,0,0,0,50,0,On,0,0,,24,Rotorua District,Nil,0,0,0,0,0,0,Urban,1,0,0,Fine,Null
1778194,5810371,1617,75,526602,0,0,0,0,0,East,2016/2017,SH 23,WAITETUNA VALLEY ROAD,,Non-Injury Crash,Yes,2016,0,North,0,0,0,Hill Road,1,,0,,0,Overcast,860900,0,0,0,2,0,0,0,0,0,,0,0,Waikato Region,Bridge,2-way,Sealed,0,0,0,0,100,0,Null,0,0,,13,Waikato District,Unknown,0,0,0,0,1,0,Open,0,0,0,Fine,Null
1749360,5427096,1618,,573101,0,,0,1,,North,2002/2003,CAMBRIDGE TERRACE,COURTENAY PLACE,,Non-Injury Crash,No,2003,,North,,0,,Flat,,,,,,Dark,2135700,0,0,0,2,,,0,,,,,,Wellington Region,Nil,1-way,Sealed,,0,0,,50,,On,0,0,,47,Wellington City,Nil,,,,,1,0,Urban,0,,,Fine,Null
1648527,5403376,1619,30,580447,0,,0,2,,North,2009/2010,FABIANS VALLEY ROAD,NORTHBANK ROAD,,Non-Injury Crash,No,2010,,North,,0,,Hill Road,,,,,,Overcast,2286900,0,0,0,2,,,0,,,,,,Marlborough Region,Nil,2-way,Unsealed,,0,0,,50,,Null,0,0,,53,Marlborough District,Nil,,,,,0,0,Urban,0,,,Fine,Null
1753383,5933235,1620,,508804,0,,0,2,,Null,2007/2008,GREVILLE ROAD,GREVILLE OFF SBD,,Non-Injury Crash,No,2008,,East,,0,,Flat,,,,,,Overcast,180605,0,0,0,2,,,0,,,,,,Auckland Region,Nil,2-way,Sealed,,0,0,,50,,None,0,0,,76,Auckland,Give way,,,,,0,0,Urban,0,,,Light rain,Strong wind
1754453,5915142,1621,,518802,0,,0,2,,Null,2001/2002,MOUNT ALBERT ROAD,SANDRINGHAM ROAD,,Non-Injury Crash,No,2002,,East,,0,,Flat,,,,,,Bright sun,577300,0,0,0,4,,,0,,,,,,Auckland Region,Nil,2-way,Sealed,,0,0,,50,,Off,0,0,,76,Auckland,Traffic Signals,,,,,0,0,Urban,0,,,Fine,Null
1403534,4917782,1622,,603930,0,0,0,2,0,East,2003/2004,BROCKVILLE ROAD,CHARTERS ST,,Non-Injury Crash,No,2004,0,West,0,0,0,Flat,0,,0,,0,Dark,2882600,0,0,0,2,0,0,0,0,1,,0,0,Otago Region,Nil,2-way,Sealed,0,0,0,0,50,0,On,0,0,,71,Dunedin City,Unknown,0,0,0,0,0,0,Urban,0,0,0,Fine,Null
1752538,5915876,1623,,517903,0,,0,2,,Null,2016/2017,RICHARDSON ROAD,ALLENDALE ROAD,,Non-Injury Crash,No,2016,,South,,0,,Flat,,,,,,Bright sun,520500,0,0,0,2,,,0,,,,,,Auckland Region,Nil,2-way,Sealed,,0,0,,50,,Null,0,0,,76,Auckland,Nil,,,,,0,0,Urban,0,,,Fine,Null
1932194,5619241,1624,,547001,0,,0,2,,Null,2007/2008,LANCASTER ST,NORFOLK ST,,Non-Injury Crash,No,2008,,East,,0,,Flat,,,,,,Overcast,1452400,0,0,0,2,,,0,,,,,,Hawke's Bay Region,Nil,2-way,Sealed,,0,0,,50,,Null,0,0,,31,Napier City,Nil,,,,,0,0,Urban,1,,,Light rain,Null
1750200,5425927,1625,,576800,0,,0,1,,South,2004/2005,MOXHAM AVENUE,WAITOA ROAD,,Non-Injury Crash,No,2005,,North,,0,,Flat,,,,,,Bright sun,2181900,0,0,0,2,,,0,,,,,,Wellington Region,Nil,2-way,Sealed,,0,0,,50,,Null,0,0,,47,Wellington City,Give way,,,,,0,0,Urban,1,,,Fine,Null
1763154,5430809,1626,,564900,0,,0,2,,Null,2010/2011,THE STRAND,FITZHERBERT ROAD,,Non-Injury Crash,No,2011,,East,,0,,Flat,,,,,,Twilight,2016100,0,0,0,2,,,0,,,,,,Wellington Region,Nil,2-way,Sealed,,0,0,,50,,On,0,0,,46,Lower Hutt City,Give way,,,,,0,0,Urban,0,,,Fine,Null
1755681,5915923,1627,,518301,0,0,0,2,0,East,2005/2006,QUEENS AVENUE,DOMINION ROAD,,Non-Injury Crash,No,2006,0,South,0,0,0,Flat,0,,0,,0,Bright sun,555500,0,0,0,2,0,0,0,0,1,,0,0,Auckland Region,Nil,2-way,Sealed,0,0,0,0,50,0,Off,0,0,,76,Auckland,Nil,0,0,0,0,0,0,Urban,0,0,0,Fine,Null
1801684,5814943,1628,,530200,0,0,0,3,0,North,2004/2005,MEMORIAL DRIVE,BRIDGE ST,,Non-Injury Crash,No,2004,0,North,0,0,0,Flat,0,,0,,0,Overcast,894800,0,0,0,2,0,0,0,0,1,,0,0,Waikato Region,Nil,2-way,Sealed,0,0,0,0,60,0,Off,0,0,,16,Hamilton City,Nil,0,0,0,0,0,0,Urban,0,0,0,Fine,Null
1756755.3,5919482.565,1629,,514102,0,,1,1,,West,2018/2019,KARANGAHAPE RD,PITT ST,,Non-Injury Crash,No,2019,,Null,,0,,Flat,,,,,,Dark,435604,0,0,0,0,,,0,,,,,,Auckland Region,Nil,Null,Sealed,,0,0,,,,On,0,0,,76,Auckland,Unknown,,,,,0,0,Urban,0,,,Fine,Null
1748419,5426659,1630,,573300,0,0,0,1,0,Null,2006/2007,Z CPK QBA PARKING,WEBB/CUBA,,Non-Injury Crash,No,2006,0,North,0,0,0,Flat,0,,0,,0,Dark,2144102,0,0,0,1,0,0,0,0,1,,0,0,Wellington Region,Nil,Off road,Sealed,0,0,0,0,50,0,On,0,0,,47,Wellington City,Nil,0,0,0,0,1,0,Urban,0,0,0,Fine,Null
1868886,5712964,1631,,541740,0,,0,1,,Null,2012/2013,GILLIES AVENUE,TAUPO VIEW ROAD,,Minor Crash,No,2012,,North,,0,,Flat,,,,,,Dark,1268900,1,0,0,2,,,0,,,,,,Waikato Region,Nil,2-way,Sealed,,0,0,,50,,On,0,0,,21,Taupo District,Give way,,,,,0,0,Urban,1,,,Light rain,Null
1565159,5178980,1632,,590300,0,0,0,1,1,South,2013/2014,SH 73,LUNNS ROAD,,Non-Injury Crash,Yes,2014,0,South,0,0,0,Flat,0,,0,,0,Dark,2480502,0,0,0,2,0,0,0,0,0,,0,0,Canterbury Region,Nil,2-way,Sealed,0,0,0,0,70,0,On,0,0,,60,Christchurch City,Unknown,0,1,0,0,0,0,Urban,0,0,0,Fine,Null
1693537,5676379,1633,,551800,0,,0,2,,West,2008/2009,SH 45 COURTENAY,CAMERON ST,,Non-Injury Crash,Yes,2009,,East,,0,,Flat,,,,,,Bright sun,1594000,0,0,0,2,,,0,,,,,,Taranaki Region,Nil,2-way,Sealed,,0,0,,50,,Null,0,0,,33,New Plymouth District,Nil,,,,,0,0,Urban,0,,,Fine,Null
1745141,5919767,1634,,513301,0,,0,1,,East,2017/2018,UNIVERSAL DRIVE,TUDOR ROAD,,Minor Crash,No,2017,,East,,0,,Flat,,,,,,Bright sun,232001,1,0,1,4,,,0,,,,,,Auckland Region,Nil,2-way,Sealed,,0,0,,50,,Null,0,0,,76,Auckland,Nil,,,,,0,0,Urban,0,,,Fine,Null
1747291,5919532,1635,,512402,0,,0,2,,Null,2002/2003,TE ATATU OFF WBD,TE ATATU ROAD,,Non-Injury Crash,Yes,2002,,South,,0,,Flat,,,,,,Bright sun,253700,0,0,0,3,,,0,,,,,,Auckland Region,Motorway ramp,1-way,Sealed,,0,0,,50,,Off,0,0,,76,Auckland,Give way,,,,,0,0,Urban,0,,,Fine,Null
1755854,5916724,1636,,518201,0,,0,2,,Null,2018/2019,DOMINION ROAD,HERBERT ROAD,,Minor Crash,No,2018,,North,,0,,Flat,,,,,,Overcast,549200,2,0,0,2,,,0,,,,,,Auckland Region,Nil,2-way,Sealed,,0,0,,50,,Null,1,0,,76,Auckland,Stop,,,,,0,0,Urban,0,,,Fine,Null
1752033,5434295,1637,,573903,0,0,0,1,0,East,2003/2004,COTSWOLD CRESCENT,CHELTENHAM TERRACE,,Non-Injury Crash,No,2004,0,West,0,0,1,Hill Road,0,,0,,0,Dark,2075103,0,0,0,2,0,0,0,0,0,,0,0,Wellington Region,Nil,2-way,Sealed,0,0,0,0,50,0,On,0,0,,47,Wellington City,Nil,0,0,0,0,0,0,Urban,0,0,0,Light rain,Null
1698056,6091202,1638,,501633,0,,0,0,,West,2015/2016,OROMAHOE ROAD,SH 11,,Non-Injury Crash,No,2016,,East,,0,,Hill Road,,,,,,Bright sun,51601,0,0,0,2,,,0,,,,,,Northland Region,Nil,2-way,Unsealed,,0,0,,100,,None,2,0,,1,Far North District,Unknown,,,,,0,0,Open,0,,,Fine,Null
1746572,5915634,1639,,511800,0,,0,1,,North,2001/2002,GREAT NORTH ROAD,VIEW ROAD,,Non-Injury Crash,No,2001,,North,,0,,Flat,,,,,,Bright sun,276300,0,0,0,4,,,0,,,,,,Auckland Region,Nil,2-way,Sealed,,0,0,,50,,Off,0,0,,76,Auckland,Give way,,,,,0,0,Urban,1,,,Fine,Null
1790729,5737591,1640,,531800,0,0,0,1,0,South,2007/2008,SH 4,MAPARA NORTH ROAD,,Non-Injury Crash,Yes,2007,0,South,0,0,0,Hill Road,0,,0,,0,Dark,1013701,0,0,0,2,0,1,0,0,0,,0,0,Waikato Region,Nil,2-way,Sealed,0,0,0,0,100,0,None,0,0,,20,Waitomo District,Nil,0,1,0,0,0,0,Open,0,0,0,Light rain,Null
1692656,5676401,1641,,551800,0,,0,1,,Null,2007/2008,SH 44,EGMONT ST,,Minor Crash,Yes,2008,,West,,0,,Flat,,,,,,Bright sun,1591800,1,1,0,3,,,0,,,,,,Taranaki Region,Nil,2-way,Sealed,,0,0,,50,,Null,0,0,,33,New Plymouth District,Traffic Signals,,,,,0,0,Urban,0,,,Fine,Null
1404747,4914248,1642,,604210,0,0,0,0,0,North,2012/2013,DAVID ST,THORN ST,,Non-Injury Crash,No,2012,0,North,0,0,0,Flat,0,,0,,0,Bright sun,2913100,0,0,0,2,0,0,0,0,1,,0,0,Otago Region,Nil,2-way,Sealed,0,0,0,0,50,0,Null,1,0,,71,Dunedin City,Stop,0,0,0,0,1,0,Urban,0,0,0,Fine,Null
1830909,5540044,1643,,560422,0,0,0,1,0,South,2005/2006,COLYTON ROAD,WATERSHED ROAD,,Non-Injury Crash,No,2005,0,South,0,0,1,Hill Road,0,,0,,0,Overcast,1759500,0,0,0,2,0,0,0,1,0,,0,0,Manawatu-Wanganui Region,Nil,2-way,Sealed,0,0,0,0,100,0,Null,0,0,,39,Manawatu District,Stop,0,0,0,0,0,0,Open,0,0,0,Fine,Null
1763660,5439458,1644,,568202,0,,0,1,,Null,2008/2009,TAITA DRIVE,HARCOURT WERRY DRIVE,,Non-Injury Crash,No,2009,,North,,0,,Flat,,,,,,Overcast,1939700,0,0,0,2,,,0,,,,,,Wellington Region,Nil,2-way,Sealed,,0,0,,50,,Null,1,0,,46,Lower Hutt City,Give way,,,,,0,0,Urban,0,,,Fine,Null
1761383,5947048,1645,,505910,0,0,0,1,0,East,2000/2001,SHAKESPEAR ROAD,GULF HARBOUR DRIVE,,Minor Crash,No,2001,0,East,0,0,0,Flat,0,,0,,0,Dark,175140,1,0,0,2,0,0,0,0,0,,0,1,Auckland Region,Nil,2-way,Sealed,0,0,0,0,50,0,On,0,0,,76,Auckland,Nil,0,0,0,0,0,0,Urban,0,0,0,Fine,Null
1899182,5564196,1646,,549602,0,,0,0,,South,2007/2008,HATUMA ROAD,KYLE ROAD,,Serious Crash,No,2008,,North,,0,,Hill Road,,,,,,Overcast,1524000,0,0,1,2,,,0,,,,,,Hawke's Bay Region,Nil,2-way,Sealed,,0,2,,100,,Null,0,0,,32,Central Hawke's Bay District,Nil,,,,,0,0,Open,0,,,Light rain,Null
1673553.119,6123803.781,1647,,500402,0,,0,0,,East,2018/2019,WAINUI ROAD,TAURANGA BAY ROAD,,Serious Crash,No,2019,,West,,0,,Flat,,,,,,Overcast,19801,0,0,1,2,,,0,,,,,,Northland Region,Nil,2-way,Sealed,,0,1,,100,,None,0,0,,1,Far North District,Unknown,,,,,0,0,Open,0,,,Fine,Null
1753368,5970210,1648,,506631,0,0,0,1,1,North,2015/2016,MAHURANGI EAST ROAD,SONGBIRD CLOSE,,Minor Crash,No,2016,0,North,0,0,0,Flat,0,,0,,0,Overcast,139501,1,0,0,2,0,0,0,0,0,,0,0,Auckland Region,Nil,2-way,Sealed,0,0,0,0,80,0,Null,0,0,,76,Auckland,Nil,0,0,0,0,0,0,Open,0,0,0,Light rain,Null
1623305,5431478,1649,,582500,0,,0,2,,South,2004/2005,HAVEN ROAD,SH 6,,Non-Injury Crash,No,2004,,South,,0,,Flat,,,,,,Bright sun,2318900,0,0,0,2,,,0,,,,,,Nelson Region,Nil,1-way,Sealed,,0,0,,50,,Null,0,0,,52,Nelson City,Nil,,,,,0,0,Urban,1,,,Fine,Null
1751392,5434697,1650,,573700,0,0,0,1,0,South,2010/2011,Z DWAY 5 BRODERICK,BRODERICK ROAD,,Non-Injury Crash,No,2010,0,North,0,0,0,Flat,0,,1,,0,Bright sun,2082900,0,0,0,1,0,0,0,0,0,,0,0,Wellington Region,Nil,Off road,Sealed,0,0,0,0,50,0,Null,0,0,,47,Wellington City,Nil,0,0,0,0,0,0,Urban,0,0,0,Fine,Null
1752215,5912428,1651,,514700,0,0,1,1,1,Null,2010/2011,DONOVAN ST,WHITNEY ST,,Minor Crash,No,2010,0,East,0,0,0,Flat,0,,0,,0,Overcast,369000,1,0,0,2,0,0,0,0,0,,0,0,Auckland Region,Nil,2-way,Sealed,0,0,0,0,50,0,Off,0,0,,76,Auckland,Give way,0,0,0,1,0,0,Urban,0,0,0,Light rain,Null
1569045,5186541,1652,,588101,0,,0,1,,North,2017/2018,SH 74,PRESTONS ROAD,,Non-Injury Crash,Yes,2018,,South,,0,,Flat,,,,,,Bright sun,2509904,0,0,0,2,,,0,,,,,,Canterbury Region,Nil,1-way,Sealed,,0,0,,60,,Null,1,0,,60,Christchurch City,Traffic Signals,,,,,0,0,Urban,0,,,Fine,Null
1569445,5179135,1653,,594700,0,,0,2,,South,2002/2003,SELWYN ST,MOORHOUSE AVENUE,,Non-Injury Crash,No,2002,,North,,0,,Flat,,,,,,Bright sun,2658200,0,0,0,3,,,0,,,,,,Canterbury Region,Nil,2-way,Sealed,,0,0,,50,,Null,0,0,,60,Christchurch City,Unknown,,,,,0,0,Urban,0,,,Fine,Null
1763678,5909760,1654,,521901,0,0,0,3,0,East,2017/2018,STATION ROAD,NIKAU ROAD,,Non-Injury Crash,No,2017,0,East,0,0,0,Flat,0,,0,,0,Dark,782800,0,0,0,2,0,0,0,0,2,,0,0,Auckland Region,Nil,2-way,Sealed,0,0,0,0,50,0,On,0,0,,76,Auckland,Unknown,0,0,0,0,0,0,Urban,0,0,0,Fine,Null
1889525.306,5774092.271,1655,,538742,0,,1,1,,North,2018/2019,WHARENUI ROAD,ELLIOTT CRESCENT,,Non-Injury Crash,No,2019,,East,,0,,Flat,,,,,,Bright sun,1257400,0,0,0,2,,,0,,,,,,Bay of Plenty Region,Nil,2-way,Sealed,,0,0,,50,,Off,0,0,,24,Rotorua District,Nil,,,,,0,0,Urban,0,,,Fine,Null
1826562,5783154,1656,,528000,0,0,0,1,0,West,2001/2002,ARAPUNI ROAD,AKATARERE ROAD,,Minor Crash,No,2001,0,East,0,0,1,Flat,0,,0,,0,Overcast,991000,2,0,0,2,0,0,0,0,0,,0,0,Waikato Region,Nil,2-way,Sealed,0,0,0,0,100,0,None,0,0,,17,Waipa District,Nil,0,0,0,0,0,0,Open,0,0,0,Light rain,Null
1285828,4886099,1657,,610250,0,,0,1,,North,2001/2002,BROUGHTON ST,ANZAC ST,,Serious Crash,No,2002,,South,,0,,Flat,,,,,,Overcast,3058000,0,1,0,2,,,0,,,,,,Southland Region,Nil,2-way,Sealed,,0,1,,50,,Null,0,0,,74,Gore District,Nil,,,,,0,0,Urban,0,,,Fine,Null