X,Y,OBJECTID,advisorySpeed,areaUnitID,bicycle,bridge,bus,carStationWagon,cliffBank,crashDirectionDescription,crashFinancialYear,crashLocation1,crashLocation2,crashRoadSideRoad,crashSeverity,crashSHDescription,crashYear,debris,directionRoleDescription,ditch,fatalCount,fence,flatHill,guardRail,holiday,houseOrBuilding,intersection,kerb,light,meshblockId,minorInjuryCount,moped,motorcycle,NumberOfLanes,objectThrownOrDropped,otherObject,otherVehicleType,overBank,parkedVehicle,pedestrian,phoneBoxEtc,postOrPole,region,roadCharacter,roadLane,roadSurface,roadworks,schoolBus,seriousInjuryCount,slipOrFlood,speedLimit,strayAnimal,streetLight,suv,taxi,temporarySpeedLimit,tlaId,tlaName,trafficControl,trafficIsland,trafficSign,train,tree,truck,unknownVehicleType,urban,vanOrUtility,vehicle,waterRiver,weatherA,weatherB
1768561,5900693,1726,,525002,0,0,0,0,0,West,2016/2017,WEYMOUTH ROAD,SELWYN ROAD,,Non-Injury Crash,No,2016,0,West,0,0,1,Flat,0,,0,,0,Overcast,752900,0,0,0,2,0,0,0,0,0,,0,0,Auckland Region,Nil,2-way,Sealed,0,0,0,0,50,0,Off,0,0,,76,Auckland,Unknown,0,0,0,0,0,0,Urban,1,0,0,Light rain,Null
1767427,5904940,1727,,524603,0,,0,2,,North,2001/2002,GREAT SOUTH ROAD,TE IRIRANGI DRIVE,,Non-Injury Crash,No,2002,,North,,0,,Flat,,,,,,Overcast,780304,0,0,0,4,,,0,,,,,,Auckland Region,Nil,2-way,Sealed,,0,0,,50,,Off,0,0,,76,Auckland,Traffic Signals,,,,,0,0,Urban,0,,,Fine,Null
1935639,5620904,1728,,546901,0,0,1,0,0,Null,2007/2008,VIGOR BROWN ST,CARNELL ST,,Non-Injury Crash,No,2007,0,East,0,0,0,Flat,0,,0,,0,Dark,1429300,0,0,0,2,0,0,0,0,1,,0,0,Hawke's Bay Region,Nil,2-way,Sealed,0,1,0,0,50,0,On,0,0,,31,Napier City,Give way,0,0,0,0,0,0,Urban,1,0,0,Fine,Null
1241082,4864779,1729,,610051,0,0,0,1,0,North,2010/2011,SH 6,BREEZE ROAD,,Minor Crash,Yes,2010,0,South,1,0,0,Flat,0,,0,,0,Overcast,3077200,1,0,0,2,0,0,0,0,0,,0,0,Southland Region,Nil,2-way,Sealed,0,0,0,0,100,0,Null,0,0,,73,Southland District,Unknown,0,0,0,0,0,0,Open,0,0,0,Light rain,Null
1566562,5180456,1730,,589400,0,0,0,1,0,West,2004/2005,KIRKWOOD AVENUE,CLYDE ROAD,,Minor Crash,No,2005,0,East,0,0,0,Flat,0,,0,,1,Dark,2543100,1,0,0,2,0,0,0,0,0,1,0,0,Canterbury Region,Nil,2-way,Sealed,0,0,0,0,50,0,On,0,0,,60,Christchurch City,Unknown,0,0,0,0,0,0,Urban,0,0,0,Fine,Null
1746532.731,5916507.614,1731,,510700,1,,0,0,,Null,2019/2020,GREAT NORTH ROAD,NORCROSS AVENUE,,Minor Crash,No,2019,,South,,0,,Flat,,,,,,Bright sun,241000,1,0,0,2,,,0,,,,,,Auckland Region,Nil,2-way,Sealed,,0,0,,50,,Off,1,0,,76,Auckland,Give way,,,,,0,0,Urban,0,,,Fine,Null
1759414,5916212,1732,,519200,0,,0,2,,South,2006/2007,GREAT SOUTH ROAD,ARATONGA AVENUE,,Non-Injury Crash,No,2007,,North,,0,,Flat,,,,,,Bright sun,615900,0,0,0,2,,,0,,,,,,Auckland Region,Nil,2-way,Sealed,,0,0,,50,,Off,0,0,,76,Auckland,Nil,,,,,0,0,Urban,0,,,Fine,Null
1930802.907,5604799.532,1733,,548100,0,,0,1,,Null,2019/2020,ALBERT STREET,WILLOWPARK ROAD NORTH,,Non-Injury Crash,No,2019,,North,,0,,Flat,,,,,,Bright sun,1499700,0,0,0,2,,,0,,,,,,Hawke's Bay Region,Nil,2-way,Sealed,,0,0,,50,,Off,0,0,,30,Hastings District,Give way,,,,,0,0,Urban,1,,,Fine,Null
1802089,5816824,1734,,530000,0,,0,3,,Null,2006/2007,PEACHGROVE ROAD,ENDERLEY AVENUE,,Non-Injury Crash,No,2006,,North,,0,,Flat,,,,,,Bright sun,865904,0,0,0,2,,,0,,,,,,Waikato Region,Nil,2-way,Sealed,,0,0,,50,,Null,0,0,,16,Hamilton City,Nil,,,,,0,0,Urban,0,,,Fine,Null
1755520,5928326,1735,,507900,0,,0,1,,East,2015/2016,ARCHERS ROAD,POLAND ROAD,,Non-Injury Crash,No,2015,,West,,0,,Flat,,Labour Weekend,,,,Overcast,305100,0,0,0,3,,,0,,,,,,Auckland Region,Nil,2-way,Sealed,,0,0,,50,,Null,1,0,,76,Auckland,Traffic Signals,,,,,0,0,Urban,0,,,Fine,Null
1458282,5084657,1736,,598900,0,,0,2,,Null,2009/2010,PAGES ROAD,USK ST,,Minor Crash,No,2009,,West,,0,,Flat,,,,,,Overcast,2784700,1,0,0,2,,,0,,,,,,Canterbury Region,Nil,2-way,Sealed,,0,0,,50,,Null,0,0,,64,Timaru District,Stop,,,,,0,0,Urban,0,,,Fine,Null
1672379.45,5646524.555,1737,,553301,0,0,0,0,1,East,2020/2021,MID KAHUI ROAD,HAMUERA ROAD,,Minor Crash,No,2020,1,East,0,0,1,Flat,0,,0,,0,Overcast,1627400,1,0,1,2,0,0,0,0,0,,0,0,Taranaki Region,Nil,2-way,Sealed,0,0,0,0,100,0,None,0,0,,35,South Taranaki District,Nil,0,0,0,0,0,0,Open,0,0,0,Fine,Null
1751642,5916883,1738,,514900,0,,0,2,,North,2003/2004,GREAT NORTH ROAD,FIR ST,,Non-Injury Crash,No,2003,,North,,0,,Flat,,Labour Weekend,,,,Dark,384400,0,0,0,3,,,0,,,,,,Auckland Region,Nil,2-way,Sealed,,0,0,,50,,On,0,0,,76,Auckland,Nil,,,,,0,0,Urban,0,,,Light rain,Null
1751675,5917132,1739,,514900,0,0,0,1,0,West,2015/2016,ALFORD ST,GREAT NORTH ROAD,,Non-Injury Crash,No,2016,0,West,0,0,0,Flat,0,,0,,0,Bright sun,384200,0,0,0,2,0,0,0,0,1,,0,0,Auckland Region,Nil,2-way,Sealed,0,0,0,0,50,0,Null,0,0,,76,Auckland,Unknown,0,0,0,0,1,0,Urban,0,0,0,Null,Null
1822271,5528526,1740,,563101,0,0,0,1,0,East,2011/2012,HUNTINGTON LANE,FITZHERBERT AVENUE,,Non-Injury Crash,No,2011,0,East,0,0,1,Flat,0,,1,,0,Twilight,1810900,0,0,0,2,0,0,0,0,0,,0,0,Manawatu-Wanganui Region,Nil,2-way,Sealed,0,0,0,0,50,0,On,0,0,,40,Palmerston North City,Nil,0,0,0,0,0,0,Urban,0,0,0,Fine,Null
1767937,5443127,1741,,564510,0,,0,2,,Null,2015/2016,EASTERN HUTT ROAD,FERGUSSON DRIVE,,Non-Injury Crash,No,2016,,North,,0,,Flat,,,,,,Dark,1902900,0,0,0,1,,,0,,,,,,Wellington Region,Nil,1-way,Sealed,,0,0,,50,,On,0,0,,45,Upper Hutt City,Give way,,,,,0,0,Urban,0,,,Fine,Null
1767587,5904632,1742,,524604,0,,0,1,,Null,2008/2009,GREAT SOUTH ROAD,BAKERFIELD PLACE,,Serious Crash,No,2009,,North,,0,,Flat,,,,,,Bright sun,780302,0,0,1,4,,,0,,,,,,Auckland Region,Nil,2-way,Sealed,,0,1,,70,,Off,0,0,,76,Auckland,Traffic Signals,,,,,0,0,Urban,0,,,Fine,Null
1888426,5821523,1743,,536517,0,0,0,1,0,South,2016/2017,SH 2,KAIRUA OFF NBD,,Non-Injury Crash,Yes,2016,0,North,0,0,0,Flat,1,,0,,0,Bright sun,1205060,0,0,0,2,0,0,0,0,0,,0,0,Bay of Plenty Region,Nil,1-way,Sealed,0,0,0,0,100,0,Null,0,0,,23,Tauranga City,Unknown,0,0,0,0,0,0,Open,0,0,0,Fine,Null
1624374,5429342,1744,,582900,1,0,0,0,0,South,2017/2018,BROOK ST,HILLSIDE LANE,,Serious Crash,No,2018,0,South,0,0,0,Flat,0,,0,,0,Bright sun,2324200,0,0,0,1,0,0,0,0,1,,0,0,Nelson Region,Nil,1-way,Sealed,0,0,1,0,50,0,Null,1,0,,52,Nelson City,Unknown,0,0,0,0,0,0,Urban,0,0,0,Fine,Null
1756774,5915718,1745,,518301,1,,0,1,,North,2015/2016,MOUNT EDEN ROAD,WAIRIKI ROAD,,Minor Crash,No,2015,,South,,0,,Hill Road,,,,,,Bright sun,556600,1,0,0,2,,,0,,,,,,Auckland Region,Nil,2-way,Sealed,,0,0,,50,,Null,0,0,,76,Auckland,Nil,,,,,0,0,Urban,0,,,Fine,Null
1685666,6103510,1746,,500900,0,0,0,1,1,East,2008/2009,WAIPAPA ROAD,RAINBOW FALLS ROAD,,Non-Injury Crash,No,2009,0,East,1,0,0,Flat,0,,0,,0,Dark,44505,0,0,0,2,0,0,0,0,0,,0,0,Northland Region,Nil,2-way,Sealed,0,0,0,0,80,0,None,0,0,,1,Far North District,Nil,0,0,0,1,0,0,Open,0,0,0,Mist or Fog,Null
1767672,5907805,1747,,523502,0,0,0,1,0,Null,2001/2002,HILLS ROAD,GRUNDY PLACE,,Non-Injury Crash,No,2001,0,South,0,0,1,Flat,0,,0,,0,Dark,704000,0,0,0,2,0,0,0,0,0,,0,0,Auckland Region,Nil,2-way,Sealed,0,0,0,0,50,0,On,0,0,,76,Auckland,Give way,0,0,0,0,0,0,Urban,0,0,0,Fine,Null
1718868,6047252,1748,,502600,0,,0,1,,Null,2003/2004,SH 1N,KOHATU ROAD,,Fatal Crash,Yes,2003,,South,,1,,Hill Road,,,,,,Bright sun,95402,0,0,1,3,,,0,,,,,,Northland Region,Nil,2-way,Sealed,,0,0,,50,,Off,0,0,,2,Whangarei District,Nil,,,,,0,0,Urban,0,,,Fine,Null
1570752,5181272,1749,,591700,0,,0,1,,Null,2015/2016,BEALEY AVENUE,SHERBORNE ST,,Non-Injury Crash,No,2016,,West,,0,,Flat,,,,,,Overcast,2654400,0,0,0,4,,,0,,,,,,Canterbury Region,Nil,2-way,Sealed,,0,0,,50,,Null,0,0,,60,Christchurch City,Traffic Signals,,,,,0,0,Urban,1,,,Light rain,Null
1242579,4849794,1750,,611210,0,,0,1,,West,2005/2006,DON ST,KELVIN ST,,Non-Injury Crash,No,2005,,West,,0,,Flat,,,,,,Overcast,3108000,0,0,0,1,,,0,,,,,,Southland Region,Nil,1-way,Sealed,,0,0,,50,,Null,0,0,,75,Invercargill City,Unknown,,,,,0,0,Urban,1,,,Fine,Null
1874809,5807834,1751,,536630,0,0,0,1,1,South,2005/2006,SH 36,WILLIAMS ROAD,,Minor Crash,Yes,2006,0,North,0,0,0,Hill Road,0,,0,,0,Dark,1192604,1,0,0,2,0,0,0,0,0,,0,0,Bay of Plenty Region,Nil,2-way,Sealed,0,0,0,0,100,0,None,0,0,,22,Western Bay of Plenty District,Unknown,0,0,0,0,0,0,Open,0,0,0,Fine,Null
1458575,5082598,1752,,599400,0,,0,2,,Null,1999/2000,OTIPUA ROAD,CHURCH ST,,Non-Injury Crash,No,2000,,South,,0,,Flat,,,,,,Bright sun,2788900,0,0,0,2,,,0,,,,,,Canterbury Region,Nil,2-way,Sealed,,0,0,,50,,Null,0,0,,64,Timaru District,Stop,,,,,0,0,Urban,0,,,Fine,Null
1719636,6045733,1753,,503100,0,,0,2,,South,2008/2009,ROBERT ST,JOHN ST,,Non-Injury Crash,No,2009,,South,,0,,Flat,,,,,,Overcast,99902,0,0,0,2,,,0,,,,,,Northland Region,Nil,2-way,Sealed,,0,0,,50,,Null,0,0,,2,Whangarei District,Give way,,,,,0,0,Urban,0,,,Heavy rain,Null
1928468,5603424,1754,,545762,0,0,0,1,0,West,2006/2007,TOLLEMACHE ROAD EAST,RIVERSLEA ROAD SOUTH,,Serious Crash,No,2006,0,East,1,0,0,Flat,0,,0,,0,Dark,1468200,2,0,0,2,0,0,0,0,0,,0,0,Hawke's Bay Region,Nil,2-way,Sealed,0,0,1,0,100,0,None,0,0,,30,Hastings District,Nil,0,0,0,0,0,0,Open,0,0,0,Fine,Null
1753801,5927930,1755,,508310,0,,0,1,,South,2016/2017,215 M E GLENFIELD ROAD,BENTLEY AVENUE,,Minor Crash,No,2016,,West,,0,,Flat,,,,,,Overcast,200000,1,0,0,1,,,0,,,1,,,Auckland Region,Nil,1-way,Sealed,,0,0,,10,,Null,0,0,,76,Auckland,Unknown,,,,,0,0,Urban,0,,,Fine,Null
1718161,5610908,1756,,554400,0,,0,0,,South,2002/2003,SH 3,INGAHAPE ROAD,,Non-Injury Crash,Yes,2002,,South,,0,,Hill Road,,,,,,Bright sun,1664700,0,0,0,2,,,0,,,,,,Taranaki Region,Nil,2-way,Sealed,,0,0,,100,,Null,0,0,,35,South Taranaki District,Nil,,,,,1,0,Open,0,,,Fine,Null
1757947,5918026,1757,,515700,0,,0,2,,Null,2001/2002,SH 1N,GILLIES ON NBD,,Non-Injury Crash,Yes,2001,,North,,0,,Hill Road,,,,,,Overcast,443700,0,0,0,4,,,0,,,,,,Auckland Region,Nil,1-way,Sealed,,0,0,,100,,Off,0,0,,76,Auckland,Nil,,,,,0,0,Open,0,,,Light rain,Null
1789715,5840095,1758,,527401,0,,0,0,,South,2005/2006,ROTOWARO ROAD,SMITH AVENUE,,Minor Crash,No,2006,,West,,0,,Flat,,,,,,Bright sun,945600,1,0,0,2,,,0,,,1,,,Waikato Region,Nil,2-way,Sealed,,0,0,,50,,Null,1,0,,13,Waikato District,Unknown,,,,,0,0,Urban,0,,,Fine,Null
1762030,5906022,1759,,524200,0,0,0,1,0,West,2016/2017,TIDAL ROAD,WAOKAURI PLACE,,Non-Injury Crash,No,2016,0,West,0,0,1,Hill Road,0,,0,,0,Dark,728900,0,0,0,2,0,0,0,0,0,,0,0,Auckland Region,Nil,2-way,Sealed,0,0,0,0,50,0,On,0,0,,76,Auckland,Unknown,0,0,0,0,0,0,Urban,0,0,0,Fine,Null
1747374,5911086,1760,,511901,0,0,0,2,0,South,2000/2001,ATKINSON ROAD,WOODFERN CRESCENT S,,Serious Crash,No,2000,0,North,0,0,0,Hill Road,0,,0,,0,Dark,295002,1,0,0,2,0,0,0,0,0,,0,1,Auckland Region,Nil,2-way,Sealed,0,0,1,0,50,0,On,0,0,,76,Auckland,Nil,0,0,0,0,0,0,Urban,0,0,0,Light rain,Null
1406079,4914390,1761,,604410,0,,0,1,,Null,1999/2000,MACANDREW ROAD,GLASGOW ST,,Non-Injury Crash,No,2000,,East,,0,,Flat,,,,,,Twilight,2932300,0,0,0,2,,,0,,,,,,Otago Region,Nil,2-way,Sealed,,0,0,,50,,Off,0,0,,71,Dunedin City,Give way,,,,,0,0,Urban,1,,,Light rain,Null
1573673,5181210,1762,,593400,0,0,0,1,0,Null,2006/2007,NGARIMU ST,AVONSIDE DRIVE,,Minor Crash,No,2007,0,East,0,0,1,Flat,0,,1,,0,Dark,2614900,1,0,0,2,0,0,0,0,0,,0,0,Canterbury Region,Nil,2-way,Sealed,0,0,0,0,50,0,On,0,0,,60,Christchurch City,Nil,0,0,0,0,0,0,Urban,0,0,0,Fine,Null
1732695,5948144,1763,70,506646,0,0,0,1,0,West,2004/2005,SH 16,KANOHI ROAD,,Non-Injury Crash,Yes,2005,0,South,1,0,0,Hill Road,0,,0,,0,Bright sun,212407,0,0,0,2,0,0,0,0,0,,0,0,Auckland Region,Nil,2-way,Sealed,0,0,0,0,100,0,None,0,0,,76,Auckland,Nil,0,0,0,0,0,0,Open,0,0,0,Fine,Null
1766020,5811858,1764,,526602,0,0,0,1,0,South,2017/2018,MAUNGATAWHIRI ROAD,SH 23,,Non-Injury Crash,No,2017,0,North,0,0,1,Flat,0,Christmas New Year,0,,0,Dark,861202,0,0,0,2,0,0,0,0,0,,0,0,Waikato Region,Nil,2-way,Sealed,0,0,0,0,100,0,None,0,0,,13,Waikato District,Unknown,0,0,0,0,0,0,Open,0,0,0,Fine,Null
1754320,5928011,1765,,508310,0,,0,2,,North,2014/2015,CHARTWELL AVENUE,BENTLEY AVENUE,,Non-Injury Crash,No,2015,,South,,0,,Flat,,,,,,Overcast,200600,0,0,0,2,,,0,,,,,,Auckland Region,Nil,2-way,Sealed,,0,0,,50,,Off,0,0,,76,Auckland,Nil,,,,,0,0,Urban,0,,,Fine,Null
1755033,5912263,1766,,519002,0,0,0,2,0,South,2012/2013,RICHARDSON ROAD,GLASS ROAD,,Non-Injury Crash,No,2013,0,West,0,0,0,Hill Road,0,,0,,0,Dark,591000,0,0,0,2,0,0,0,0,1,,0,0,Auckland Region,Nil,2-way,Sealed,0,0,0,0,50,0,On,0,0,,76,Auckland,Nil,0,0,0,0,0,0,Urban,0,0,0,Light rain,Null
1750202,5914272,1767,,511303,0,,0,2,,South,2006/2007,GREAT NORTH ROAD,VERONICA ST,,Non-Injury Crash,No,2006,,South,,0,,Flat,,,,,,Bright sun,266100,0,0,0,4,,,0,,,,,,Auckland Region,Nil,2-way,Sealed,,0,0,,50,,Null,0,0,,76,Auckland,Unknown,,,,,0,0,Urban,0,,,Fine,Null
2035838,5709025,1768,,544600,1,,0,1,,Null,2001/2002,STANLEY ROAD,CHILDERS ROAD,,Minor Crash,No,2002,,North,,0,,Flat,,,,,,Bright sun,1369600,1,0,0,2,,,0,,,,,,Gisborne Region,Nil,2-way,Sealed,,0,0,,50,,Null,0,0,,28,Gisborne District,Give way,,,,,0,0,Urban,0,,,Fine,Null
1743253,5922658,1769,,513512,0,,0,2,,East,2013/2014,ROYAL ROAD,DON BUCK ROAD,,Non-Injury Crash,No,2014,,East,,0,,Flat,,,,,,Bright sun,224900,0,0,0,2,,,0,,,,,,Auckland Region,Nil,2-way,Sealed,,0,0,,50,,Null,0,0,,76,Auckland,Nil,,,,,0,0,Urban,0,,,Fine,Null
1801626,5814867,1770,,529700,0,,0,2,,Null,2016/2017,BRIDGE ST,VICTORIA BR,,Non-Injury Crash,No,2016,,East,,0,,Flat,,,,,,Overcast,912000,0,0,0,2,,,0,,,,,,Waikato Region,Bridge,2-way,Sealed,,0,0,,50,,Null,0,0,,16,Hamilton City,Unknown,,,,,0,0,Urban,0,,,Fine,Null
1751134,5915631,1771,,514401,0,0,0,2,0,South,2003/2004,GREAT NORTH ROAD,WALSALL ST,,Non-Injury Crash,No,2003,0,South,0,0,0,Flat,0,Labour Weekend,0,,0,Dark,382200,0,0,0,2,0,0,0,0,2,,0,0,Auckland Region,Nil,2-way,Sealed,0,0,0,0,50,0,On,0,0,,76,Auckland,Nil,0,0,0,0,0,0,Urban,1,0,0,Fine,Null
1823270,5538036,1772,,560301,0,0,0,1,0,North,2012/2013,CAMPBELL ROAD,DIXONS LINE,,Minor Crash,No,2013,0,North,0,0,1,Flat,0,,0,,0,Twilight,1760101,1,0,0,2,0,0,0,0,0,,0,1,Manawatu-Wanganui Region,Nil,2-way,Sealed,0,0,0,0,100,0,None,0,0,,40,Palmerston North City,Nil,0,0,0,0,0,0,Open,0,0,0,Fine,Null
1935293,5652817,1773,55,545911,0,0,0,1,0,South,2003/2004,SH 2,MATAHORUA ROAD S,,Minor Crash,Yes,2003,0,North,0,0,0,Flat,0,,0,,0,Dark,1415200,1,0,0,2,0,0,0,1,0,,0,0,Hawke's Bay Region,Nil,2-way,Sealed,0,0,0,0,100,0,None,0,0,,30,Hastings District,Nil,0,0,0,0,0,0,Open,0,0,0,Fine,Null
1952571,5668684,1774,,545301,0,0,0,1,1,West,2018/2019,SH 2,MOHAKA COACH ROAD,,Minor Crash,Yes,2018,0,East,0,0,0,Flat,0,Christmas New Year,0,,0,Overcast,1393000,1,0,0,2,0,0,0,0,0,,0,0,Hawke's Bay Region,Nil,2-way,Sealed,0,0,0,0,100,0,Null,0,0,,29,Wairoa District,Unknown,0,0,0,0,0,0,Open,0,0,0,Fine,Null
1739163,5920037,1775,,513702,0,0,0,1,1,East,2018/2019,MCENTEE ROAD,AMREINS ROAD,,Minor Crash,No,2018,0,West,0,0,0,Hill Road,0,,0,,0,Overcast,230100,1,0,0,2,0,0,0,0,0,,0,0,Auckland Region,Nil,2-way,Sealed,0,0,0,0,80,0,On,0,0,,76,Auckland,Unknown,0,0,0,0,0,0,Open,0,0,0,Fine,Strong wind
1246643,4846274,1776,,611900,0,,0,1,,Null,2012/2013,GORGE ROAD-INVERCARGILL H,ROCKDALE ROAD,,Minor Crash,No,2012,,North,,0,,Flat,,,,,,Overcast,3154000,1,0,0,2,,,0,,,,,,Southland Region,Nil,2-way,Sealed,,0,0,,100,,Null,0,0,,75,Invercargill City,Stop,,,,,0,0,Open,1,,,Fine,Null
1751774,5917934,1777,,515001,0,,0,2,,West,2013/2014,SH 16,GT NORTH OBR,,Non-Injury Crash,Yes,2014,,East,,0,,Flat,,,,,,Bright sun,392200,0,0,0,3,,,0,,,,,,Auckland Region,Nil,1-way,Sealed,,0,0,,100,,Off,0,0,,76,Auckland,Nil,,,,,0,0,Open,0,,,Fine,Null
1789628,5826821,1778,,528200,0,,0,0,,North,2009/2010,NGARUAWAHIA ROAD,SAULBREY ROAD,,Non-Injury Crash,No,2009,,North,,0,,Hill Road,,,,,,Overcast,976101,0,0,0,2,,,0,,,,,,Waikato Region,Nil,2-way,Sealed,,0,0,,100,,Off,1,0,,13,Waikato District,Nil,,,,,1,0,Open,0,,,Fine,Null
1754536,5915668,1779,,517702,0,,0,2,,Null,2008/2009,DUNCAN AVENUE,HAVERSTOCK ROAD,,Non-Injury Crash,No,2008,,North,,0,,Flat,,,,,,Dark,541000,0,0,0,2,,,0,,,,,,Auckland Region,Nil,2-way,Sealed,,0,0,,50,,On,0,1,,76,Auckland,Stop,,,,,0,0,Urban,0,,,Fine,Null
1756348,5927270,1780,,507900,0,,0,2,,North,2001/2002,SH 1N,NORTHCOTE OBR,,Non-Injury Crash,Yes,2001,,North,,0,,Flat,,,,,,Bright sun,305201,0,0,0,3,,,0,,,,,,Auckland Region,Nil,1-way,Sealed,,0,0,,100,,Off,0,0,,76,Auckland,Nil,,,,,0,0,Open,0,,,Fine,Null
1756817,5919254,1781,,514200,0,,0,2,,Null,2002/2003,SH 1N,16 LINK 1,,Non-Injury Crash,Yes,2002,,East,,0,,Flat,,,,,,Overcast,412900,0,0,0,3,,,0,,,,,,Auckland Region,Nil,1-way,Sealed,,0,0,,100,,On,0,0,,76,Auckland,Nil,,,,,0,0,Open,0,,,Fine,Strong wind
1769910,5899366,1782,,523911,0,,0,1,,Null,2008/2009,GREAT SOUTH ROAD,SPARTAN ROAD,,Non-Injury Crash,No,2008,,South,,0,,Flat,,,,,,Overcast,766500,0,0,0,2,,,0,,,,,,Auckland Region,Nil,2-way,Sealed,,0,0,,70,,Off,0,0,,76,Auckland,Stop,,,,,0,0,Urban,1,,,Light rain,Null
1799817,5811916,1783,,529200,0,,0,1,,North,2015/2016,LILAC ST,BREMRIDGE PLACE,,Minor Crash,No,2015,,South,,0,,Flat,,,,,,Bright sun,927902,1,0,0,2,,,0,,,1,,,Waikato Region,Nil,2-way,Sealed,,0,0,,50,,Null,0,0,,16,Hamilton City,Unknown,,,,,0,0,Urban,0,,,Fine,Null
1582757,5256065,1784,,585506,0,,0,1,,East,2015/2016,SH 7,MCRAES ROAD,,Non-Injury Crash,Yes,2016,,South,,0,,Flat,,,,,,Dark,2430500,0,0,0,2,,,0,,,,,,Canterbury Region,Nil,2-way,Sealed,,0,0,,100,,None,0,0,,58,Hurunui District,Unknown,,,,,1,0,Open,0,,,Fine,Null
1833357,5637268,1785,,554900,0,0,0,1,0,North,2003/2004,SH 1N,ACCESS ROAD NO 17,,Non-Injury Crash,Yes,2004,0,South,0,0,0,Flat,0,,0,,0,Dark,1673301,0,0,0,2,0,0,0,0,0,,0,0,Manawatu-Wanganui Region,Nil,2-way,Sealed,0,0,0,0,100,0,None,0,0,,36,Ruapehu District,Nil,0,0,0,0,1,0,Open,0,1,0,Fine,Null
1243504,4849971,1786,,611210,1,,0,1,,South,2015/2016,QUEENS DRIVE,YARROW ST,,Non-Injury Crash,No,2016,,South,,0,,Flat,,,,,,Overcast,3107400,0,0,0,4,,,0,,,,,,Southland Region,Nil,2-way,Sealed,,0,0,,50,,Null,0,0,,75,Invercargill City,Nil,,,,,0,0,Urban,0,,,Light rain,Null
1822183.57,5529503.791,1787,,562800,0,0,0,1,0,Null,2020/2021,PRINCESS STREET,CHURCH STREET,,Non-Injury Crash,No,2020,0,East,0,0,0,Flat,0,,0,,1,Bright sun,1829800,0,0,0,4,0,0,0,0,0,,0,0,Manawatu-Wanganui Region,Nil,2-way,Sealed,0,0,0,0,50,0,Off,0,0,,40,Palmerston North City,Traffic Signals,0,1,0,0,0,0,Urban,0,0,0,Fine,Null
1462117,5324161,1788,,584931,0,0,0,0,0,South,2017/2018,SH 6,PROSPECTOR PLACE,,Minor Crash,Yes,2017,0,South,1,0,0,Flat,0,,0,,0,Dark,2401900,1,0,0,2,0,0,0,0,0,,0,0,West Coast Region,Nil,2-way,Sealed,0,0,0,0,100,0,None,0,0,,56,Grey District,Unknown,0,0,0,0,0,0,Open,1,0,0,Fine,Null
1744893,5921153,1789,,513632,0,,0,3,,Null,2009/2010,TRIANGLE ROAD,WAIMUMU ROAD,,Non-Injury Crash,No,2009,,North,,0,,Hill Road,,,,,,Dark,228702,0,0,0,3,,,0,,,,,,Auckland Region,Nil,2-way,Sealed,,0,0,,50,,On,0,0,,76,Auckland,Give way,,,,,0,0,Urban,0,,,Fine,Null
1773381,5577642,1790,,556300,0,0,0,2,0,Null,2003/2004,SH 3,PURNELL ST,,Non-Injury Crash,Yes,2003,0,South,0,0,0,Flat,0,Christmas New Year,0,,0,Bright sun,1723300,0,0,0,2,0,0,0,0,0,,0,0,Manawatu-Wanganui Region,Nil,2-way,Sealed,0,0,0,0,50,0,Null,0,0,,37,Whanganui District,Give way,0,1,0,0,0,0,Urban,0,0,0,Fine,Null
1718345,6042888,1791,,503800,0,,0,1,,Null,2009/2010,SH 1N,TAUROA ST,,Minor Crash,Yes,2009,,East,,0,,Flat,,,,,,Overcast,107905,2,0,0,2,,,0,,,,,,Northland Region,Nil,2-way,Sealed,,0,0,,50,,Off,1,0,,2,Whangarei District,Stop,,,,,0,0,Urban,0,,,Light rain,Null
1763169,5886338,1792,,521122,0,,0,1,,Null,2002/2003,GLENBROOK ROAD,BATTY ROAD,,Non-Injury Crash,No,2003,,West,,0,,Hill Road,,Easter,,,,Bright sun,809900,0,0,0,2,,,0,,,,,,Auckland Region,Nil,2-way,Sealed,,0,0,,100,,None,0,0,,76,Auckland,Nil,,,,,1,0,Open,0,,,Fine,Null
1782719,5869667,1793,,527221,0,0,0,1,0,North,2004/2005,SH 1N,ISLAND BLOCK ROAD,,Non-Injury Crash,Yes,2005,0,South,1,0,0,Flat,0,,0,,0,Overcast,934700,0,0,0,2,0,0,0,0,0,,0,0,Waikato Region,Nil,2-way,Sealed,0,0,0,0,80,0,None,0,0,,13,Waikato District,Nil,0,0,0,0,0,0,Open,0,0,0,Heavy rain,Null
1981933.783,5669725.534,1794,,545500,0,,0,2,,West,2018/2019,002-0533,KITCHENER STREET,,Non-Injury Crash,Yes,2019,,North,,0,,Flat,,,,,,Bright sun,1388800,0,0,0,2,,,0,,,,,,Hawke's Bay Region,Nil,2-way,Sealed,,0,0,,80,,None,0,0,,29,Wairoa District,Unknown,,,,,0,0,Open,0,,,Fine,Null