X,Y,OBJECTID,advisorySpeed,areaUnitID,bicycle,bridge,bus,carStationWagon,cliffBank,crashDirectionDescription,crashFinancialYear,crashLocation1,crashLocation2,crashRoadSideRoad,crashSeverity,crashSHDescription,crashYear,debris,directionRoleDescription,ditch,fatalCount,fence,flatHill,guardRail,holiday,houseOrBuilding,intersection,kerb,light,meshblockId,minorInjuryCount,moped,motorcycle,NumberOfLanes,objectThrownOrDropped,otherObject,otherVehicleType,overBank,parkedVehicle,pedestrian,phoneBoxEtc,postOrPole,region,roadCharacter,roadLane,roadSurface,roadworks,schoolBus,seriousInjuryCount,slipOrFlood,speedLimit,strayAnimal,streetLight,suv,taxi,temporarySpeedLimit,tlaId,tlaName,trafficControl,trafficIsland,trafficSign,train,tree,truck,unknownVehicleType,urban,vanOrUtility,vehicle,waterRiver,weatherA,weatherB
1799348,5533220,1795,,561422,0,,0,1,,South,2006/2007,SH 1N,MILNER ROAD,,Non-Injury Crash,Yes,2007,,North,,0,,Flat,,,,,,Dark,1785800,0,0,0,2,,,0,,,,,,Manawatu-Wanganui Region,Nil,2-way,Sealed,,0,0,,100,,None,0,0,,39,Manawatu District,Nil,,,,,1,0,Open,0,,,Fine,Null
1560923,5178597,1796,,587400,0,,0,1,,Null,2002/2003,SH 1S MAIN SOUTH,SEYMOUR ST,,Serious Crash,Yes,2003,,North,,0,,Flat,,,,,,Twilight,2488201,0,0,0,2,,,0,,,1,,,Canterbury Region,Nil,2-way,Sealed,,0,1,,50,,On,0,0,,60,Christchurch City,Traffic Signals,,,,,0,0,Urban,0,,,Fine,Null
1719336,6045479,1797,,503100,0,,0,2,,Null,2013/2014,WALTON ST,BANK ST,,Non-Injury Crash,No,2013,,East,,0,,Flat,,,,,,Overcast,100400,0,0,0,2,,,0,,,,,,Northland Region,Nil,2-way,Sealed,,0,0,,50,,Off,0,0,,2,Whangarei District,Give way,,,,,0,0,Urban,0,,,Fine,Null
1760350,5885015,1798,,521121,0,0,0,2,0,Null,2011/2012,GLENBROOK ROAD,KINGSEAT ROAD,,Serious Crash,No,2012,0,North,0,0,0,Flat,0,,0,,0,Dark,811200,0,0,0,2,0,0,0,0,0,,0,0,Auckland Region,Nil,2-way,Sealed,0,0,1,0,100,0,On,1,0,,76,Auckland,Stop,0,1,0,0,0,0,Open,0,0,0,Heavy rain,Null
1243466,4850608,1799,,610800,0,0,0,2,0,Null,2014/2015,QUEENS DRIVE,ST ANDREW ST,,Minor Crash,No,2015,0,North,0,0,0,Flat,0,,0,,0,Dark,3117000,1,0,0,4,2,1,0,0,0,,0,0,Southland Region,Nil,2-way,Sealed,0,0,0,0,50,0,On,0,0,,75,Invercargill City,Traffic Signals,0,0,0,0,0,0,Urban,0,0,0,Fine,Null
1615141,5423774,1800,,584202,1,,0,1,,Null,2010/2011,Z FCT SHELL,GLADSTONE/OXFORD,,Minor Crash,No,2011,,South,,0,,Flat,,,,,,Bright sun,2364000,1,0,0,0,,,0,,,,,,Tasman Region,Nil,Off road,Sealed,,0,0,,50,,Null,0,0,,51,Tasman District,Nil,,,,,0,0,Urban,0,,,Fine,Null
1792943.29,5703255.055,1801,85,532700,0,0,0,1,1,South,2019/2020,004-0045,OKAHUKURA BRIDGE ROAD,,Minor Crash,Yes,2019,0,North,0,0,1,Flat,0,,0,,0,Dark,1042500,1,0,0,2,0,0,0,0,0,,0,0,Manawatu-Wanganui Region,Nil,2-way,Sealed,0,0,0,0,100,0,None,0,0,,36,Ruapehu District,Unknown,0,0,0,0,0,0,Open,0,0,0,Fine,Null
2063472,5790281,1802,,543301,0,0,0,0,0,North,2004/2005,SH 35,WHAREPONGA ROAD,,Non-Injury Crash,Yes,2004,0,South,0,0,0,Flat,0,,0,,0,Dark,1346900,0,0,0,2,0,0,0,0,0,,0,0,Gisborne Region,Nil,2-way,Sealed,0,0,0,0,100,0,None,0,0,,28,Gisborne District,Nil,0,0,0,0,1,0,Open,0,0,0,Mist or Fog,Null
1242665,4850041,1803,,611210,0,,0,2,,Null,2018/2019,KELVIN ST,YARROW ST,,Non-Injury Crash,No,2018,,South,,0,,Flat,,,,,,Overcast,3106800,0,0,0,2,,,0,,,,,,Southland Region,Nil,2-way,Sealed,,0,0,,50,,Null,0,0,,75,Invercargill City,Traffic Signals,,,,,0,0,Urban,0,,,Light rain,Null
1566732,5184844,1804,,588700,0,,0,2,,South,2006/2007,FARRINGTON AVENUE,HAREWOOD ROAD,,Minor Crash,No,2006,,North,,0,,Flat,,,,,,Bright sun,2523100,2,0,0,2,,,0,,,,,,Canterbury Region,Nil,2-way,Sealed,,0,0,,50,,Null,0,0,,60,Christchurch City,Nil,,,,,0,0,Urban,0,,,Fine,Null
1572933,5180290,1805,,593501,0,0,0,2,0,East,2013/2014,GLOUCESTER ST,TANCRED ST,,Minor Crash,No,2014,0,East,0,0,0,Flat,0,,0,,0,Dark,2610300,1,0,0,2,0,0,0,0,1,,0,0,Canterbury Region,Nil,2-way,Sealed,0,0,0,0,50,0,On,0,0,,60,Christchurch City,Unknown,0,0,0,0,0,0,Urban,0,0,0,Light rain,Null
1877632,5822882,1806,,537400,0,,0,1,,West,2008/2009,MCCORD AVENUE,BIRCH AVENUE,,Minor Crash,No,2009,,West,,0,,Flat,,,,,,Bright sun,1162600,1,1,0,2,,,0,,,,,,Bay of Plenty Region,Nil,2-way,Sealed,,0,0,,50,,Null,0,0,,23,Tauranga City,Give way,,,,,0,0,Urban,0,,,Fine,Null
1798079.918,5793878.534,1807,85,527922,0,0,0,1,0,West,2018/2019,PIRONGIA RD,RYAN ROAD,,Minor Crash,No,2019,0,West,0,0,1,Flat,0,,0,,0,Dark,982500,1,0,0,2,0,0,0,0,0,,0,0,Waikato Region,Nil,2-way,Sealed,0,0,0,0,100,0,None,0,0,,17,Waipa District,Unknown,0,1,0,0,0,0,Open,0,0,0,Fine,Null
1886807,5772576,1808,,538722,0,0,0,0,0,Null,2014/2015,SH 30,VAUGHAN ROAD,,Minor Crash,Yes,2014,0,East,0,0,0,Flat,0,,0,,0,Bright sun,1257600,1,0,1,2,0,0,0,0,0,,0,0,Bay of Plenty Region,Nil,2-way,Sealed,0,0,0,0,70,0,Null,0,0,,24,Rotorua District,Give way,1,0,0,0,0,0,Urban,0,0,0,Fine,Null
1932293,5602126,1809,,545721,0,,0,1,,North,2014/2015,HAVELOCK ROAD,KARANEMA DRIVE,,Non-Injury Crash,No,2014,,South,,0,,Flat,,,,,,Overcast,1473000,0,0,0,2,,,0,,,,,,Hawke's Bay Region,Nil,2-way,Sealed,,0,0,,70,,Off,0,0,,30,Hastings District,Nil,,,,,0,0,Urban,1,,,Light rain,Null
1770622,5437716,1810,,567902,0,0,0,1,0,North,2015/2016,WHITEMANS VALLEY ROAD,RUSSELLS ROAD,,Non-Injury Crash,No,2015,0,North,0,0,1,Flat,0,,0,,0,Dark,1901400,0,0,0,2,0,0,0,0,0,,0,0,Wellington Region,Nil,2-way,Sealed,0,0,0,0,100,0,None,0,0,,45,Upper Hutt City,Nil,0,0,0,0,0,0,Open,0,0,0,Fine,Null
1779862,5927107,1811,,520801,0,0,0,1,0,West,2004/2005,OCEAN VIEW ROAD,GOODWIN AVENUE,,Non-Injury Crash,No,2005,0,East,0,0,0,Hill Road,0,,0,,0,Dark,516202,0,0,0,2,0,0,0,1,0,,0,0,Auckland Region,Nil,2-way,Sealed,0,0,0,0,50,0,On,0,0,,76,Auckland,Nil,0,0,0,1,0,0,Urban,0,0,0,Light rain,Null
1626083,5433385,1812,,582100,0,0,0,1,0,North,1999/2000,SH 6,MALVERN AVENUE,,Non-Injury Crash,Yes,2000,0,North,0,0,0,Flat,0,,0,,0,Dark,2316700,0,0,0,3,0,0,0,1,0,,0,0,Nelson Region,Nil,2-way,Sealed,0,0,0,0,100,0,On,0,0,,52,Nelson City,Nil,0,0,0,0,0,0,Open,0,0,0,Fine,Null
1527953,5184441,1813,,586900,0,0,0,1,0,Null,2013/2014,SH 73,MCMILLAN ST,,Non-Injury Crash,Yes,2013,0,West,0,0,0,Flat,1,,0,,0,Overcast,2469700,0,0,0,2,0,0,0,0,0,,0,0,Canterbury Region,Nil,2-way,Sealed,0,0,0,0,50,0,Null,0,0,,62,Selwyn District,Stop,1,0,0,0,0,0,Urban,0,0,0,Fine,Null
1760259.559,5916937.247,1814,,516102,0,,0,2,,North,2018/2019,VICTORIA AVENUE,REMUERA ROAD,,Non-Injury Crash,No,2018,,North,,0,,Flat,,,,,,Bright sun,485200,0,0,0,2,,,0,,,,,,Auckland Region,Nil,2-way,Sealed,,0,0,,50,,Off,0,0,,76,Auckland,Nil,,,,,0,0,Urban,0,,,Fine,Null
1562366,5172545,1815,45,587849,0,0,0,1,0,South,2006/2007,ELLESMERE ROAD,TOSSWILL ROAD,,Non-Injury Crash,No,2007,0,North,0,0,1,Flat,0,,0,,0,Overcast,2501000,0,0,0,2,0,0,0,0,0,,0,0,Canterbury Region,Nil,2-way,Sealed,0,0,0,0,100,0,Null,0,0,,62,Selwyn District,Unknown,0,0,0,0,0,0,Open,0,0,0,Fine,Null
1555788,5199288,1816,,586605,0,0,0,1,0,West,2002/2003,TRAM ROAD,TWO CHAIN ROAD,,Minor Crash,No,2003,0,West,0,0,1,Flat,0,,0,,0,Twilight,2457401,1,0,0,2,0,0,0,0,0,,0,0,Canterbury Region,Nil,2-way,Sealed,0,0,0,0,100,0,None,0,0,,59,Waimakariri District,Unknown,0,0,0,0,0,0,Open,0,0,0,Fine,Null
1764576,5440813,1817,,569500,0,0,0,1,1,South,2000/2001,SH 2,HAYWARDS OFF NBD,,Non-Injury Crash,Yes,2000,0,North,0,0,0,Flat,0,,0,,0,Dark,1917302,0,0,0,4,0,0,0,0,0,,0,0,Wellington Region,Nil,2-way,Sealed,0,0,0,0,100,0,None,0,0,,46,Lower Hutt City,Nil,0,0,0,0,0,0,Open,0,0,0,Light rain,Null
1775917,5885307,1818,,521132,0,0,0,0,0,South,2014/2015,SH 1N,ARARIMU OBR,,Non-Injury Crash,Yes,2014,0,North,0,0,0,Hill Road,1,,0,,0,Overcast,814100,0,0,0,2,0,0,0,0,0,,0,0,Auckland Region,Nil,1-way,Sealed,0,0,0,0,100,0,Off,0,0,,76,Auckland,Nil,0,0,0,0,0,0,Open,1,0,0,Light rain,Null
1763448,5909593,1819,,521901,0,,0,1,,South,2005/2006,MARJORIE JAYNE CRESCENT,STATION ROAD,,Non-Injury Crash,No,2006,,South,,0,,Flat,,,,,,Bright sun,782900,0,0,0,2,,,0,,,,,,Auckland Region,Nil,2-way,Sealed,,0,0,,50,,Null,0,0,,76,Auckland,Unknown,,,,,0,0,Urban,1,,,Fine,Null
1767408,5905965,1820,,522302,0,,0,4,,North,2004/2005,SH 1N,REAGAN OBR,,Non-Injury Crash,Yes,2004,,North,,0,,Flat,,,,,,Overcast,670901,0,0,0,3,,,0,,,,,,Auckland Region,Nil,1-way,Sealed,,0,0,,100,,Off,0,0,,76,Auckland,Nil,,,,,0,0,Open,2,,,Fine,Null
1762156,5908034,1821,,524530,0,,0,2,,South,2002/2003,WICKMAN WAY,TENNESSEE AVENUE,,Minor Crash,No,2003,,North,,0,,Flat,,,,,,Twilight,734202,1,0,0,2,,,0,,,,,,Auckland Region,Nil,2-way,Sealed,,0,0,,50,,On,0,0,,76,Auckland,Nil,,,,,0,0,Urban,1,,,Fine,Null
1760359,5917771,1822,,516202,0,,0,2,,Null,2002/2003,VICTORIA AVENUE,COMBES ROAD,,Non-Injury Crash,No,2003,,South,,0,,Flat,,,,,,Bright sun,490000,0,0,0,3,,,0,,,,,,Auckland Region,Nil,2-way,Sealed,,0,0,,50,,Off,0,0,,76,Auckland,Give way,,,,,0,0,Urban,0,,,Fine,Null
1770928,5914323,1823,,523101,0,,0,2,,Null,2011/2012,BRADBURY ROAD,BOTANY ROAD,,Non-Injury Crash,No,2012,,North,,0,,Flat,,,,,,Dark,647605,0,0,0,2,,,0,,,,,,Auckland Region,Nil,2-way,Sealed,,0,0,,50,,On,0,0,,76,Auckland,Give way,,,,,0,0,Urban,0,,,Fine,Null
1757884,5918507,1824,,517400,0,0,0,0,0,East,2015/2016,KHYBER PASS ROAD,PARK ROAD,,Non-Injury Crash,No,2015,0,East,0,0,0,Hill Road,0,,0,,0,Dark,450100,0,0,0,4,0,0,0,0,0,,0,1,Auckland Region,Nil,2-way,Sealed,0,0,0,0,50,0,On,0,0,,76,Auckland,Unknown,0,1,0,0,1,0,Urban,0,0,0,Fine,Null
1781542,5878852,1825,,521135,0,,0,2,,Null,2001/2002,SH 2,MCPHERSON ROAD,,Non-Injury Crash,Yes,2002,,West,,0,,Flat,,,,,,Unknown,842000,0,0,0,2,,,0,,,,,,Waikato Region,Nil,2-way,Sealed,,0,0,,100,,On,0,0,,13,Waikato District,Nil,,,,,0,0,Open,0,,,Fine,Null
1767596,5904603,1826,,524604,0,0,0,1,0,South,2000/2001,GREAT SOUTH ROAD,BAKERFIELD PLACE,,Fatal Crash,No,2000,0,South,0,1,0,Flat,0,,0,,0,Dark,780302,2,0,0,4,0,0,0,0,0,3,0,1,Auckland Region,Nil,2-way,Sealed,0,0,0,0,70,0,On,0,0,,76,Auckland,Traffic Signals,1,1,0,0,0,0,Urban,0,0,0,Fine,Null
1634672.953,5442972.855,1827,,581812,0,0,0,1,1,North,2018/2019,CABLE BAY ROAD,HOLLYMAN ROAD,,Minor Crash,No,2019,0,West,0,0,0,Hill Road,0,,0,,0,Dark,2360700,1,0,0,2,0,0,0,0,0,,0,0,Nelson Region,Bridge,2-way,Sealed,0,0,0,0,100,0,None,0,0,,52,Nelson City,Unknown,0,0,0,0,0,0,Open,0,0,0,Mist or Fog,Null
1761238,5916184,1828,,516003,0,,0,1,,Null,2009/2010,LADIES MILE,PEACH PARADE,,Minor Crash,No,2009,,North,,0,,Flat,,,,,,Overcast,496101,1,0,0,2,,,0,,,,,,Auckland Region,Nil,2-way,Sealed,,0,0,,50,,None,0,0,,76,Auckland,Traffic Signals,,,,,0,0,Urban,1,,,Fine,Null
1406760,4916766,1829,,602800,0,0,0,0,0,Null,2007/2008,THOMAS BURNS ST,MASON ST,,Non-Injury Crash,No,2007,0,South,0,0,0,Flat,0,,0,,1,Overcast,2894700,0,0,0,1,0,0,0,0,0,,0,0,Otago Region,Nil,1-way,Sealed,0,0,0,0,60,0,Null,0,0,,71,Dunedin City,Give way,0,0,0,0,1,0,Urban,0,0,0,Light rain,Null
1744321.133,5923628.659,1830,,513521,0,0,0,1,0,South,2018/2019,OREIL AVE,Holmes Drive,,Non-Injury Crash,No,2019,0,East,0,0,1,Flat,0,,0,,0,Dark,224221,0,0,0,2,0,1,0,0,0,,0,0,Auckland Region,Nil,2-way,Sealed,0,0,0,0,50,0,On,0,0,,76,Auckland,Unknown,0,0,0,1,0,0,Urban,0,0,0,Fine,Null
1565352,5174087,1831,,587846,0,,0,1,,Null,2001/2002,SH 75 HALSWELL,SPARKS ROAD,,Non-Injury Crash,Yes,2002,,West,,0,,Flat,,,,,,Overcast,2484613,0,0,0,2,,,0,,,,,,Canterbury Region,Nil,2-way,Sealed,,0,0,,50,,Null,0,0,,60,Christchurch City,Stop,,,,,0,0,Urban,1,,,Heavy rain,Null
1498260,5140456,1832,,597811,0,,0,2,,Null,2000/2001,HARRISON ST,FARM ROAD,,Fatal Crash,No,2001,,South,,1,,Flat,,,,,,Overcast,2736200,0,0,0,2,,,0,,,,,,Canterbury Region,Nil,2-way,Sealed,,0,1,,50,,Null,0,0,,63,Ashburton District,Give way,,,,,0,0,Urban,0,,,Fine,Null
1759202,5915102,1833,,519300,0,,0,1,,Null,2001/2002,Z CPK CORNWALL PARK,OLIVE GROVE,,Non-Injury Crash,No,2001,,West,,0,,Flat,,,,,,Overcast,623300,0,0,0,1,,,0,,,1,,,Auckland Region,Nil,Off road,Sealed,,0,0,,30,,None,0,0,,76,Auckland,Nil,,,,,0,0,Urban,0,,,Fine,Null
1781246,5586208,1834,,558300,0,0,0,1,0,North,2005/2006,SH 4,KAIWHAIKI ROAD,,Non-Injury Crash,Yes,2005,0,South,0,0,0,Flat,0,,0,,0,Dark,1685100,0,0,0,2,0,0,0,0,0,,0,0,Manawatu-Wanganui Region,Nil,2-way,Sealed,0,0,0,0,100,0,None,0,0,,37,Whanganui District,Nil,0,0,0,1,0,0,Open,0,0,0,Fine,Null
1858390,5788611,1835,65,535232,0,0,0,0,0,East,2001/2002,SH 5,WAIOHOTU ROAD,,Non-Injury Crash,Yes,2001,0,East,0,0,0,Hill Road,0,,0,,0,Twilight,1127702,0,0,0,2,0,0,0,1,0,,0,0,Waikato Region,Nil,2-way,Sealed,0,0,0,0,100,0,None,0,0,,19,South Waikato District,Nil,0,0,0,0,0,0,Open,1,0,0,Null,Frost
1755375,5932228,1836,,508805,0,,0,2,,Null,2013/2014,EAST COAST ROAD,MAXWELTON DRIVE,,Non-Injury Crash,No,2014,,South,,0,,Flat,,,,,,Overcast,151103,0,0,0,4,,,0,,,,,,Auckland Region,Nil,2-way,Sealed,,0,0,,50,,Off,0,0,,76,Auckland,Give way,,,,,0,0,Urban,0,,,Fine,Null
1773277,5472906,1837,,563706,0,0,0,2,0,Null,2008/2009,KOHEKOHE ROAD,HOROPITO ROAD,,Non-Injury Crash,No,2009,0,East,0,0,1,Flat,0,,0,,0,Bright sun,1875400,0,0,0,2,0,0,0,0,0,,0,0,Wellington Region,Nil,2-way,Sealed,0,0,0,0,50,0,Null,0,0,,43,Kapiti Coast District,Give way,0,0,0,0,0,0,Urban,0,0,0,Fine,Null
1566805,5181348,1838,,589400,0,0,0,1,0,West,2000/2001,HAMILTON AVENUE,CLYDE ROAD,,Non-Injury Crash,No,2000,0,East,0,0,1,Flat,0,Christmas New Year,0,,1,Dark,2543700,0,0,0,2,0,0,0,0,0,,0,0,Canterbury Region,Nil,2-way,Sealed,0,0,0,0,50,0,On,0,0,,60,Christchurch City,Unknown,0,0,0,0,0,0,Urban,0,0,0,Fine,Null
1935318,5622010,1839,,546200,0,0,0,0,0,South,2007/2008,BATTERY ROAD,LEVER ST,,Non-Injury Crash,No,2007,0,North,0,0,0,Flat,0,Labour Weekend,0,,0,Bright sun,1419100,0,0,0,2,0,0,0,0,1,,0,0,Hawke's Bay Region,Nil,2-way,Sealed,0,0,0,0,50,0,Null,0,0,,31,Napier City,Nil,0,0,0,0,0,0,Urban,2,0,0,Fine,Null
1836134,5827317,1840,,534604,0,,0,1,,Null,2006/2007,SH 27,KEREONE ROAD,,Non-Injury Crash,Yes,2006,,South,,0,,Flat,,,,,,Bright sun,1108600,0,0,0,3,,,0,,,,,,Waikato Region,Nil,2-way,Sealed,,0,0,,100,,Null,0,0,,15,Matamata-Piako District,Stop,,,,,1,0,Open,0,,,Fine,Null
1759314,5908353,1841,,524122,0,0,0,1,0,Null,2003/2004,MCKENZIE ROAD,BADER DRIVE,,Non-Injury Crash,No,2003,0,West,0,0,1,Flat,0,,0,,0,Twilight,737700,0,0,0,2,0,0,0,0,0,,0,0,Auckland Region,Nil,2-way,Sealed,0,0,0,0,50,0,Off,0,0,,76,Auckland,Stop,1,0,0,0,0,0,Urban,0,0,0,Light rain,Null
1759912,5434820,1842,,569001,0,,0,2,,East,2005/2006,WHITES LINE EAST,LUDLAM CRESCENT,,Non-Injury Crash,No,2006,,East,,0,,Flat,,,,,,Bright sun,1964400,0,0,0,2,,,0,,,,,,Wellington Region,Nil,2-way,Sealed,,0,0,,50,,Null,0,0,,46,Lower Hutt City,Nil,,,,,0,0,Urban,0,,,Fine,Null
1775417,5577192,1843,,557100,0,,0,2,,North,2001/2002,TAUPO QUAY,WILSON ST,,Non-Injury Crash,No,2002,,South,,0,,Flat,,,,,,Bright sun,1698900,0,0,0,2,,,0,,,,,,Manawatu-Wanganui Region,Nil,2-way,Sealed,,0,0,,50,,Null,0,0,,37,Whanganui District,Nil,,,,,0,0,Urban,0,,,Fine,Null
1258278,5004372,1844,,609302,0,,0,1,,East,2012/2013,BALLARAT ST,CAMP ST,,Non-Injury Crash,No,2013,,West,,0,,Flat,,,,,,Bright sun,3033800,0,0,0,2,,,0,,,,,,Otago Region,Nil,2-way,Sealed,,0,0,,50,,Null,1,0,,70,Queenstown-Lakes District,Unknown,,,,,0,0,Urban,0,,,Fine,Null
1387426,4911919,1845,,602500,0,1,0,0,0,North,2009/2010,SH 86,DOUGLAS ST,,Non-Injury Crash,Yes,2010,0,South,0,0,0,Flat,0,,0,,0,Dark,2974900,0,0,0,2,0,0,0,0,0,,0,0,Otago Region,Bridge,2-way,Sealed,0,0,0,0,100,0,None,0,0,,71,Dunedin City,Unknown,0,0,0,0,0,0,Open,1,0,0,Fine,Null
1750253,5928719,1846,,509100,0,0,0,1,0,South,2016/2017,SH 18,GREENHITHE OBR,,Non-Injury Crash,Yes,2017,0,North,0,0,0,Hill Road,1,,0,,0,Dark,181304,0,0,0,2,0,0,0,0,0,,0,0,Auckland Region,Nil,2-way,Sealed,0,0,0,0,100,0,On,0,0,,76,Auckland,Unknown,0,0,0,0,0,0,Open,0,0,0,Heavy rain,Null
1761268,5914544,1847,,520202,0,0,0,1,0,Null,2001/2002,SH 1N,PENROSE OFF SBD,,Non-Injury Crash,Yes,2002,0,South,0,0,0,Flat,1,,0,,0,Overcast,612100,0,0,0,6,0,0,0,0,0,,0,0,Auckland Region,Nil,2-way,Sealed,0,0,0,0,100,0,Off,0,0,,76,Auckland,Nil,0,1,0,0,0,0,Open,0,0,0,Fine,Null
1685463,6096929,1848,,501615,0,,0,1,,South,2015/2016,SH 10,COTTLE HILL DRIVE,,Non-Injury Crash,Yes,2016,,South,,0,,Flat,,,,,,Dark,49802,0,0,0,2,,,0,,,,,,Northland Region,Nil,2-way,Sealed,,0,0,,100,,None,1,0,,1,Far North District,Nil,,,,,0,0,Open,0,,,Light rain,Null
1762730,5917265,1849,,516302,0,,0,3,,East,2001/2002,ST JOHNS ROAD,MEADOWBANK ROAD,,Non-Injury Crash,No,2002,,West,,0,,Flat,,,,,,Overcast,462900,0,0,0,3,,,0,,,,,,Auckland Region,Nil,2-way,Sealed,,0,0,,50,,Off,0,0,,76,Auckland,Traffic Signals,,,,,0,0,Urban,0,,,Fine,Null
1323762,5033570,1850,,608302,0,0,0,1,1,North,2009/2010,SH 8,CLUDEN HILL ROAD,,Non-Injury Crash,Yes,2009,0,South,0,0,0,Flat,0,Christmas New Year,0,,0,Bright sun,3028800,0,0,0,2,0,0,0,0,0,,0,0,Otago Region,Nil,2-way,Sealed,0,0,0,0,100,0,Null,0,0,,69,Central Otago District,Unknown,0,0,0,0,0,0,Open,0,0,0,Fine,Null
1756010,5917315,1851,,518201,0,0,0,2,0,West,2006/2007,BELLWOOD AVENUE,DOMINION ROAD,,Non-Injury Crash,No,2007,0,South,0,0,0,Flat,0,,0,,0,Overcast,548500,0,0,0,0,0,0,0,0,1,,0,0,Auckland Region,Nil,Off road,Sealed,0,0,0,0,50,0,Off,0,0,,76,Auckland,Traffic Signals,0,0,0,0,0,0,Urban,0,0,0,Fine,Null
1879082,5821384,1852,,538102,0,,0,1,,South,2016/2017,TURRET ROAD,FIFTEENTH AVENUE,,Non-Injury Crash,No,2017,,North,,0,,Flat,,,,,,Overcast,1168501,0,0,0,2,,,0,,,,,,Bay of Plenty Region,Nil,2-way,Sealed,,0,0,,50,,Null,0,0,,23,Tauranga City,Unknown,,,,,2,0,Urban,0,,,Fine,Null
1679824,5403873,1853,,581230,0,,0,2,,Null,2017/2018,MARKET ST,CHARLES  ST,,Non-Injury Crash,No,2017,,North,,0,,Flat,,Christmas New Year,,,,Bright sun,2298900,0,0,0,1,,,0,,,,,,Marlborough Region,Nil,1-way,Sealed,,0,0,,30,,Null,0,0,,53,Marlborough District,Nil,,,,,0,0,Urban,0,,,Fine,Null
1753454,5924684,1854,,510401,0,,0,1,,Null,2004/2005,MOKOIA ROAD,HIGHBURY BYPASS,,Minor Crash,No,2005,,East,,0,,Flat,,,,,,Overcast,355000,1,0,0,4,,,0,,,1,,,Auckland Region,Nil,2-way,Sealed,,0,0,,50,,Off,0,0,,76,Auckland,Traffic Signals,,,,,0,0,Urban,0,,,Light rain,Null
1275829.142,5052819.667,1855,,609029,0,,0,1,,North,2018/2019,WANAKA-MOUNT ASPIRING ROAD,TREBLE CONE SKIFIELD ROAD,,Non-Injury Crash,No,2018,,North,,0,,Flat,,,,,,Dark,3038800,0,0,0,1,,,0,,,,,,Otago Region,Nil,2-way,Unsealed,,0,0,,100,,None,0,0,,70,Queenstown-Lakes District,Unknown,,,,,0,0,Open,0,,,Fine,Frost
1882818,5776513,1856,,539000,0,0,0,0,0,North,2009/2010,SH 5,COCHRANE ST,,Non-Injury Crash,Yes,2009,0,South,0,0,0,Flat,0,Christmas New Year,0,,0,Dark,1220300,0,0,0,4,0,0,0,0,0,,0,1,Bay of Plenty Region,Nil,2-way,Sealed,0,0,0,0,60,0,On,0,0,,24,Rotorua District,Unknown,0,0,0,0,1,0,Urban,0,0,0,Fine,Null
1937080,5621559,1857,,546802,0,,0,2,,South,2007/2008,MARINE PARADE,TENNYSON ST,,Non-Injury Crash,No,2008,,South,,0,,Flat,,,,,,Bright sun,1423900,0,0,0,2,,,0,,,,,,Hawke's Bay Region,Nil,2-way,Sealed,,0,0,,50,,Null,0,0,,31,Napier City,Nil,,,,,0,0,Urban,0,,,Fine,Null
1764279,5909685,1858,,521901,0,,0,1,,South,2013/2014,ATKINSON AVENUE,CRITERION ST,,Non-Injury Crash,No,2013,,North,,0,,Flat,,,,,,Overcast,784100,0,0,0,4,,,0,,,,,,Auckland Region,Nil,2-way,Sealed,,0,0,,50,,Off,0,0,,76,Auckland,Nil,,,,,0,0,Urban,1,,,Fine,Null
1744818,5917912,1859,,510700,0,,0,2,,South,2007/2008,SWANSON ROAD,STURGES ROAD,,Non-Injury Crash,No,2007,,North,,0,,Flat,,,,,,Dark,239103,0,0,0,4,,,0,,,,,,Auckland Region,Nil,2-way,Sealed,,0,0,,50,,On,0,0,,76,Auckland,Nil,,,,,0,0,Urban,0,,,Light rain,Null
1760317,5922420,1860,,509400,1,,0,1,,North,2017/2018,VICTORIA ROAD,CLARENCE ST,,Minor Crash,No,2018,,South,,0,,Flat,,,,,,Bright sun,329600,1,0,0,2,,,0,,,,,,Auckland Region,Nil,2-way,Sealed,,0,0,,50,,Null,0,0,,76,Auckland,Unknown,,,,,0,0,Urban,0,,,Fine,Null
1843169,5530517,1861,,550500,0,0,0,1,0,Null,2009/2010,HALL ST,FERGUSSON ST,,Non-Injury Crash,No,2009,0,South,0,0,0,Flat,0,,0,,0,Dark,1541300,0,0,0,2,0,0,0,0,0,,0,1,Manawatu-Wanganui Region,Nil,2-way,Sealed,0,0,0,0,50,0,On,0,0,,41,Tararua District,Nil,0,0,0,0,0,0,Urban,0,0,0,Fine,Null
1596690,5159362,1862,,596902,0,0,0,1,0,East,2003/2004,SUMMIT ROAD,LITTLE AKALOA ROAD,,Non-Injury Crash,No,2004,0,South,0,0,1,Hill Road,0,Christmas New Year,0,,0,Bright sun,2714700,0,0,0,1,0,0,0,0,0,,0,1,Canterbury Region,Nil,2-way,Sealed,0,0,0,0,100,0,Null,0,0,,60,Christchurch City,Unknown,0,1,0,0,0,0,Open,0,0,0,Fine,Null