X,Y,OBJECTID,advisorySpeed,areaUnitID,bicycle,bridge,bus,carStationWagon,cliffBank,crashDirectionDescription,crashFinancialYear,crashLocation1,crashLocation2,crashRoadSideRoad,crashSeverity,crashSHDescription,crashYear,debris,directionRoleDescription,ditch,fatalCount,fence,flatHill,guardRail,holiday,houseOrBuilding,intersection,kerb,light,meshblockId,minorInjuryCount,moped,motorcycle,NumberOfLanes,objectThrownOrDropped,otherObject,otherVehicleType,overBank,parkedVehicle,pedestrian,phoneBoxEtc,postOrPole,region,roadCharacter,roadLane,roadSurface,roadworks,schoolBus,seriousInjuryCount,slipOrFlood,speedLimit,strayAnimal,streetLight,suv,taxi,temporarySpeedLimit,tlaId,tlaName,trafficControl,trafficIsland,trafficSign,train,tree,truck,unknownVehicleType,urban,vanOrUtility,vehicle,waterRiver,weatherA,weatherB
1763620,5908830,1863,,521901,0,,0,1,,West,2010/2011,MANGERE ROAD,WALMSLEY ROAD,,Serious Crash,No,2011,,South,,0,,Flat,,,,,,Dark,783600,0,0,0,4,,,0,,,1,,,Auckland Region,Nil,2-way,Sealed,,0,1,,50,,On,0,0,,76,Auckland,Nil,,,,,0,0,Urban,0,,,Heavy rain,Null
1570649,5176265,1864,,591101,0,,0,2,,North,2004/2005,COLOMBO ST,WHERSTEAD ROAD,,Non-Injury Crash,No,2005,,South,,0,,Flat,,,,,,Overcast,2549400,0,0,0,2,,,0,,,,,,Canterbury Region,Nil,2-way,Sealed,,0,0,,50,,Null,0,0,,60,Christchurch City,Nil,,,,,0,0,Urban,0,,,Light rain,Null
1570888,5179429,1865,,591500,1,,0,0,,South,2005/2006,MANCHESTER ST,SOUTHWARK ST,,Minor Crash,No,2005,,North,,0,,Flat,,,,,,Bright sun,2649500,1,0,0,2,,,0,,,,,,Canterbury Region,Nil,2-way,Sealed,,0,0,,50,,Null,0,0,,60,Christchurch City,Nil,,,,,0,0,Urban,1,,,Fine,Null
1395703,4913030,1866,,602422,0,0,0,0,0,East,2017/2018,SADDLE HILL ROAD,MCMASTER ROAD,,Minor Crash,No,2017,0,East,0,0,1,Hill Road,0,,0,,0,Overcast,2976600,1,0,0,2,0,0,0,0,0,,0,0,Otago Region,Nil,2-way,Sealed,0,0,0,0,80,0,Null,0,0,,71,Dunedin City,Unknown,0,0,0,0,0,0,Open,1,0,0,Fine,Null
1822670,5530415,1867,,562402,0,0,0,2,0,Null,2001/2002,GREY ST,ALBERT ST,,Non-Injury Crash,No,2002,0,West,0,0,0,Flat,0,,0,,0,Overcast,1835800,0,0,0,2,0,0,0,0,0,,0,0,Manawatu-Wanganui Region,Nil,2-way,Sealed,0,0,0,0,50,0,Null,0,0,,40,Palmerston North City,Stop,0,1,0,0,0,0,Urban,0,0,0,Light rain,Null
1920819,5737701,1868,,542550,0,0,0,1,1,West,2008/2009,SH 38,KOPURIKI ROAD,,Non-Injury Crash,Yes,2009,0,East,0,0,0,Hill Road,0,,0,,0,Dark,1330101,0,0,0,3,0,0,0,0,0,,0,0,Bay of Plenty Region,Nil,2-way,Sealed,0,0,0,0,100,0,None,0,0,,25,Whakatane District,Unknown,0,0,0,0,0,0,Open,0,0,0,Light rain,Null
1760429,5924162,1869,,509300,0,0,0,1,0,East,2004/2005,SEABREEZE ROAD,LAKE ROAD,,Fatal Crash,No,2005,0,East,0,1,0,Flat,0,,0,,0,Overcast,338903,0,0,1,2,0,0,0,0,1,,0,0,Auckland Region,Nil,2-way,Sealed,0,0,0,0,50,0,Off,0,0,,76,Auckland,Nil,0,0,0,0,0,0,Urban,0,0,0,Fine,Null
1741877,5919100,1870,,513101,0,,0,1,,Null,2002/2003,SWANSON ROAD,BIRDWOOD ROAD,,Non-Injury Crash,No,2003,,East,,0,,Hill Road,,,,,,Twilight,238002,0,0,0,2,,,0,,,,,,Auckland Region,Nil,2-way,Sealed,,0,0,,50,,Off,0,0,,76,Auckland,Nil,,,,,0,0,Urban,1,,,Fine,Null
1550785,5171892,1871,,597513,0,0,0,2,0,South,2001/2002,SPRINGSTON ROLLESTON ROAD,LOWES ROAD,,Minor Crash,No,2001,0,North,0,0,0,Flat,0,,0,,0,Overcast,2719404,1,0,0,2,0,0,0,0,1,,0,0,Canterbury Region,Nil,2-way,Sealed,0,0,0,0,100,0,Null,0,0,,62,Selwyn District,Nil,0,0,0,0,0,0,Open,1,0,0,Light rain,Null
1755058,5916903,1872,,517701,0,0,0,2,0,East,2002/2003,PARRISH ROAD,SANDRINGHAM ROAD,,Non-Injury Crash,No,2002,0,West,0,0,0,Flat,0,,0,,0,Dark,537100,0,0,0,2,0,0,0,0,1,,0,0,Auckland Region,Nil,2-way,Sealed,0,0,0,0,50,0,On,0,0,,76,Auckland,Nil,0,0,0,0,0,0,Urban,0,0,0,Fine,Null
1757059,5926112,1873,,509702,0,0,0,1,0,North,2002/2003,SH 1N,ESMONDE OBR,,Non-Injury Crash,Yes,2002,0,North,0,0,0,Flat,1,,0,,0,Bright sun,364602,0,0,0,6,0,0,0,0,0,,0,0,Auckland Region,Nil,2-way,Sealed,0,0,0,0,100,0,Off,0,0,,76,Auckland,Nil,0,0,0,0,0,0,Open,0,0,0,Null,Null
1879365,5780252,1874,,538863,0,0,0,1,1,West,2006/2007,DANSEY ROAD,SH 5,,Non-Injury Crash,No,2007,0,East,0,0,1,Hill Road,0,,0,,0,Dark,1265308,0,0,0,2,0,0,0,0,0,,0,0,Bay of Plenty Region,Nil,2-way,Sealed,0,0,0,0,100,0,None,0,0,,24,Rotorua District,Nil,0,0,0,0,0,0,Open,0,0,0,Heavy rain,Null
1935900,5621064,1875,,546901,0,,0,2,,West,2003/2004,THACKERAY ST,FARADAY ST,,Non-Injury Crash,No,2003,,East,,0,,Flat,,,,,,Bright sun,1428900,0,0,0,2,,,0,,,,,,Hawke's Bay Region,Nil,2-way,Sealed,,0,0,,50,,Null,0,0,,31,Napier City,Give way,,,,,0,0,Urban,0,,,Fine,Null
1768482,5909112,1876,,523113,0,,0,0,,South,2003/2004,SPRINGS ROAD,LADY RUBY DRIVE,,Non-Injury Crash,No,2003,,South,,0,,Flat,,,,,,Bright sun,711801,0,0,0,4,,,0,,,,,,Auckland Region,Nil,2-way,Sealed,,0,0,,70,,Off,0,0,,76,Auckland,Traffic Signals,,,,,1,0,Urban,1,,,Fine,Null
1718702,6053411,1877,,502001,0,0,0,1,1,North,2013/2014,VINEGAR HILL ROAD,LAURIES DRIVE,,Non-Injury Crash,No,2014,0,South,1,0,0,Flat,0,,0,,0,Bright sun,63900,0,0,0,2,0,0,0,0,0,,0,0,Northland Region,Nil,2-way,Sealed,0,0,0,0,100,0,Null,0,0,,2,Whangarei District,Unknown,0,0,0,0,0,0,Open,0,0,0,Fine,Null
1755354,5914941,1878,,518500,0,0,0,2,0,Null,2011/2012,DOMINION ROAD,PRINCES AVENUE,,Non-Injury Crash,No,2011,0,North,0,0,0,Flat,0,,0,,0,Dark,560100,0,0,0,4,0,0,0,0,0,,0,0,Auckland Region,Nil,2-way,Sealed,0,0,0,0,50,0,On,0,0,,76,Auckland,Nil,1,0,0,0,0,0,Urban,0,1,0,Fine,Null
1822961,5529947,1879,,562402,0,,0,2,,East,2000/2001,CHURCH ST,ALBERT ST,,Non-Injury Crash,No,2001,,East,,0,,Flat,,,,,,Dark,1835300,0,0,0,2,,,0,,,,,,Manawatu-Wanganui Region,Nil,2-way,Sealed,,0,0,,50,,On,0,0,,40,Palmerston North City,Nil,,,,,0,0,Urban,0,,,Fine,Null
1362701,5185582,1880,35,585323,0,0,0,1,0,West,2016/2017,SH 6,WAIKUKUPA RIV BR,,Non-Injury Crash,Yes,2017,0,South,0,0,0,Hill Road,0,,0,,1,Overcast,2416901,0,0,0,2,0,0,0,0,0,,0,0,West Coast Region,Nil,2-way,Sealed,0,0,0,0,100,0,None,0,0,,57,Westland District,Unknown,0,0,0,0,0,0,Open,0,0,0,Light rain,Null
1405616,4916115,1881,,602900,0,,0,2,,Null,2001/2002,STAFFORD ST,MELVILLE ST,,Serious Crash,No,2001,,West,,0,,Hill Road,,,,,,Overcast,2896800,1,0,0,2,,,0,,,,,,Otago Region,Nil,2-way,Sealed,,0,1,,50,,Null,0,0,,71,Dunedin City,Give way,,,,,0,0,Urban,0,,,Heavy rain,Null
1934362,5620926,1882,,546400,0,0,0,1,0,East,2004/2005,PREBENSEN DRIVE,SEVERN ST,,Non-Injury Crash,No,2005,0,East,0,0,0,Flat,0,,0,,0,Dark,1426500,0,0,0,2,0,0,0,0,0,,0,0,Hawke's Bay Region,Nil,2-way,Sealed,0,0,0,0,70,0,On,0,0,,31,Napier City,Nil,0,0,0,1,0,0,Urban,0,0,0,Fine,Null
1838878,5748313,1883,55,541320,0,0,0,1,0,East,2008/2009,SH 30,SCOTT ROAD,,Non-Injury Crash,Yes,2009,0,East,0,0,1,Flat,0,,0,,0,Dark,1292100,0,0,0,2,0,0,0,0,0,,0,0,Waikato Region,Nil,2-way,Sealed,0,0,0,0,100,0,None,0,0,,21,Taupo District,Nil,0,0,0,0,0,0,Open,0,0,0,Mist or Fog,Null
1764641,5440525,1884,,568201,0,0,0,2,0,South,1999/2000,TAITA DRIVE,HIGH ST,,Serious Crash,No,2000,0,North,0,0,0,Flat,0,,0,,0,Bright sun,1939800,1,0,0,2,0,0,0,0,0,,0,0,Wellington Region,Nil,2-way,Sealed,0,0,1,0,50,0,Null,0,0,,46,Lower Hutt City,Nil,0,0,0,0,0,0,Urban,0,1,0,Fine,Null
1767407.797,5471849.721,1885,,565903,0,0,0,1,0,Null,2019/2020,GOLF ROAD,NATHAN AVENUE,,Non-Injury Crash,No,2019,0,North,0,0,1,Flat,0,,0,,0,Overcast,2002100,0,0,0,2,0,0,0,0,0,,0,1,Wellington Region,Nil,2-way,Sealed,0,0,0,0,50,0,Off,0,0,,43,Kapiti Coast District,Nil,0,0,0,0,0,0,Urban,0,0,0,Fine,Null
1766160,5916256,1886,,517100,0,,0,2,,Null,2007/2008,ERIMA AVENUE,ANDERSON AVENUE,,Minor Crash,No,2007,,East,,0,,Flat,,,,,,Bright sun,479200,1,0,0,2,,,0,,,,,,Auckland Region,Nil,2-way,Sealed,,0,0,,50,,Off,0,0,,76,Auckland,Stop,,,,,0,0,Urban,0,,,Fine,Null
1873875,5819059,1887,,536514,0,,0,1,,Null,2016/2017,SH 29,TAKITIMU DRIVE,,Non-Injury Crash,Yes,2017,,North,,0,,Flat,,,,,,Bright sun,1190903,0,0,1,2,,,0,,,,,,Bay of Plenty Region,Nil,1-way,Sealed,,0,0,,100,,Null,0,0,,23,Tauranga City,Give way,,,,,0,0,Open,0,,,Fine,Null
1801789,5811569,1888,,529300,0,0,0,1,0,West,2016/2017,TE ANAU PLACE,MANAPOURI PLACE,,Non-Injury Crash,No,2017,0,West,0,0,0,Flat,0,,0,,0,Bright sun,924800,0,0,0,2,0,0,0,0,1,,0,0,Waikato Region,Nil,2-way,Sealed,0,0,0,0,50,0,Null,0,0,,16,Hamilton City,Unknown,0,0,0,0,1,0,Urban,0,0,0,Null,Null
1760270,5436820,1889,,568402,0,,0,2,,North,2012/2013,CONNOLLY ST,MELLING ROAD,,Non-Injury Crash,No,2013,,North,,0,,Flat,,,,,,Overcast,1941000,0,0,0,2,,,0,,,,,,Wellington Region,Nil,2-way,Sealed,,0,0,,50,,Null,0,0,,46,Lower Hutt City,Give way,,,,,0,0,Urban,0,,,Fine,Null
1765105,5909966,1890,,521802,0,,0,2,,South,2000/2001,SH 1N,PRINCES OBR,,Non-Injury Crash,Yes,2000,,North,,0,,Flat,,,,,,Overcast,788201,0,0,0,3,,,0,,,,,,Auckland Region,Nil,1-way,Sealed,,0,0,,100,,Off,0,0,,76,Auckland,Nil,,,,,0,0,Open,0,,,Heavy rain,Null
1571575,5180285,1891,,591700,0,,0,3,,West,2003/2004,GLOUCESTER ST,FITZGERALD AVENUE,,Minor Crash,No,2004,,East,,0,,Flat,,,,,,Dark,2657500,1,0,0,2,,,0,,,,,,Canterbury Region,Nil,2-way,Sealed,,0,0,,50,,On,0,0,,60,Christchurch City,Unknown,,,,,0,0,Urban,0,,,Fine,Null
1868120,5712206,1892,,541740,0,,0,3,,North,2007/2008,LAKE TERRACE,MERE ROAD,,Minor Crash,No,2007,,South,,0,,Flat,,,,,,Overcast,1268501,3,0,0,2,,,0,,,,,,Waikato Region,Nil,2-way,Sealed,,0,0,,50,,Null,0,0,,21,Taupo District,Unknown,,,,,0,0,Urban,0,,,Fine,Null
1743668,5919381,1893,,513212,0,,0,2,,Null,2013/2014,SWANSON ROAD,DON BUCK ROAD,,Non-Injury Crash,No,2014,,North,,0,,Flat,,,,,,Bright sun,235711,0,0,0,2,,,0,,,,,,Auckland Region,Nil,2-way,Sealed,,0,0,,50,,Off,0,0,,76,Auckland,Give way,,,,,0,0,Urban,0,,,Fine,Null
1771361.77,5895641.248,1894,,525540,0,0,0,1,0,South,2019/2020,01N-0448/05.06-I,PAPAKURA OFF RAMP,,Minor Crash,Yes,2019,0,South,0,0,0,Flat,0,,0,,0,Dark,806208,1,0,0,3,0,0,0,0,0,,0,1,Auckland Region,Motorway ramp,1-way,Sealed,0,0,0,0,100,0,On,0,0,80,76,Auckland,Unknown,0,0,0,0,0,0,Open,0,0,0,Fine,Null
1804326,5813734,1895,,530800,0,,0,0,,South,2002/2003,SH 1N,SH 26,,Minor Crash,Yes,2002,,South,,0,,Flat,,,,,,Dark,883500,1,0,0,4,,,0,,,,,,Waikato Region,Nil,2-way,Sealed,,0,0,,60,,On,0,0,,16,Hamilton City,Nil,,,,,0,0,Urban,2,,,Fine,Null
1933683,5721671,1896,,542550,0,0,0,1,1,East,2002/2003,RUATAHUNA ROAD,MINGINUI ROAD,,Minor Crash,No,2002,0,South,0,0,0,Hill Road,0,Labour Weekend,0,,0,Overcast,1332901,1,0,0,2,0,0,0,0,0,,0,0,Bay of Plenty Region,Nil,2-way,Sealed,0,0,0,0,100,0,None,0,0,,25,Whakatane District,Nil,0,0,0,0,0,0,Open,0,0,0,Heavy rain,Null
1802498,5814993,1897,,530200,0,,0,2,,Null,2005/2006,CLYDE ST,GALLOWAY ST,,Non-Injury Crash,No,2005,,North,,0,,Flat,,,,,,Dark,893300,0,0,0,2,,,0,,,,,,Waikato Region,Nil,2-way,Sealed,,0,0,,50,,On,0,0,,16,Hamilton City,Traffic Signals,,,,,0,0,Urban,0,,,Light rain,Null
1575157,5178062,1898,,594020,0,,0,1,,Null,2008/2009,SH 74,SH 74A,,Non-Injury Crash,Yes,2009,,North,,0,,Flat,,,,,,Bright sun,2589404,0,0,0,2,,,0,,,,,,Canterbury Region,Nil,2-way,Sealed,,0,0,,70,,Null,0,0,,60,Christchurch City,Give way,,,,,0,0,Urban,1,,,Fine,Null
1757781,5920443,1899,,514103,0,,0,1,,South,2003/2004,PRINCES ST,BOWEN AVENUE,,Non-Injury Crash,No,2003,,North,,0,,Flat,,,,,,Twilight,437300,0,0,0,3,,,0,,,,,,Auckland Region,Nil,2-way,Sealed,,0,0,,50,,Off,0,0,,76,Auckland,Unknown,,,,,0,0,Urban,1,,,Fine,Null
1748444,5427073,1900,,573101,0,,0,1,,Null,2000/2001,SH 1N VIVIAN,VICTORIA ST N,,Non-Injury Crash,Yes,2000,,West,,0,,Flat,,,,,,Bright sun,2131600,0,0,0,3,,,0,,,,,,Wellington Region,Nil,1-way,Sealed,,0,0,,50,,Null,0,0,,47,Wellington City,Traffic Signals,,,,,0,0,Urban,1,,,Fine,Null
1755592,5915789,1901,,518301,0,,0,2,,South,2000/2001,DOMINION ROAD,KENSINGTON AVENUE,,Non-Injury Crash,No,2001,,North,,0,,Flat,,,,,,Bright sun,554000,0,0,0,2,,,0,,,,,,Auckland Region,Nil,2-way,Sealed,,0,0,,50,,Off,0,0,,76,Auckland,Nil,,,,,0,0,Urban,0,,,Fine,Null
1769088,5911518,1902,,523113,0,,0,1,,East,2011/2012,TI RAKAU DRIVE,HARRIS ROAD,,Non-Injury Crash,No,2012,,West,,0,,Flat,,,,,,Overcast,711703,0,0,0,6,,,0,,,,,,Auckland Region,Nil,2-way,Sealed,,0,0,,50,,Off,1,0,,76,Auckland,Nil,,,,,0,0,Urban,0,,,Fine,Null
1659835,6122128,1903,,500402,0,,0,1,,North,2013/2014,SH 10,TARATARA ROAD,,Non-Injury Crash,Yes,2013,,East,,0,,Flat,,Labour Weekend,,,,Bright sun,17302,0,0,0,2,,,0,,,,,,Northland Region,Nil,2-way,Sealed,,0,0,,100,,None,0,0,,1,Far North District,Nil,,,,,0,0,Open,0,,,Fine,Null
1847134.416,5767253.542,1904,,535261,0,0,0,1,0,East,2018/2019,OLD TAUPO NORTH,MATANUKU ROAD,,Non-Injury Crash,No,2019,0,North,0,0,1,Hill Road,0,,0,,0,Overcast,1133302,0,0,0,2,0,0,0,1,0,,0,0,Waikato Region,Nil,2-way,Sealed,0,0,0,0,100,0,None,0,0,,19,South Waikato District,Unknown,0,0,0,0,0,0,Open,0,0,0,Fine,Null
1834262.05,5615148.211,1905,,559210,0,0,0,1,1,West,2018/2019,01N-0828,POHE ROAD,,Non-Injury Crash,Yes,2018,0,East,0,0,0,Flat,0,,0,,0,Dark,1755702,0,0,0,2,0,0,0,0,0,,0,0,Manawatu-Wanganui Region,Nil,2-way,Unsealed,0,0,0,0,100,0,None,0,0,30,38,Rangitikei District,Unknown,0,0,0,0,0,0,Open,0,0,0,Fine,Null
2039386,5707955,1906,,544702,0,,0,0,,North,2003/2004,DE LAUTOUR ROAD,OWEN ROAD,,Serious Crash,No,2004,,North,,0,,Flat,,,,,,Bright sun,1383502,0,0,0,2,,,0,,,1,,,Gisborne Region,Nil,2-way,Sealed,,0,1,,50,,Null,0,0,,28,Gisborne District,Nil,,,,,1,0,Urban,0,,,Fine,Null
1748876,5425397,1907,,576500,0,,0,3,,North,2011/2012,RIDDIFORD ST,MEIN ST,,Non-Injury Crash,No,2012,,North,,0,,Flat,,,,,,Dark,2149200,0,0,0,4,,,0,,,,,,Wellington Region,Nil,2-way,Sealed,,0,0,,50,,On,0,0,,47,Wellington City,Nil,,,,,0,0,Urban,0,,,Fine,Null
1796320.065,5496691.458,1908,45,564012,0,0,0,1,0,South,2019/2020,GLADSTONE ROAD,TARARUA ROAD,,Non-Injury Crash,No,2019,0,North,0,0,0,Flat,0,,0,,0,Bright sun,1858902,0,0,0,1,0,0,0,0,0,,0,1,Manawatu-Wanganui Region,Nil,2-way,Unsealed,0,0,0,0,80,0,None,0,0,,42,Horowhenua District,Unknown,0,0,0,0,0,0,Open,0,0,0,Fine,Null
1757440.318,5920627.977,1909,,514102,0,,0,2,,North,2018/2019,QUEEN ST (CITY),WYNDHAM STREET,,Non-Injury Crash,No,2019,,North,,0,,Null,,,,,,Overcast,433501,0,0,0,2,,,0,,,,,,Auckland Region,Nil,2-way,Sealed,,0,0,,60,,Off,0,0,,76,Auckland,Unknown,,,,,0,0,Urban,0,,,Null,Null
1756221,5924268,1910,,509702,0,,0,2,,Null,2015/2016,SH 1N,ONEWA OFF NBD,,Non-Injury Crash,Yes,2015,,North,,0,,Flat,,,,,,Bright sun,366700,0,0,0,5,,,0,,,,,,Auckland Region,Nil,1-way,Sealed,,0,0,,100,,Null,0,0,,76,Auckland,Nil,,,,,0,0,Open,0,,,Fine,Null
1705927,5624376,1911,55,554114,0,,0,0,,West,2004/2005,NORMANBY ROAD,MAWHITIWHITI ROAD,,Minor Crash,No,2005,,East,,0,,Hill Road,,,,,,Bright sun,1654300,1,0,0,2,,,0,,,,,,Taranaki Region,Nil,2-way,Sealed,,0,0,,100,,Null,0,0,,35,South Taranaki District,Nil,,,,,1,0,Open,0,,,Fine,Null
1757094,5919629,1912,,514102,0,,0,1,,North,2007/2008,QUEEN ST,KARANGAHAPE ROAD,,Non-Injury Crash,No,2007,,South,,0,,Hill Road,,,,,,Dark,435900,0,0,0,4,,,0,,,,,,Auckland Region,Nil,2-way,Sealed,,0,0,,50,,On,0,0,,76,Auckland,Nil,,,,,0,0,Urban,1,,,Light rain,Null
1762265,5905943,1913,,524200,0,,0,2,,East,2003/2004,TIDAL ROAD,WAOKAURI PLACE,,Non-Injury Crash,No,2003,,East,,0,,Flat,,,,,,Bright sun,728900,0,0,0,2,,,0,,,,,,Auckland Region,Nil,2-way,Sealed,,0,0,,50,,Off,0,0,,76,Auckland,Nil,,,,,0,0,Urban,0,,,Fine,Null
1704659,5680646,1914,,551111,0,0,0,1,1,Null,2012/2013,SH 3 DEVON ROAD,RICHMOND ROAD,,Minor Crash,Yes,2013,0,West,0,0,0,Flat,0,,0,,0,Bright sun,1565200,2,0,0,2,0,0,0,0,0,,0,0,Taranaki Region,Nil,2-way,Sealed,0,0,0,0,100,0,Null,0,0,,33,New Plymouth District,Stop,1,0,0,0,0,0,Open,0,0,0,Fine,Null
1754990,5914401,1915,,518802,0,,0,1,,South,2016/2017,MAY ROAD,MOUNT ALBERT ROAD,,Non-Injury Crash,No,2016,,South,,0,,Flat,,,,,,Bright sun,577900,0,0,0,2,,,0,,,,,,Auckland Region,Nil,2-way,Sealed,,0,0,,50,,Off,1,0,,76,Auckland,Nil,,,,,0,0,Urban,0,,,Fine,Null
1776156,5887555,1916,,521132,0,0,0,1,0,East,2008/2009,ARARIMU ROAD,DAVIES ROAD,,Non-Injury Crash,No,2009,0,East,0,0,0,Flat,0,,0,,0,Bright sun,814402,0,0,0,2,0,0,0,0,0,,0,1,Auckland Region,Nil,2-way,Sealed,0,0,0,0,100,0,None,0,0,,76,Auckland,Nil,0,0,0,0,0,0,Open,0,0,0,Fine,Null
1759728.492,5437657.677,1917,,569401,0,0,0,1,0,Null,2019/2020,TIROHANGA ROAD,KEKENO GROVE,,Non-Injury Crash,No,2019,0,East,0,0,1,Hill Road,0,,0,,1,Overcast,1919505,0,0,0,2,0,0,0,0,0,,0,0,Wellington Region,Nil,2-way,Sealed,0,0,0,0,50,0,Off,0,0,,46,Lower Hutt City,Nil,0,0,0,0,0,0,Urban,0,0,0,Fine,Strong wind
1286542,4882884,1918,,610033,0,0,0,1,0,South,2006/2007,RIVER ROAD,DIAMOND PEAK ROAD,,Non-Injury Crash,No,2007,0,South,1,0,0,Flat,0,,0,,0,Overcast,3053800,0,0,0,1,0,0,0,0,0,,0,0,Southland Region,Nil,2-way,Unsealed,0,0,0,0,100,0,Null,0,0,,74,Gore District,Unknown,0,0,0,0,0,0,Open,0,0,0,Fine,Null
1878770,5823154,1919,,538201,0,0,0,2,0,North,2005/2006,Z CPK PAK N SAVE,TENTH AVENUE,,Non-Injury Crash,No,2006,0,East,0,0,0,Flat,0,,0,,0,Bright sun,1166600,0,0,0,0,0,0,0,0,0,,0,0,Bay of Plenty Region,Nil,Off road,Sealed,0,0,0,0,50,0,Off,0,0,,23,Tauranga City,Nil,0,0,0,0,0,0,Urban,0,1,0,Fine,Null
1753915,5924805,1920,,510401,0,,0,2,,Null,2002/2003,BIRKENHEAD AVENUE,ONEWA ROAD,,Non-Injury Crash,No,2002,,South,,0,,Flat,,,,,,Dark,350905,0,0,0,2,,,0,,,,,,Auckland Region,Nil,2-way,Sealed,,0,0,,50,,On,0,0,,76,Auckland,Traffic Signals,,,,,0,0,Urban,0,,,Fine,Null
1808747,5816610,1921,,527125,0,,0,2,,East,2017/2018,SH 26,SH 1B,,Non-Injury Crash,Yes,2018,,South,,0,,Flat,,,,,,Bright sun,955100,0,0,0,2,,,0,,,,,,Waikato Region,Nil,2-way,Sealed,,0,0,,100,,Null,0,0,,13,Waikato District,Unknown,,,,,0,0,Open,0,,,Fine,Null
1421820,5248059,1922,,585309,0,0,0,0,0,Null,2013/2014,SH 6,AYLMER ST,,Non-Injury Crash,Yes,2013,0,East,0,0,0,Flat,0,,0,,0,Overcast,2419700,0,0,0,2,0,1,0,0,0,,0,0,West Coast Region,Nil,2-way,Sealed,0,0,0,0,50,0,Null,0,0,,57,Westland District,Give way,0,0,0,0,0,0,Urban,1,0,0,Light rain,Null
1244267.151,4847501.752,1923,,611602,0,0,0,1,0,Null,2020/2021,POMONA STREET,TRAMWAY ROAD,,Non-Injury Crash,No,2020,0,North,0,0,1,Flat,0,,0,,0,Overcast,3148900,0,0,0,2,0,0,0,0,0,,0,0,Southland Region,Nil,2-way,Sealed,0,0,0,0,50,0,Off,0,0,,75,Invercargill City,Give way,0,0,0,0,0,0,Urban,0,0,0,Fine,Null
1761675.037,5913774.178,1924,,520202,0,,0,0,,Null,2019/2020,GREAT SOUTH ROAD,MCNAB STREET,,Minor Crash,No,2019,,South,,0,,Hill Road,,,,,,Dark,612300,1,0,1,4,,,0,,,,,,Auckland Region,Nil,2-way,Sealed,,0,0,,50,,Off,0,0,,76,Auckland,Stop,,,,,0,0,Urban,1,,,Fine,Null
1403217,4914308,1925,,604221,0,0,0,1,0,South,2013/2014,SH 1S,SOUTH ROAD,,Non-Injury Crash,Yes,2013,0,South,0,0,0,Hill Road,1,,0,,0,Dark,2910300,0,0,0,2,0,0,0,0,0,,0,0,Otago Region,Nil,1-way,Sealed,0,0,0,0,50,0,On,0,0,,71,Dunedin City,Nil,0,0,0,0,0,0,Urban,0,0,0,Fine,Null
1749474,5424989,1926,,576400,0,0,0,1,0,East,2007/2008,CONSTABLE ST,HIROPI ST,,Non-Injury Crash,No,2007,0,West,0,0,0,Flat,0,,0,,0,Overcast,2168000,0,0,0,2,0,0,0,0,1,,0,0,Wellington Region,Nil,2-way,Sealed,0,0,0,0,50,0,Null,1,0,,47,Wellington City,Nil,0,0,0,0,0,0,Urban,0,0,0,Fine,Null
1749625,5913889,1927,,511303,0,0,0,1,0,North,2013/2014,GREAT NORTH ROAD,TOTARA AVENUE,,Non-Injury Crash,No,2014,0,South,0,0,0,Flat,0,,0,,0,Dark,264901,0,0,1,3,0,0,0,0,1,,0,0,Auckland Region,Nil,2-way,Sealed,0,0,0,0,50,0,On,0,0,,76,Auckland,Nil,0,0,0,0,0,0,Urban,0,0,0,Fine,Null
1710282,5618927,1928,,554113,0,0,0,1,0,East,2009/2010,TURUTURU ROAD,HAOWHENUA PLACE,,Non-Injury Crash,No,2009,0,East,0,0,1,Flat,0,,0,,0,Dark,1652700,0,0,0,2,0,1,0,0,0,,0,0,Taranaki Region,Nil,2-way,Sealed,0,0,0,0,50,0,None,0,0,,35,South Taranaki District,Nil,0,0,0,0,0,0,Urban,0,0,0,Light rain,Null
1769124.064,5889413.522,1929,,521202,0,0,0,1,1,Null,2019/2020,KARAKA ROAD,BLACKBRIDGE ROAD,,Non-Injury Crash,Yes,2019,0,West,0,0,0,Flat,0,,0,,0,Dark,807100,0,0,0,2,0,0,0,0,0,,0,0,Auckland Region,Nil,2-way,Sealed,0,0,0,0,100,0,On,0,0,,76,Auckland,Give way,0,0,0,0,0,0,Open,0,0,0,Fine,Null
1751182,5931716,1930,,508807,0,,0,2,,Null,2010/2011,ALBANY HIGHWAY,APPLEBY ROAD,,Non-Injury Crash,No,2011,,North,,0,,Flat,,,,,,Bright sun,180301,0,0,0,2,,,0,,,,,,Auckland Region,Nil,2-way,Sealed,,0,0,,50,,Off,0,0,,76,Auckland,Give way,,,,,0,0,Urban,0,,,Fine,Null
1746887,5428152,1931,,575000,0,,0,2,,Null,2012/2013,CHAYTOR ST,RAROA CRESCENT,,Non-Injury Crash,No,2013,,East,,0,,Flat,,Queens Birthday,,,,Overcast,2111100,0,0,0,2,,,0,,,,,,Wellington Region,Nil,2-way,Sealed,,0,0,,50,,Null,0,0,,47,Wellington City,Give way,,,,,0,0,Urban,0,,,Fine,Null